model,variant,removed_family,feature_count,cost_bps,cohort,period_count,mean_net_return,annualized_net_return,annualized_volatility,annualized_sharpe,positive_fraction,mean_turnover,cumulative_net_log_return
lightgbm,full,,16,0,0,4341,4.62908565932e-05,0.405507903756,0.216265499537,1.87504666544,0.515779774246,0.334830684174,0.200948608471
lightgbm,full,,16,0,1,4341,2.51775660738e-05,0.220555478806,0.217649715318,1.01335064227,0.515549412578,0.336155263764,0.109295814326
lightgbm,full,,16,0,2,4341,1.67512252526e-05,0.146740733213,0.213862744838,0.686144439621,0.518774475927,0.334427551255,0.0727170688214
lightgbm,full,,16,0,3,4341,3.94859017352e-05,0.3458964992,0.21496291169,1.60909850207,0.514858327574,0.331778392076,0.171408299432
lightgbm,full,,16,0,4,4341,9.45626758514e-06,0.0828369040458,0.210450559986,0.393616933362,0.509099285879,0.331605620825,0.0410496575871
lightgbm,full,,16,0,5,4341,9.5497008746e-06,0.0836553796615,0.21501372363,0.389069954462,0.511633264225,0.328783690394,0.0414552514967
lightgbm,full,,16,0,6,4341,-1.10091076615e-05,-0.0964397831151,0.21492284461,-0.448718158789,0.51739230592,0.343757198802,-0.0477905363587
lightgbm,full,,16,0,7,4341,-3.76171445307e-06,-0.0329526186089,0.211467584603,-0.155828226207,0.514627965906,0.340820087537,-0.0163296024408
lightgbm,full,,16,0,8,4341,1.49178621623e-07,0.00130680472542,0.211284532963,0.00618504680438,0.5132457959,0.335176226676,0.000647584396466
lightgbm,full,,16,0,9,4341,-5.33555524248e-07,-0.00467394639241,0.213065619168,-0.021936652242,0.514397604239,0.333851647086,-0.00231616453076
lightgbm,full,,16,0,10,4341,-5.68538292645e-06,-0.0498039544357,0.214051917641,-0.232672311393,0.512554710896,0.33529140751,-0.0246802472837
lightgbm,full,,16,0,11,4341,4.12831372473e-05,0.361640282287,0.2168930765,1.66736664961,0.52269062428,0.334312370422,0.179210098791
lightgbm,full,,16,1,0,4341,1.28077881758e-05,0.11219622442,0.216232994077,0.518867275082,0.507717115872,0.334830684174,0.055598608471
lightgbm,full,,16,1,1,4341,-8.43796030262e-06,-0.0739165322509,0.217662586933,-0.339592271196,0.507717115872,0.336155263764,-0.0366291856737
lightgbm,full,,16,1,2,4341,-1.6691529873e-05,-0.146217801687,0.213915150917,-0.68353176977,0.511402902557,0.334427551255,-0.0724579311786
lightgbm,full,,16,1,3,4341,6.30806252761e-06,0.0552586277419,0.214857861913,0.257186901377,0.508408200875,0.331778392076,0.0273832994324
lightgbm,full,,16,1,4,4341,-2.37042944973e-05,-0.207649619797,0.210528685781,-0.986324590526,0.501266989173,0.331605620825,-0.102900342413
lightgbm,full,,16,1,5,4341,-2.33286681648e-05,-0.204359133124,0.215154263689,-0.949826090449,0.505643860862,0.328783690394,-0.101269748503
lightgbm,full,,16,1,6,4341,-4.53848275417e-05,-0.397571089266,0.215003855918,-1.84913469374,0.510481455886,0.343757198802,-0.197015536359
lightgbm,full,,16,1,7,4341,-3.78437232068e-05,-0.331511015292,0.211463339604,-1.56769970583,0.507717115872,0.340820087537,-0.164279602441
lightgbm,full,,16,1,8,4341,-3.3368444046e-05,-0.292307569843,0.211298258108,-1.38338845033,0.506795669201,0.335176226676,-0.144852415604
lightgbm,full,,16,1,9,4341,-3.39187202328e-05,-0.29712798924,0.21311008634,-1.39424648707,0.506334945865,0.333851647086,-0.147241164531
lightgbm,full,,16,1,10,4341,-3.92145236774e-05,-0.343519227414,0.214098823552,-1.60448909394,0.505413499194,0.33529140751,-0.170230247284
lightgbm,full,,16,1,11,4341,7.85190020517e-06,0.0687826457973,0.216943379817,0.317053444338,0.515088689242,0.334312370422,0.0340850987906
lightgbm,full,,16,2,0,4341,-2.06752802416e-05,-0.181115454917,0.216269705461,-0.837451803665,0.501727712509,0.334830684174,-0.089751391529
lightgbm,full,,16,2,1,4341,-4.2053486679e-05,-0.368388543308,0.217743858769,-1.69184355137,0.501727712509,0.336155263764,-0.182554185674
lightgbm,full,,16,2,2,4341,-5.01342849985e-05,-0.439176336587,0.21403676745,-2.05187333849,0.503570605851,0.334427551255,-0.217632931179
lightgbm,full,,16,2,3,4341,-2.68697766799e-05,-0.235379243716,0.214820853568,-1.09570016042,0.50057590417,0.331778392076,-0.116641700568
lightgbm,full,,16,2,4,4341,-5.68648565798e-05,-0.498136143639,0.210673909829,-2.36448900599,0.493434692467,0.331605620825,-0.246850342413
lightgbm,full,,16,2,5,4341,-5.62070372042e-05,-0.492373645909,0.215360544604,-2.28627600666,0.497581202488,0.328783690394,-0.243994748503
lightgbm,full,,16,2,6,4341,-7.9760547422e-05,-0.698702395416,0.215156799496,-3.2474102471,0.500115180834,0.343757198802,-0.346240536359
lightgbm,full,,16,2,7,4341,-7.19257319606e-05,-0.630069411974,0.211531889139,-2.97860249127,0.499654457498,0.340820087537,-0.312229602441
lightgbm,full,,16,2,8,4341,-6.68860667136e-05,-0.585921944411,0.211380966329,-2.77187655345,0.500345542502,0.335176226676,-0.290352415604
lightgbm,full,,16,2,9,4341,-6.73038849414e-05,-0.589582032087,0.213222923504,-2.76509684043,0.499654457498,0.333851647086,-0.292166164531
lightgbm,full,,16,2,10,4341,-7.27436644284e-05,-0.637234500393,0.214213971019,-2.97475695615,0.498272287491,0.33529140751,-0.315780247284
lightgbm,full,,16,2,11,4341,-2.5579336837e-05,-0.224074990692,0.217060286989,-1.03231684524,0.510942179221,0.334312370422,-0.111039901209
lightgbm,full,,16,5,0,4341,-0.000121124485494,-1.06105049293,0.216794457562,-4.89426946084,0.483759502419,0.334830684174,-0.525801391529
lightgbm,full,,16,5,1,4341,-0.000142900065808,-1.25180457648,0.218396990662,-5.73178491465,0.47938263073,0.336155263764,-0.620329185674
lightgbm,full,,16,5,2,4341,-0.000150462550375,-1.31805194129,0.214815369803,-6.13574318493,0.485602395761,0.334427551255,-0.653157931179
lightgbm,full,,16,5,3,4341,-0.000126403294303,-1.10729285809,0.215118105472,-5.14737174568,0.478691545727,0.331778392076,-0.548716700568
lightgbm,full,,16,5,4,4341,-0.000156346542827,-1.36959571517,0.211510470114,-6.47530930469,0.47408431237,0.331605620825,-0.678700342413
lightgbm,full,,16,5,5,4341,-0.000154842144322,-1.35641718426,0.216371652624,-6.26892279008,0.473623589035,0.328783690394,-0.672169748503
lightgbm,full,,16,5,6,4341,-0.000182887707063,-1.60209631387,0.216045336931,-7.41555608941,0.475466482377,0.343757198802,-0.793915536359
lightgbm,full,,16,5,7,4341,-0.000174171758222,-1.52574460202,0.21217322477,-7.19103272185,0.476387929049,0.340820087537,-0.756079602441
lightgbm,full,,16,5,8,4341,-0.000167438934716,-1.46676506811,0.212041845592,-6.91733777368,0.475696844045,0.335176226676,-0.726852415604
lightgbm,full,,16,5,9,4341,-0.000167459379067,-1.46694416063,0.213970245608,-6.85583248485,0.481686247408,0.333851647086,-0.726941164531
lightgbm,full,,16,5,10,4341,-0.000173331086681,-1.51838031933,0.2149674412,-7.06330368383,0.478921907395,0.33529140751,-0.752430247284
lightgbm,full,,16,5,11,4341,-0.000125873047963,-1.10264790016,0.217809253663,-5.0624474471,0.48790601244,0.334312370422,-0.546414901209
lightgbm,full,,16,10,0,4341,-0.000288539827581,-2.52760888961,0.219037247403,-11.5396304491,0.451739230592,0.334830684174,-1.25255139153
lightgbm,full,,16,10,1,4341,-0.00031097769769,-2.72416463177,0.22083403318,-12.3358007484,0.446901635568,0.336155263764,-1.34995418567
lightgbm,full,,16,10,2,4341,-0.000317676326003,-2.78284461579,0.217473467882,-12.7962488614,0.456116102281,0.334427551255,-1.37903293118
lightgbm,full,,16,10,3,4341,-0.00029229249034,-2.56048221538,0.216965013666,-11.8013599157,0.445749827229,0.331778392076,-1.26884170057
lightgbm,full,,16,10,4,4341,-0.00032214935324,-2.82202833438,0.214221625734,-13.1734054614,0.439990785533,0.331605620825,-1.39845034241
lightgbm,full,,16,10,5,4341,-0.000319233989519,-2.79648974819,0.219342794761,-12.7494032856,0.442524763879,0.328783690394,-1.3857947485
lightgbm,full,,16,10,6,4341,-0.000354766306464,-3.10775284462,0.218936933187,-14.1947400074,0.443906933886,0.343757198802,-1.54004053636
lightgbm,full,,16,10,7,4341,-0.000344581801991,-3.01853658544,0.214676971231,-14.0608308759,0.438147892191,0.340820087537,-1.49582960244
lightgbm,full,,16,10,8,4341,-0.000335027048054,-2.93483694096,0.214502472244,-13.6820658067,0.441603317208,0.335176226676,-1.4543524156
lightgbm,full,,16,10,9,4341,-0.00033438520261,-2.92921437487,0.216560519068,-13.5260775485,0.447823082239,0.333851647086,-1.45156616453
lightgbm,full,,16,10,10,4341,-0.000340976790436,-2.98695668422,0.217565361269,-13.7290084543,0.448283805575,0.33529140751,-1.48018024728
lightgbm,full,,16,10,11,4341,-0.000293029233174,-2.56693608261,0.220367882273,-11.6484129,0.454733932274,0.334312370422,-1.27203990121
lightgbm,without_activity_flow,activity_flow,12,0,0,4341,5.2655886108e-06,0.0461265562306,0.227436085753,0.202811071417,0.513015434232,0.457210320203,0.0228579201595
lightgbm,without_activity_flow,activity_flow,12,0,1,4341,2.3027672061e-05,0.201722407254,0.226042554222,0.892408988868,0.519465560931,0.453870076019,0.0999631244167
lightgbm,without_activity_flow,activity_flow,12,0,2,4341,4.50223425846e-05,0.394395721041,0.225316285913,1.75040929439,0.524994240958,0.454849113108,0.19544198916
lightgbm,without_activity_flow,activity_flow,12,0,3,4341,2.18181877981e-05,0.191127325111,0.227958698469,0.83842962078,0.512324349228,0.45536742686,0.0947127532314
lightgbm,without_activity_flow,activity_flow,12,0,4,4341,4.00978297093e-05,0.351256988253,0.223617147886,1.57079629883,0.507717115872,0.454964293941,0.174064678768
lightgbm,without_activity_flow,activity_flow,12,0,5,4341,2.42022434119e-05,0.212011652288,0.22437429387,0.944901702559,0.51209398756,0.453812485602,0.105061938651
lightgbm,without_activity_flow,activity_flow,12,0,6,4341,1.75470025093e-05,0.153711741981,0.228665286701,0.672212840868,0.513706519235,0.464409122322,0.0761715378929
lightgbm,without_activity_flow,activity_flow,12,0,7,4341,1.6631757562e-05,0.145694196243,0.225623953014,0.645739046307,0.515549412578,0.458650080627,0.0721984595766
lightgbm,without_activity_flow,activity_flow,12,0,8,4341,3.17384012504e-05,0.278028394953,0.224945391813,1.23598173189,0.514858327574,0.458131766874,0.137776399828
lightgbm,without_activity_flow,activity_flow,12,0,9,4341,-1.79318961328e-06,-0.0157083410123,0.224055755075,-0.0701090717668,0.508408200875,0.457843814789,-0.00778423611126
lightgbm,without_activity_flow,activity_flow,12,0,10,4341,8.87008062474e-07,0.00777019062727,0.225715273169,0.0344247445828,0.509329647547,0.453121400599,0.0038505019992
lightgbm,without_activity_flow,activity_flow,12,0,11,4341,1.60124177101e-06,0.014026877914,0.225889162003,0.0620962855839,0.5132457959,0.453697304768,0.00695099052795
lightgbm,without_activity_flow,activity_flow,12,1,0,4341,-4.04554434095e-05,-0.354389684267,0.227502560188,-1.55773932379,0.502879520848,0.457210320203,-0.175617079841
lightgbm,without_activity_flow,activity_flow,12,1,1,4341,-2.2359335541e-05,-0.195867779339,0.226053761807,-0.866465471635,0.51209398756,0.453870076019,-0.0970618755833
lightgbm,without_activity_flow,activity_flow,12,1,2,4341,-4.62568726184e-07,-0.00405210204137,0.225284644556,-0.0179865878092,0.516010135913,0.454849113108,-0.00200801084036
lightgbm,without_activity_flow,activity_flow,12,1,3,4341,-2.3718554888e-05,-0.207774540819,0.227892634757,-0.911721175368,0.501266989173,0.45536742686,-0.102962246769
lightgbm,without_activity_flow,activity_flow,12,1,4,4341,-5.39859968486e-06,-0.0472917332394,0.223521120786,-0.211576127899,0.497811564156,0.454964293941,-0.023435321232
lightgbm,without_activity_flow,activity_flow,12,1,5,4341,-2.11790051484e-05,-0.1855280851,0.224385215121,-0.826828474415,0.502879520848,0.453812485602,-0.0919380613491
lightgbm,without_activity_flow,activity_flow,12,1,6,4341,-2.88939097229e-05,-0.253110649173,0.228803720854,-1.10623484718,0.503340244183,0.464409122322,-0.125428462107
lightgbm,without_activity_flow,activity_flow,12,1,7,4341,-2.92332505007e-05,-0.256083274386,0.225719849976,-1.13451818443,0.508177839208,0.458650080627,-0.126901540423
lightgbm,without_activity_flow,activity_flow,12,1,8,4341,-1.4074775437e-05,-0.123295032828,0.224975342677,-0.548037982124,0.504261690855,0.458131766874,-0.0610986001721
lightgbm,without_activity_flow,activity_flow,12,1,9,4341,-4.75775710922e-05,-0.416779522768,0.224107485921,-1.8597304818,0.499654457498,0.457843814789,-0.206534236111
lightgbm,without_activity_flow,activity_flow,12,1,10,4341,-4.44251319974e-05,-0.389164156297,0.225744985109,-1.72391052722,0.498963372495,0.453121400599,-0.192849498001
lightgbm,without_activity_flow,activity_flow,12,1,11,4341,-4.37684887058e-05,-0.383411961063,0.22600892849,-1.69644608124,0.500806265837,0.453697304768,-0.189999009472
lightgbm,without_activity_flow,activity_flow,12,2,0,4341,-8.61764754297e-05,-0.754905924765,0.227659332631,-3.31594543496,0.493434692467,0.457210320203,-0.374092079841
lightgbm,without_activity_flow,activity_flow,12,2,1,4341,-6.77463431429e-05,-0.593457965932,0.226153217058,-2.62414116258,0.504031329187,0.453870076019,-0.294086875583
lightgbm,without_activity_flow,activity_flow,12,2,2,4341,-4.59474800369e-05,-0.402499925124,0.225342724955,-1.78616782594,0.508638562543,0.454849113108,-0.19945801084
lightgbm,without_activity_flow,activity_flow,12,2,3,4341,-6.9255297574e-05,-0.606676406748,0.227916948863,-2.66183103001,0.491361437457,0.45536742686,-0.300637246769
lightgbm,without_activity_flow,activity_flow,12,2,4,4341,-5.0895029079e-05,-0.445840454732,0.223515809973,-1.99467077871,0.485372034094,0.454964293941,-0.220935321232
lightgbm,without_activity_flow,activity_flow,12,2,5,4341,-6.65602537086e-05,-0.583067822487,0.224487032987,-2.59733408531,0.491591799125,0.453812485602,-0.288938061349
lightgbm,without_activity_flow,activity_flow,12,2,6,4341,-7.53348219551e-05,-0.659933040327,0.229034481154,-2.88136981384,0.496659755817,0.464409122322,-0.327028462107
lightgbm,without_activity_flow,activity_flow,12,2,7,4341,-7.50982585633e-05,-0.657860745015,0.225906375117,-2.91209464396,0.497581202488,0.458650080627,-0.326001540423
lightgbm,without_activity_flow,activity_flow,12,2,8,4341,-5.98879521244e-05,-0.52461846061,0.225095298546,-2.33065045782,0.491822160792,0.458131766874,-0.259973600172
lightgbm,without_activity_flow,activity_flow,12,2,9,4341,-9.33619525711e-05,-0.817850704523,0.224249909627,-3.64705031937,0.488136374107,0.457843814789,-0.405284236111
lightgbm,without_activity_flow,activity_flow,12,2,10,4341,-8.97372720573e-05,-0.786098503222,0.225865345666,-3.48038562934,0.489288182446,0.453121400599,-0.389549498001
lightgbm,without_activity_flow,activity_flow,12,2,11,4341,-8.91382191827e-05,-0.78085080004,0.226219687218,-3.45173671507,0.492743607464,0.453697304768,-0.386949009472
lightgbm,without_activity_flow,activity_flow,12,5,0,4341,-0.000223339571491,-1.95645464626,0.228669045949,-8.55583508532,0.466712739,0.457210320203,-0.969517079841
lightgbm,without_activity_flow,activity_flow,12,5,1,4341,-0.000203907365949,-1.78622852571,0.226979394148,-7.86956248788,0.480304077402,0.453870076019,-0.885161875583
lightgbm,without_activity_flow,activity_flow,12,5,2,4341,-0.000182402213969,-1.59784339437,0.226054070969,-7.0684123826,0.478000460723,0.454849113108,-0.79180801084
lightgbm,without_activity_flow,activity_flow,12,5,3,4341,-0.000205865525632,-1.80338200454,0.22853133349,-7.89118050903,0.463257313983,0.45536742686,-0.893662246769
lightgbm,without_activity_flow,activity_flow,12,5,4,4341,-0.000187384317261,-1.64148661921,0.224043688793,-7.32663628264,0.460953697305,0.454964293941,-0.813435321232
lightgbm,without_activity_flow,activity_flow,12,5,5,4341,-0.000202703999389,-1.77568703465,0.225336084141,-7.88017170628,0.463487675651,0.453812485602,-0.879938061349
lightgbm,without_activity_flow,activity_flow,12,5,6,4341,-0.000214657558652,-1.88040021379,0.230277388121,-8.16580485446,0.463257313983,0.464409122322,-0.931828462107
lightgbm,without_activity_flow,activity_flow,12,5,7,4341,-0.000212693282751,-1.8631931569,0.227006942905,-8.20764833472,0.471319972357,0.458650080627,-0.923301540423
lightgbm,without_activity_flow,activity_flow,12,5,8,4341,-0.000197327482187,-1.72858874395,0.225993225288,-7.64885204746,0.466021653997,0.458131766874,-0.856598600172
lightgbm,without_activity_flow,activity_flow,12,5,9,4341,-0.000230715097008,-2.02106424979,0.225219069537,-8.9737705335,0.466252015665,0.457843814789,-1.00153423611
lightgbm,without_activity_flow,activity_flow,12,5,10,4341,-0.000225673692237,-1.976901544,0.226768332112,-8.71771435448,0.463487675651,0.453121400599,-0.979649498001
lightgbm,without_activity_flow,activity_flow,12,5,11,4341,-0.000225247410613,-1.97316731697,0.227394840641,-8.67727390563,0.467173462336,0.453697304768,-0.977799009472
lightgbm,without_activity_flow,activity_flow,12,10,0,4341,-0.000451944731592,-3.95903584875,0.232120159321,-17.0559759235,0.4266298088,0.457210320203,-1.96189207984
lightgbm,without_activity_flow,activity_flow,12,10,1,4341,-0.000430842403958,-3.77417945868,0.230090722737,-16.4030057961,0.437226445519,0.453870076019,-1.87028687558
lightgbm,without_activity_flow,activity_flow,12,10,2,4341,-0.000409826770523,-3.59008250978,0.229007016007,-15.6767359026,0.43400138217,0.454849113108,-1.77905801084
lightgbm,without_activity_flow,activity_flow,12,10,3,4341,-0.000433549239062,-3.79789133418,0.231339400886,-16.4169671039,0.426860170468,0.45536742686,-1.88203724677
lightgbm,without_activity_flow,activity_flow,12,10,4,4341,-0.000414866464232,-3.63423022667,0.226717007933,-16.0298085257,0.422944022115,0.454964293941,-1.80093532123
lightgbm,without_activity_flow,activity_flow,12,10,5,4341,-0.000429610242191,-3.76338572159,0.22853650224,-16.4673287842,0.423635107118,0.453812485602,-1.86493806135
lightgbm,without_activity_flow,activity_flow,12,10,6,4341,-0.000446862119813,-3.91451216956,0.234148620069,-16.7180663649,0.423174383783,0.464409122322,-1.93982846211
lightgbm,without_activity_flow,activity_flow,12,10,7,4341,-0.000442018323065,-3.87208051005,0.230612368957,-16.7904285774,0.430776318821,0.458650080627,-1.91880154042
lightgbm,without_activity_flow,activity_flow,12,10,8,4341,-0.000426393365624,-3.73520588286,0.229255913705,-16.2927351469,0.428242340475,0.458131766874,-1.85097360017
lightgbm,without_activity_flow,activity_flow,12,10,9,4341,-0.000459637004403,-4.02642015857,0.228611239099,-17.6125206024,0.426169085464,0.457843814789,-1.99528423611
lightgbm,without_activity_flow,activity_flow,12,10,10,4341,-0.000452234392536,-3.96157327862,0.230052007426,-17.2203377964,0.425938723796,0.453121400599,-1.963149498
lightgbm,without_activity_flow,activity_flow,12,10,11,4341,-0.000452096062997,-3.96036151186,0.231129045346,-17.1348499533,0.431006680488,0.453697304768,-1.96254900947
lightgbm,without_calendar,calendar,12,0,0,4341,2.26700681054e-05,0.198589796603,0.216992001747,0.915194085517,0.515549412578,0.245104814559,0.0984107656455
lightgbm,without_calendar,calendar,12,0,1,4341,6.6269229443e-05,0.58051844992,0.213124526438,2.72384628659,0.521538815941,0.248963372495,0.287674725012
lightgbm,without_calendar,calendar,12,0,2,4341,4.77049483726e-05,0.417895347744,0.214121330483,1.95167546737,0.517622667588,0.254146510021,0.207087180886
lightgbm,without_calendar,calendar,12,0,3,4341,1.99916075719e-05,0.17512648233,0.219082296328,0.79936391605,0.515088689242,0.257601935038,0.0867835684695
lightgbm,without_calendar,calendar,12,0,4,4341,4.38939212757e-05,0.384510750375,0.214477125692,1.79278209336,0.516470859249,0.248848191661,0.190543512258
lightgbm,without_calendar,calendar,12,0,5,4341,3.54887383913e-05,0.310881348308,0.212558493371,1.46256846,0.512324349228,0.243895415803,0.154056613357
lightgbm,without_calendar,calendar,12,0,6,4341,2.32821820736e-05,0.203951914965,0.213040302271,0.95733958688,0.512554710896,0.25737157337,0.101067952382
lightgbm,without_calendar,calendar,12,0,7,4341,9.62671818342e-06,0.0843300512868,0.212677492564,0.396516106477,0.518313752592,0.255413499194,0.0417895836342
lightgbm,without_calendar,calendar,12,0,8,4341,6.47579148504e-05,0.567279334089,0.215407179287,2.63352101804,0.519235199263,0.249884819166,0.281114108366
lightgbm,without_calendar,calendar,12,0,9,4341,4.35828825638e-05,0.381786051259,0.216247059944,1.76550863331,0.519235199263,0.242916378715,0.18919329321
lightgbm,without_calendar,calendar,12,0,10,4341,4.08824756241e-05,0.358130486467,0.212238977689,1.68739262866,0.519695922598,0.236351071182,0.177470826684
lightgbm,without_calendar,calendar,12,0,11,4341,5.2786686997e-05,0.462411378093,0.214115833836,2.15963186752,0.520156645934,0.233759502419,0.229147008254
lightgbm,without_calendar,calendar,12,1,0,4341,-1.84041335049e-06,-0.0161220209503,0.21701297078,-0.0742905868361,0.512324349228,0.245104814559,-0.00798923435446
lightgbm,without_calendar,calendar,12,1,1,4341,4.13728921935e-05,0.362426535615,0.213067335524,1.70099529674,0.518083390924,0.248963372495,0.179599725012
lightgbm,without_calendar,calendar,12,1,2,4341,2.22902973706e-05,0.195263004966,0.214115349921,0.911952389394,0.512785072564,0.254146510021,0.0967621808857
lightgbm,without_calendar,calendar,12,1,3,4341,-5.76858593193e-06,-0.0505328127637,0.219165570946,-0.230569119709,0.510942179221,0.257601935038,-0.0250414315305
lightgbm,without_calendar,calendar,12,1,4,4341,1.90091021096e-05,0.16651973448,0.214393275447,0.776702226938,0.511172540889,0.248848191661,0.082518512258
lightgbm,without_calendar,calendar,12,1,5,4341,1.10991968111e-05,0.097228964065,0.21253800669,0.457466246058,0.508638562543,0.243895415803,0.0481816133568
lightgbm,without_calendar,calendar,12,1,6,4341,-2.45497526339e-06,-0.0215055833073,0.213099319103,-0.100918123051,0.507256392536,0.25737157337,-0.0106570476184
lightgbm,without_calendar,calendar,12,1,7,4341,-1.5914631736e-05,-0.139412174007,0.21267367033,-0.655521549944,0.514627965906,0.255413499194,-0.0690854163658
lightgbm,without_calendar,calendar,12,1,8,4341,3.97694329338e-05,0.3483802325,0.215372644699,1.61756955247,0.516470859249,0.249884819166,0.172639108366
lightgbm,without_calendar,calendar,12,1,9,4341,1.92912446924e-05,0.168991303505,0.216157807804,0.781795972221,0.515088689242,0.242916378715,0.0837432932095
lightgbm,without_calendar,calendar,12,1,10,4341,1.72473685059e-05,0.151086948112,0.212229624381,0.711903197079,0.515779774246,0.236351071182,0.0748708266841
lightgbm,without_calendar,calendar,12,1,11,4341,2.94107367551e-05,0.257638053975,0.214107518145,1.20331157078,0.516010135913,0.233759502419,0.127672008254
lightgbm,without_calendar,calendar,12,2,0,4341,-2.63508948064e-05,-0.230833838504,0.217093295199,-1.06329326427,0.506565307533,0.245104814559,-0.114389234354
lightgbm,without_calendar,calendar,12,2,1,4341,1.6476554944e-05,0.144334621309,0.213072103122,0.677398022522,0.512554710896,0.248963372495,0.0715247250119
lightgbm,without_calendar,calendar,12,2,2,4341,-3.1243536315e-06,-0.0273693378119,0.214172125746,-0.127791316058,0.507026030868,0.254146510021,-0.0135628191143
lightgbm,without_calendar,calendar,12,2,3,4341,-3.15287794357e-05,-0.276192107857,0.219310118115,-1.25936783141,0.505874222529,0.257601935038,-0.13686643153
lightgbm,without_calendar,calendar,12,2,4,4341,-5.87571705645e-06,-0.0514712814145,0.21437020199,-0.240104645779,0.507256392536,0.248848191661,-0.025506487742
lightgbm,without_calendar,calendar,12,2,5,4341,-1.32903447692e-05,-0.116423420178,0.212577056943,-0.547676319601,0.502418797512,0.243895415803,-0.0576933866432
lightgbm,without_calendar,calendar,12,2,6,4341,-2.81921326004e-05,-0.24696308158,0.213220240335,-1.1582534622,0.502879520848,0.25737157337,-0.122382047618
lightgbm,without_calendar,calendar,12,2,7,4341,-4.14559816553e-05,-0.363154399301,0.212733557959,-1.7070856276,0.508868924211,0.255413499194,-0.179960416366
lightgbm,without_calendar,calendar,12,2,8,4341,1.47809510172e-05,0.12948113091,0.21539854229,0.601123524485,0.511402902557,0.249884819166,0.0641641083656
lightgbm,without_calendar,calendar,12,2,9,4341,-5.0003931791e-06,-0.0438034442489,0.216127196816,-0.202674373676,0.510481455886,0.242916378715,-0.0217067067905
lightgbm,without_calendar,calendar,12,2,10,4341,-6.38773861227e-06,-0.0559565902435,0.212279124243,-0.263599119523,0.512785072564,0.236351071182,-0.0277291733159
lightgbm,without_calendar,calendar,12,2,11,4341,6.03478651321e-06,0.0528647298557,0.214156959835,0.246850393732,0.511633264225,0.233759502419,0.0261970082539
lightgbm,without_calendar,calendar,12,5,0,4341,-9.9882339174e-05,-0.874969291164,0.217689500983,-4.01934538512,0.491822160792,0.245104814559,-0.433589234354
lightgbm,without_calendar,calendar,12,5,1,4341,-5.82124568045e-05,-0.509941121607,0.213457845711,-2.38895468989,0.497811564156,0.248963372495,-0.252700274988
lightgbm,without_calendar,calendar,12,5,2,4341,-7.93683066377e-05,-0.695266366146,0.214718218595,-3.23804086443,0.493204330799,0.254146510021,-0.344537819114
lightgbm,without_calendar,calendar,12,5,3,4341,-0.000108809359947,-0.953169993137,0.220109931933,-4.33042700421,0.492513245796,0.257601935038,-0.47234143153
lightgbm,without_calendar,calendar,12,5,4,4341,-8.05301745547e-05,-0.705444329099,0.214665580207,-3.28624797892,0.49205252246,0.248848191661,-0.349581487742
lightgbm,without_calendar,calendar,12,5,5,4341,-8.64589695101e-05,-0.757380572908,0.213050852376,-3.55492862132,0.491131075789,0.243895415803,-0.375318386643
lightgbm,without_calendar,calendar,12,5,6,4341,-0.000105403604611,-0.923335576396,0.213953112153,-4.31559778264,0.485372034094,0.25737157337,-0.457557047618
lightgbm,without_calendar,calendar,12,5,7,4341,-0.000118080031413,-1.03438107518,0.213294657939,-4.84954046753,0.493434692467,0.255413499194,-0.512585416366
lightgbm,without_calendar,calendar,12,5,8,4341,-6.01844947327e-05,-0.527216173858,0.215838356801,-2.44264356749,0.49942409583,0.249884819166,-0.261260891634
lightgbm,without_calendar,calendar,12,5,9,4341,-7.78753067935e-05,-0.682187687511,0.216387221256,-3.15262464923,0.496429394149,0.242916378715,-0.33805670679
lightgbm,without_calendar,calendar,12,5,10,4341,-7.72930599668e-05,-0.677087205309,0.21278008794,-3.18209853123,0.500345542502,0.236351071182,-0.335529173316
lightgbm,without_calendar,calendar,12,5,11,4341,-6.40930642124e-05,-0.561455242501,0.214651196976,-2.61566322672,0.501036627505,0.233759502419,-0.278227991746
lightgbm,without_calendar,calendar,12,10,0,4341,-0.000222434746453,-1.94852837893,0.219854782958,-8.86279730974,0.46993780235,0.245104814559,-0.965589234354
lightgbm,without_calendar,calendar,12,10,1,4341,-0.000182694143052,-1.60040069313,0.215329025252,-7.43235005712,0.47730937572,0.248963372495,-0.793075274988
lightgbm,without_calendar,calendar,12,10,2,4341,-0.000206441561648,-1.80842808004,0.216868207437,-8.33883445348,0.471319972357,0.254146510021,-0.896162819114
lightgbm,without_calendar,calendar,12,10,3,4341,-0.000237610327466,-2.0814664686,0.222647364871,-9.34871369267,0.470398525685,0.257601935038,-1.03146643153
lightgbm,without_calendar,calendar,12,10,4,4341,-0.000204954270385,-1.79539940857,0.216365156639,-8.29800618762,0.471550334024,0.248848191661,-0.889706487742
lightgbm,without_calendar,calendar,12,10,5,4341,-0.000208406677411,-1.82564249412,0.215018510794,-8.49062942249,0.466252015665,0.243895415803,-0.904693386643
lightgbm,without_calendar,calendar,12,10,6,4341,-0.000234089391297,-2.05062306776,0.21639255971,-9.47640284172,0.464409122322,0.25737157337,-1.01618204762
lightgbm,without_calendar,calendar,12,10,7,4341,-0.00024578678101,-2.15309220165,0.215487973951,-9.99170469783,0.473623589035,0.255413499194,-1.06696041637
lightgbm,without_calendar,calendar,12,10,8,4341,-0.000185126904316,-1.62171168181,0.217768129291,-7.44696520601,0.478230822391,0.249884819166,-0.803635891634
lightgbm,without_calendar,calendar,12,10,9,4341,-0.000199333496151,-1.74616142628,0.217986416626,-8.01041392079,0.47523612071,0.242916378715,-0.86530670679
lightgbm,without_calendar,calendar,12,10,10,4341,-0.000195468595558,-1.71230489709,0.214778794927,-7.9724113252,0.478000460723,0.236351071182,-0.848529173316
lightgbm,without_calendar,calendar,12,10,11,4341,-0.000180972815422,-1.5853218631,0.216617311758,-7.31853724076,0.480304077402,0.233759502419,-0.785602991746
lightgbm,without_range_volatility,range_volatility,12,0,0,4341,2.1050693554e-05,0.184404075533,0.198684222286,0.928126417949,0.505413499194,0.456346463948,0.091381060718
lightgbm,without_range_volatility,range_volatility,12,0,1,4341,3.76504173031e-05,0.329817655575,0.194040584702,1.69973542433,0.513936880903,0.463718037319,0.163440461513
lightgbm,without_range_volatility,range_volatility,12,0,2,4341,4.67013268443e-05,0.409103623156,0.194993248935,2.09803993416,0.515088689242,0.464293941488,0.202730459831
lightgbm,without_range_volatility,range_volatility,12,0,3,4341,3.1737483749e-05,0.278020357641,0.192021855545,1.44785788499,0.511863625893,0.468267680258,0.137772416954
lightgbm,without_range_volatility,range_volatility,12,0,4,4341,3.69051758009e-05,0.323289340016,0.188404305353,1.71593392948,0.510942179221,0.457843814789,0.160205368152
lightgbm,without_range_volatility,range_volatility,12,0,5,4341,4.10308123305e-05,0.359429916015,0.19552320463,1.83829799995,0.512554710896,0.436362589265,0.178114756327
lightgbm,without_range_volatility,range_volatility,12,0,6,4341,1.13819047859e-05,0.0997054859246,0.192292982207,0.518508188809,0.511402902557,0.468728403594,0.0494088486756
lightgbm,without_range_volatility,range_volatility,12,0,7,4341,1.89514179991e-05,0.166014421672,0.192682330475,0.861596500639,0.509560009214,0.462508638563,0.0822681055342
lightgbm,without_range_volatility,range_volatility,12,0,8,4341,1.86851190018e-05,0.163681642455,0.191721979358,0.853744797563,0.516240497581,0.459744298549,0.0811121015866
lightgbm,without_range_volatility,range_volatility,12,0,9,4341,3.55502218381e-05,0.311419943301,0.190963017457,1.63078666984,0.511633264225,0.455828150196,0.154323512999
lightgbm,without_range_volatility,range_volatility,12,0,10,4341,2.12428688245e-05,0.186087530903,0.192525749255,0.966559182981,0.514167242571,0.447074406819,0.0922152935671
lightgbm,without_range_volatility,range_volatility,12,0,11,4341,5.56016836168e-05,0.487070748484,0.194976833284,2.4980954931,0.519235199263,0.430718728404,0.241366908581
lightgbm,without_range_volatility,range_volatility,12,1,0,4341,-2.45839528408e-05,-0.215355426886,0.198694524298,-1.08385184567,0.495968670813,0.456346463948,-0.106718939282
lightgbm,without_range_volatility,range_volatility,12,1,1,4341,-8.7213864288e-06,-0.0763993451162,0.194008645856,-0.393793507394,0.505413499194,0.463718037319,-0.0378595384874
lightgbm,without_range_volatility,range_volatility,12,1,2,4341,2.71932695472e-07,0.00238213041234,0.194946753472,0.0122193900125,0.507256392536,0.464293941488,0.00118045983104
lightgbm,without_range_volatility,range_volatility,12,1,3,4341,-1.50892842768e-05,-0.132182130265,0.192017875909,-0.688384503991,0.502188435844,0.468267680258,-0.0655025830457
lightgbm,without_range_volatility,range_volatility,12,1,4,4341,-8.87920567804e-06,-0.0777818417396,0.188457603099,-0.412728594975,0.499884819166,0.457843814789,-0.0385446318484
lightgbm,without_range_volatility,range_volatility,12,1,5,4341,-2.60544659603e-06,-0.0228237121812,0.195576917074,-0.116699416898,0.501036627505,0.436362589265,-0.0113102436734
lightgbm,without_range_volatility,range_volatility,12,1,6,4341,-3.54909355735e-05,-0.310900595623,0.192368927465,-1.61616847232,0.500115180834,0.468728403594,-0.154066151324
lightgbm,without_range_volatility,range_volatility,12,1,7,4341,-2.72994458571e-05,-0.239143145708,0.192758071316,-1.24063881774,0.498272287491,0.462508638563,-0.118506894466
lightgbm,without_range_volatility,range_volatility,12,1,8,4341,-2.72893108531e-05,-0.239054363073,0.191810057108,-1.24630776237,0.506795669201,0.459744298549,-0.118462898413
lightgbm,without_range_volatility,range_volatility,12,1,9,4341,-1.00325931815e-05,-0.0878855162702,0.191024312178,-0.460075030599,0.499654457498,0.455828150196,-0.043551487001
lightgbm,without_range_volatility,range_volatility,12,1,10,4341,-2.34645718574e-05,-0.205549649471,0.19258967023,-1.067293221,0.504031329187,0.447074406819,-0.101859706433
lightgbm,without_range_volatility,range_volatility,12,1,11,4341,1.25298107765e-05,0.109761142402,0.195046035016,0.562744802237,0.509560009214,0.430718728404,0.0543919085807
lightgbm,without_range_volatility,range_volatility,12,2,0,4341,-7.02185992357e-05,-0.615114929304,0.198779203854,-3.0944631902,0.4867542041,0.456346463948,-0.304818939282
lightgbm,without_range_volatility,range_volatility,12,2,1,4341,-5.50931901607e-05,-0.482616345807,0.194056018507,-2.48699499,0.493895415803,0.463718037319,-0.239159538487
lightgbm,without_range_volatility,range_volatility,12,2,2,4341,-4.61574614533e-05,-0.404339362331,0.194976333896,-2.07378687583,0.496890117484,0.464293941488,-0.200369540169
lightgbm,without_range_volatility,range_volatility,12,2,3,4341,-6.19160523026e-05,-0.542384618171,0.192093225436,-2.82354891454,0.490209629118,0.468267680258,-0.268777583046
lightgbm,without_range_volatility,range_volatility,12,2,4,4341,-5.4663587157e-05,-0.478853023495,0.188590334006,-2.53911753228,0.48997926745,0.457843814789,-0.237294631848
lightgbm,without_range_volatility,range_volatility,12,2,5,4341,-4.62417055225e-05,-0.405077340377,0.195704769381,-2.06983887852,0.489057820779,0.436362589265,-0.200735243673
lightgbm,without_range_volatility,range_volatility,12,2,6,4341,-8.23637759328e-05,-0.721506677171,0.19252615686,-3.74757741463,0.487675650772,0.468728403594,-0.357541151324
lightgbm,without_range_volatility,range_volatility,12,2,7,4341,-7.35503097134e-05,-0.644300713089,0.192911154771,-3.3398831387,0.489288182446,0.462508638563,-0.319281894466
lightgbm,without_range_volatility,range_volatility,12,2,8,4341,-7.3263740708e-05,-0.641790368602,0.191977598899,-3.34304821127,0.496659755817,0.459744298549,-0.318037898413
lightgbm,without_range_volatility,range_volatility,12,2,9,4341,-5.56154082011e-05,-0.487190975842,0.191163430317,-2.54855740469,0.491591799125,0.455828150196,-0.241426487001
lightgbm,without_range_volatility,range_volatility,12,2,10,4341,-6.81720125393e-05,-0.597186829844,0.192729725717,-3.09857147163,0.492282884128,0.447074406819,-0.295934706433
lightgbm,without_range_volatility,range_volatility,12,2,11,4341,-3.05420620639e-05,-0.26754846368,0.195188101293,-1.37072117566,0.501036627505,0.430718728404,-0.132583091419
lightgbm,without_range_volatility,range_volatility,12,5,0,4341,-0.00020712253842,-1.81439343656,0.199478144589,-9.09570038511,0.455194655609,0.456346463948,-0.899118939282
lightgbm,without_range_volatility,range_volatility,12,5,1,4341,-0.000194208601356,-1.70126734788,0.194672941764,-8.73910535519,0.459110803962,0.463718037319,-0.843059538487
lightgbm,without_range_volatility,range_volatility,12,5,2,4341,-0.0001854456439,-1.62450384056,0.1955207412,-8.30860107524,0.460723335637,0.464293941488,-0.805019540169
lightgbm,without_range_volatility,range_volatility,12,5,3,4341,-0.00020239635638,-1.77299208189,0.192793829253,-9.19631135894,0.456807187284,0.468267680258,-0.878602583046
lightgbm,without_range_volatility,range_volatility,12,5,4,4341,-0.000192016731594,-1.68206656876,0.189462956723,-8.87807621,0.454964293941,0.457843814789,-0.833544631848
lightgbm,without_range_volatility,range_volatility,12,5,5,4341,-0.000177150482302,-1.55183822497,0.196531299028,-7.89613782966,0.456576825616,0.436362589265,-0.769010243673
lightgbm,without_range_volatility,range_volatility,12,5,6,4341,-0.000222982297011,-1.95332492182,0.193483056037,-10.0955864654,0.451739230592,0.468728403594,-0.967966151324
lightgbm,without_range_volatility,range_volatility,12,5,7,4341,-0.000212302901282,-1.85977341523,0.193832165424,-9.59476158752,0.459801888966,0.462508638563,-0.921606894466
lightgbm,without_range_volatility,range_volatility,12,5,8,4341,-0.000211187030273,-1.84999838519,0.192954447703,-9.58774678278,0.460492973969,0.459744298549,-0.916762898413
lightgbm,without_range_volatility,range_volatility,12,5,9,4341,-0.00019236385326,-1.68510735456,0.19204556095,-8.77451864141,0.45934116563,0.455828150196,-0.835051487001
lightgbm,without_range_volatility,range_volatility,12,5,10,4341,-0.000202294334585,-1.77209837096,0.193604597872,-9.15318329439,0.464409122322,0.447074406819,-0.878159706433
lightgbm,without_range_volatility,range_volatility,12,5,11,4341,-0.000159757680585,-1.39947728192,0.196049497167,-7.13838751004,0.472932504031,0.430718728404,-0.693508091419
lightgbm,without_range_volatility,range_volatility,12,10,0,4341,-0.000435295770394,-3.81319094865,0.202105770826,-18.8673036553,0.401981110343,0.456346463948,-1.88961893928
lightgbm,without_range_volatility,range_volatility,12,10,1,4341,-0.000426067620016,-3.73235235134,0.197263269301,-18.9206655885,0.410043768717,0.463718037319,-1.84955953849
lightgbm,without_range_volatility,range_volatility,12,10,2,4341,-0.000417592614644,-3.65811130428,0.197929196011,-18.481918676,0.410504492053,0.464293941488,-1.81276954017
lightgbm,without_range_volatility,range_volatility,12,10,3,4341,-0.000436530196509,-3.82400452142,0.195520590718,-19.558065508,0.408891960378,0.468267680258,-1.89497758305
lightgbm,without_range_volatility,range_volatility,12,10,4,4341,-0.000420938638988,-3.68742247754,0.192471406374,-19.1582871815,0.404054365354,0.457843814789,-1.82729463185
lightgbm,without_range_volatility,range_volatility,12,10,5,4341,-0.000395331776935,-3.46310636595,0.199362139154,-17.3709330199,0.407970513707,0.436362589265,-1.71613524367
lightgbm,without_range_volatility,range_volatility,12,10,6,4341,-0.000457346498808,-4.00635532956,0.196665666186,-20.3714019191,0.40129002534,0.468728403594,-1.98534115132
lightgbm,without_range_volatility,range_volatility,12,10,7,4341,-0.000443557220563,-3.88556125214,0.196879369574,-19.7357461096,0.406357982032,0.462508638563,-1.92548189447
lightgbm,without_range_volatility,range_volatility,12,10,8,4341,-0.000441059179547,-3.86367841283,0.1961339242,-19.6991847717,0.412117023727,0.459744298549,-1.91463789841
lightgbm,without_range_volatility,range_volatility,12,10,9,4341,-0.000420277928358,-3.68163465241,0.19503847557,-18.8764531801,0.412117023727,0.455828150196,-1.824426487
lightgbm,without_range_volatility,range_volatility,12,10,10,4341,-0.000425831537994,-3.73028427283,0.196552906544,-18.9785251127,0.417184980419,0.447074406819,-1.84853470643
lightgbm,without_range_volatility,range_volatility,12,10,11,4341,-0.000375117044787,-3.28602531233,0.198912207998,-16.5199780617,0.41925823543,0.430718728404,-1.62838309142
lightgbm,without_returns,returns,12,0,0,4341,6.88263223761e-06,0.0602918584015,0.21886173875,0.275479207767,0.516240497581,0.315883436996,0.0298775065435
lightgbm,without_returns,returns,12,0,1,4341,-4.00380648053e-07,-0.00350733447695,0.21928230222,-0.0159946080529,0.513706519235,0.316632112416,-0.0017380523932
lightgbm,without_returns,returns,12,0,2,4341,1.96577313645e-05,0.172201726753,0.222217904612,0.774922826555,0.514627965906,0.313003916148,0.0853342118534
lightgbm,without_returns,returns,12,0,3,4341,1.60593885636e-05,0.140680243818,0.221081472052,0.63632760589,0.516010135913,0.317150426169,0.0697138057548
lightgbm,without_returns,returns,12,0,4,4341,-4.89305892702e-06,-0.0428631962007,0.222044025679,-0.193039178017,0.505643860862,0.306668970283,-0.0212407688022
lightgbm,without_returns,returns,12,0,5,4341,-4.56519573059e-07,-0.00399911145999,0.21912015238,-0.0182507698017,0.507026030868,0.305171619443,-0.00198175146665
lightgbm,without_returns,returns,12,0,6,4341,-1.22629472463e-05,-0.107423417878,0.221625260916,-0.48470746265,0.506334945865,0.320663441603,-0.0532334539963
lightgbm,without_returns,returns,12,0,7,4341,2.4088382245e-06,0.0211014228466,0.229475983223,0.0919548205014,0.509099285879,0.310930661138,0.0104567667326
lightgbm,without_returns,returns,12,0,8,4341,6.48596363157e-06,0.0568170414126,0.224892413892,0.252640986992,0.516931582585,0.304019811103,0.0281555681247
lightgbm,without_returns,returns,12,0,9,4341,2.64074545237e-05,0.231329301628,0.221230788114,1.04564696262,0.508408200875,0.315307532827,0.114634760088
lightgbm,without_returns,returns,12,0,10,4341,2.83421126172e-05,0.248276906526,0.220668936536,1.12511035955,0.516240497581,0.309318129463,0.123033110871
lightgbm,without_returns,returns,12,0,11,4341,3.05343251475e-05,0.267480688292,0.221720742872,1.20638549568,0.512785072564,0.295208477309,0.132549505465
lightgbm,without_returns,returns,12,1,0,4341,-2.4705711462e-05,-0.216422032407,0.218953253866,-0.988439443516,0.510942179221,0.315883436996,-0.107247493457
lightgbm,without_returns,returns,12,1,1,4341,-3.20635918897e-05,-0.280877064954,0.219366613906,-1.28040023937,0.508408200875,0.316632112416,-0.139188052393
lightgbm,without_returns,returns,12,1,2,4341,-1.16426602503e-05,-0.101989703793,0.222276042213,-0.458842540012,0.508177839208,0.313003916148,-0.0505407881466
lightgbm,without_returns,returns,12,1,3,4341,-1.56556540533e-05,-0.137143529507,0.221156148225,-0.620120808793,0.508638562543,0.317150426169,-0.0679611942452
lightgbm,without_returns,returns,12,1,4,4341,-3.55599559554e-05,-0.311505214169,0.222108924575,-1.40248850768,0.499193734163,0.306668970283,-0.154365768802
lightgbm,without_returns,returns,12,1,5,4341,-3.09736815173e-05,-0.271329450092,0.219204400947,-1.23779198282,0.501958074176,0.305171619443,-0.134456751467
lightgbm,without_returns,returns,12,1,6,4341,-4.43292914066e-05,-0.388324592722,0.221744264474,-1.75122722404,0.498502649159,0.320663441603,-0.192433453996
lightgbm,without_returns,returns,12,1,7,4341,-2.86842278893e-05,-0.25127383631,0.229568508506,-1.09454836792,0.503109882516,0.310930661138,-0.124518233267
lightgbm,without_returns,returns,12,1,8,4341,-2.39160174788e-05,-0.209504313114,0.224988431904,-0.931178155877,0.513015434232,0.304019811103,-0.103819431875
lightgbm,without_returns,returns,12,1,9,4341,-5.12329875891e-06,-0.044880097128,0.221265015567,-0.202834130886,0.503570605851,0.315307532827,-0.0222402399124
lightgbm,without_returns,returns,12,1,10,4341,-2.58970032917e-06,-0.0226857748835,0.220736348523,-0.102773172771,0.507486754204,0.309318129463,-0.0112418891289
lightgbm,without_returns,returns,12,1,11,4341,1.01347741652e-06,0.00887806216875,0.221804410596,0.0400265357434,0.508868924211,0.295208477309,0.00439950546513
lightgbm,without_returns,returns,12,2,0,4341,-5.62940551616e-05,-0.493135923216,0.219110896854,-2.25062253999,0.50264915918,0.315883436996,-0.244372493457
lightgbm,without_returns,returns,12,2,1,4341,-6.37268031314e-05,-0.558246795431,0.219516477764,-2.54307467538,0.504031329187,0.316632112416,-0.276638052393
lightgbm,without_returns,returns,12,2,2,4341,-4.29430518651e-05,-0.376181134339,0.222396741534,-1.69148671758,0.502188435844,0.313003916148,-0.186415788147
lightgbm,without_returns,returns,12,2,3,4341,-4.73706966702e-05,-0.414967302831,0.221295902905,-1.87516938806,0.503570605851,0.317150426169,-0.205636194245
lightgbm,without_returns,returns,12,2,4,4341,-6.62268529837e-05,-0.580147232137,0.222235283662,-2.61050910808,0.494356139138,0.306668970283,-0.287490768802
lightgbm,without_returns,returns,12,2,5,4341,-6.14908434616e-05,-0.538659788723,0.219349787103,-2.4557114727,0.493434692467,0.305171619443,-0.266931751467
lightgbm,without_returns,returns,12,2,6,4341,-7.6395635567e-05,-0.669225767567,0.221928994225,-3.01549497804,0.492973969132,0.320663441603,-0.331633453996
lightgbm,without_returns,returns,12,2,7,4341,-5.97772940031e-05,-0.523649095467,0.229722301627,-2.27948741484,0.498733010827,0.310930661138,-0.259493233267
lightgbm,without_returns,returns,12,2,8,4341,-5.43179985891e-05,-0.475825667641,0.225144288524,-2.11342544268,0.50472241419,0.304019811103,-0.235794431875
lightgbm,without_returns,returns,12,2,9,4341,-3.66540520416e-05,-0.321089495884,0.22136429256,-1.45050266315,0.498733010827,0.315307532827,-0.159115239912
lightgbm,without_returns,returns,12,2,10,4341,-3.35215132755e-05,-0.293648456293,0.220865547086,-1.32953491464,0.499884819166,0.309318129463,-0.145516889129
lightgbm,without_returns,returns,12,2,11,4341,-2.85073703144e-05,-0.249724563954,0.221946229397,-1.12515794764,0.50472241419,0.295208477309,-0.123750494535
lightgbm,without_returns,returns,12,5,0,4341,-0.00015105908626,-1.32327759564,0.219978873205,-6.01547583349,0.487214927436,0.315883436996,-0.655747493457
lightgbm,without_returns,returns,12,5,1,4341,-0.000158716436856,-1.39035598686,0.220357752428,-6.30953969869,0.486063119097,0.316632112416,-0.688988052393
lightgbm,without_returns,returns,12,5,2,4341,-0.00013684422671,-1.19875542598,0.223132931462,-5.37238236474,0.4867542041,0.313003916148,-0.594040788147
lightgbm,without_returns,returns,12,5,3,4341,-0.000142515824521,-1.2484386228,0.22210412349,-5.62096103029,0.487675650772,0.317150426169,-0.618661194245
lightgbm,without_returns,returns,12,5,4,4341,-0.000158227544069,-1.38607328604,0.222981823125,-6.21608195061,0.476387929049,0.306668970283,-0.686865768802
lightgbm,without_returns,returns,12,5,5,4341,-0.000153042329294,-1.34065080462,0.220151305195,-6.0896791115,0.476848652384,0.305171619443,-0.664356751467
lightgbm,without_returns,returns,12,5,6,4341,-0.000172594668048,-1.5119292921,0.222875615597,-6.78373579832,0.474775397374,0.320663441603,-0.749233453996
lightgbm,without_returns,returns,12,5,7,4341,-0.000153056492344,-1.34077487294,0.2305498177,-5.81555381963,0.482146970744,0.310930661138,-0.664418233267
lightgbm,without_returns,returns,12,5,8,4341,-0.00014552394192,-1.27478973122,0.225969414182,-5.64142601261,0.484220225754,0.304019811103,-0.631719431875
lightgbm,without_returns,returns,12,5,9,4341,-0.00013124631189,-1.14971769215,0.222051262453,-5.17771292741,0.482146970744,0.315307532827,-0.569740239912
lightgbm,without_returns,returns,12,5,10,4341,-0.000126316952114,-1.10653650052,0.221622523267,-4.99288828685,0.482146970744,0.309318129463,-0.548341889129
lightgbm,without_returns,returns,12,5,11,4341,-0.000117069913507,-1.02553244232,0.22271925368,-4.60459715709,0.490670352453,0.295208477309,-0.508200494535
lightgbm,without_returns,returns,12,10,0,4341,-0.000309000804758,-2.70684704968,0.222723426973,-12.1534006838,0.461644782308,0.315883436996,-1.34137249346
lightgbm,without_returns,returns,12,10,1,4341,-0.000317032493065,-2.77720463925,0.223047275587,-12.4511928332,0.457498272287,0.316632112416,-1.37623805239
lightgbm,without_returns,returns,12,10,2,4341,-0.000293346184784,-2.56971257871,0.225591578656,-11.3909951516,0.459801888966,0.313003916148,-1.27341578815
lightgbm,without_returns,returns,12,10,3,4341,-0.000301091037605,-2.63755748942,0.224730325867,-11.7365445863,0.457728633955,0.317150426169,-1.30703619425
lightgbm,without_returns,returns,12,10,4,4341,-0.00031156202921,-2.72928337588,0.225435766587,-12.1067008008,0.450817783921,0.306668970283,-1.3524907688
lightgbm,without_returns,returns,12,10,5,4341,-0.000305628139016,-2.67730249778,0.222688887213,-12.0226138416,0.451739230592,0.305171619443,-1.32673175147
lightgbm,without_returns,returns,12,10,6,4341,-0.00033292638885,-2.91643516632,0.225741558587,-12.9193542588,0.444137295554,0.320663441603,-1.445233454
lightgbm,without_returns,returns,12,10,7,4341,-0.000308521822913,-2.70265116872,0.233133596145,-11.592714278,0.455425017277,0.310930661138,-1.33929323327
lightgbm,without_returns,returns,12,10,8,4341,-0.000297533847472,-2.60639650385,0.228520769202,-11.4055125622,0.45726791062,0.304019811103,-1.29159443188
lightgbm,without_returns,returns,12,10,9,4341,-0.000288900078303,-2.53076468593,0.224478060774,-11.2739956734,0.454273208938,0.315307532827,-1.25411523991
lightgbm,without_returns,returns,12,10,10,4341,-0.000280976016846,-2.46134990757,0.224099897729,-10.9832709989,0.456807187284,0.309318129463,-1.21971688913
lightgbm,without_returns,returns,12,10,11,4341,-0.000264674152162,-2.31854557294,0.225151571613,-10.2977099219,0.465791292329,0.295208477309,-1.14895049453
ridge,full,,16,0,0,4341,4.19305564733e-05,0.367311674706,0.211887881794,1.73351902712,0.497581202488,1.36103432389,0.182020545651
ridge,full,,16,0,1,4341,8.94298911749e-05,0.783405846692,0.212587204929,3.68510347062,0.513015434232,1.39553098364,0.38821515759
ridge,full,,16,0,2,4341,1.39777294214e-05,0.122444909732,0.208340400876,0.587715628926,0.506795669201,1.38971435153,0.0606773234184
ridge,full,,16,0,3,4341,3.59122457001e-05,0.314591272333,0.212620957759,1.47958731655,0.499654457498,1.38372494817,0.155895058584
ridge,full,,16,0,4,4341,5.16012797141e-05,0.452027210295,0.211775684403,2.13446228055,0.509560009214,1.39518544114,0.224001155239
ridge,full,,16,0,5,4341,7.05266370072e-05,0.617813340183,0.213707074321,2.89093537098,0.516470859249,1.40520617369,0.306156131248
ridge,full,,16,0,6,4341,4.02294819923e-05,0.352410262252,0.210277196135,1.67593190669,0.503109882516,1.38648928818,0.174636181329
ridge,full,,16,0,7,4341,4.79627424167e-05,0.420153623571,0.213488000577,1.96804327379,0.508638562543,1.38896567611,0.208206264831
ridge,full,,16,0,8,4341,2.97264876047e-05,0.260404031417,0.20945459526,1.24324811825,0.501727712509,1.40031098825,0.129042682692
ridge,full,,16,0,9,4341,-5.36121184622e-06,-0.0469642157729,0.210763287372,-0.222829205022,0.503800967519,1.39915917991,-0.0232730206244
ridge,full,,16,0,10,4341,3.27199201974e-05,0.286626500929,0.205859433388,1.39234086198,0.503109882516,1.41038931122,0.142037173577
ridge,full,,16,0,11,4341,7.59341878128e-05,0.66518348524,0.20616952558,3.22639091966,0.51002073255,1.40238424326,0.329630309295
ridge,full,,16,1,0,4341,-9.41728759156e-05,-0.82495439302,0.211927236767,-3.89263034617,0.460492973969,1.36103432389,-0.408804454349
ridge,full,,16,1,1,4341,-5.01232071895e-05,-0.43907929498,0.212572944387,-2.0655464704,0.474775397374,1.39553098364,-0.21758484241
ridge,full,,16,1,2,4341,-0.000124993705732,-1.09494486221,0.208313414799,-5.25623788207,0.469016355678,1.38971435153,-0.542597676582
ridge,full,,16,1,3,4341,-0.000102460249117,-0.897551782263,0.212743559334,-4.21893750895,0.463487675651,1.38372494817,-0.444779941416
ridge,full,,16,1,4,4341,-8.79172644002e-05,-0.770155236146,0.211824327953,-3.63582051028,0.471089610689,1.39518544114,-0.381648844761
ridge,full,,16,1,5,4341,-6.99939803621e-05,-0.613147267972,0.213821822959,-2.86756168986,0.476848652384,1.40520617369,-0.303843868752
ridge,full,,16,1,6,4341,-9.8419446826e-05,-0.862154354195,0.2103081251,-4.09948190915,0.463257313983,1.38648928818,-0.427238818671
ridge,full,,16,1,7,4341,-9.09338251944e-05,-0.796580308703,0.213553061866,-3.73012824889,0.470628887353,1.38896567611,-0.394743735169
ridge,full,,16,1,8,4341,-0.00011030461122,-0.966268394291,0.209604496858,-4.6099602288,0.461875143976,1.40031098825,-0.478832317308
ridge,full,,16,1,9,4341,-0.000145277129837,-1.27262765738,0.210633269534,-6.0419118983,0.467864547339,1.39915917991,-0.630648020624
ridge,full,,16,1,10,4341,-0.000108319010925,-0.948874535699,0.20587440674,-4.60899706149,0.465560930661,1.41038931122,-0.470212826423
ridge,full,,16,1,11,4341,-6.43042365134e-05,-0.563305111857,0.206176108177,-2.73215513106,0.469707440682,1.40238424326,-0.279144690705
ridge,full,,16,2,0,4341,-0.000230276308304,-2.01722046075,0.212007632193,-9.51484830939,0.424786915457,1.36103432389,-0.999629454349
ridge,full,,16,2,1,4341,-0.000189676305554,-1.66156443665,0.21260028251,-7.815438517,0.436765722184,1.39553098364,-0.82338484241
ridge,full,,16,2,2,4341,-0.000263965140885,-2.31233463415,0.20832843129,-11.0994674123,0.43400138217,1.38971435153,-1.14587267658
ridge,full,,16,2,3,4341,-0.000240832743934,-2.10969483686,0.212908518573,-9.908926383,0.428472702142,1.38372494817,-1.04545494142
ridge,full,,16,2,4,4341,-0.000227435808514,-1.99233768259,0.21191465276,-9.40160416773,0.433079935499,1.39518544114,-0.987298844761
ridge,full,,16,2,5,4341,-0.000210514597731,-1.84410787613,0.213977511092,-8.61823219981,0.436535360516,1.40520617369,-0.913843868752
ridge,full,,16,2,6,4341,-0.000237068375644,-2.07671897064,0.210380884813,-9.87123413084,0.430085233817,1.38648928818,-1.02911381867
ridge,full,,16,2,7,4341,-0.000229830392806,-2.01331424098,0.213659896596,-9.42298612445,0.438608615526,1.38896567611,-0.997693735169
ridge,full,,16,2,8,4341,-0.000250335710046,-2.19294082,0.209795922563,-10.4527332715,0.425938723796,1.40031098825,-1.08670731731
ridge,full,,16,2,9,4341,-0.000285193047829,-2.49829109898,0.210546811296,-11.8657275482,0.423865468786,1.39915917991,-1.23802302062
ridge,full,,16,2,10,4341,-0.000249357942046,-2.18437557233,0.205931482272,-10.6072930094,0.426860170468,1.41038931122,-1.08246282642
ridge,full,,16,2,11,4341,-0.00020454266084,-1.79179370895,0.206225987376,-8.68849620627,0.431237042156,1.40238424326,-0.887919690705
ridge,full,,16,5,0,4341,-0.000638586605471,-5.59401866393,0.212494476468,-26.3254779932,0.325040313292,1.36103432389,-2.77210445435
ridge,full,,16,5,1,4341,-0.000608335600647,-5.32901986167,0.212931606743,-25.0269086078,0.335406588344,1.39553098364,-2.64078484241
ridge,full,,16,5,2,4341,-0.000680879446345,-5.96450394998,0.208625278626,-28.5895553466,0.329186823313,1.38971435153,-2.95569767658
ridge,full,,16,5,3,4341,-0.000655950228384,-5.74612400065,0.21365643521,-26.8942238739,0.320202718268,1.38372494817,-2.84747994142
ridge,full,,16,5,4,4341,-0.000645991440857,-5.65888502191,0.21243506038,-26.6381877444,0.328726099977,1.39518544114,-2.80424884476
ridge,full,,16,5,5,4341,-0.000632076449839,-5.53698970059,0.214689204711,-25.7907224914,0.336558396683,1.40520617369,-2.74384386875
ridge,full,,16,5,6,4341,-0.000653015162099,-5.72041281999,0.210849590913,-27.1303007761,0.331720801659,1.38648928818,-2.83473881867
ridge,full,,16,5,7,4341,-0.000646520095639,-5.6635160378,0.214230294287,-26.4365787138,0.336328035015,1.38896567611,-2.80654373517
ridge,full,,16,5,8,4341,-0.000670429006521,-5.87295809712,0.21061808932,-27.8843954766,0.318590186593,1.40031098825,-2.91033231731
ridge,full,,16,5,9,4341,-0.000704940801802,-6.17528142379,0.210549195615,-29.3293992682,0.326192121631,1.39915917991,-3.06014802062
ridge,full,,16,5,10,4341,-0.000672474735412,-5.89087868221,0.206354843755,-28.5473244777,0.329647546648,1.41038931122,-2.91921282642
ridge,full,,16,5,11,4341,-0.000625257933818,-5.47725950025,0.206634954972,-26.5069358715,0.32204561161,1.40238424326,-2.7142446907
ridge,full,,16,10,0,4341,-0.00131910376742,-11.5553490026,0.214117748902,-53.9672636287,0.207095139369,1.36103432389,-5.72622945435
ridge,full,,16,10,1,4341,-0.00130610109247,-11.44144557,0.214309542262,-53.387476121,0.206404054365,1.39553098364,-5.66978484241
ridge,full,,16,10,2,4341,-0.00137573662211,-12.0514528097,0.209954280466,-57.4003672748,0.194655609307,1.38971435153,-5.97207267658
ridge,full,,16,10,3,4341,-0.00134781270247,-11.8068392736,0.215736169905,-54.7281398331,0.21008984105,1.38372494817,-5.85085494142
ridge,full,,16,10,4,4341,-0.00134358416143,-11.7697972541,0.214126335574,-54.9666028821,0.205252246026,1.39518544114,-5.83249884476
ridge,full,,16,10,5,4341,-0.00133467953669,-11.6917927414,0.216681375882,-53.9584571759,0.207555862704,1.40520617369,-5.79384386875
ridge,full,,16,10,6,4341,-0.00134625980619,-11.7932359022,0.212458523809,-55.508414964,0.211932734393,1.38648928818,-5.84411381867
ridge,full,,16,10,7,4341,-0.00134100293369,-11.7471856992,0.216005891273,-54.383635696,0.213775627736,1.38896567611,-5.82129373517
ridge,full,,16,10,8,4341,-0.00137058450065,-12.0063202257,0.212803645323,-56.4197112668,0.205482607694,1.40031098825,-5.94970731731
ridge,full,,16,10,9,4341,-0.00140452039176,-12.3035986318,0.211424049685,-58.1939408035,0.200875374338,1.39915917991,-6.09702302062
ridge,full,,16,10,10,4341,-0.00137766939102,-12.0683838653,0.207894232451,-58.0505948774,0.196037779314,1.41038931122,-5.98046282642
ridge,full,,16,10,11,4341,-0.00132645005545,-11.6197024857,0.208174291125,-55.817182914,0.203178991016,1.40238424326,-5.7581196907
ridge,without_activity_flow,activity_flow,12,0,0,4341,3.50550197386e-05,0.30708197291,0.228265213536,1.3452858986,0.50472241419,1.26998387468,0.152173840685
ridge,without_activity_flow,activity_flow,12,0,1,4341,0.000109161116351,0.956251379237,0.221793240882,4.31145410669,0.516931582585,1.29083160562,0.473868406081
ridge,without_activity_flow,activity_flow,12,0,2,4341,7.50944935398e-06,0.0657827763409,0.222685175581,0.295407074896,0.502418797512,1.26583736466,0.0325985196456
ridge,without_activity_flow,activity_flow,12,0,3,4341,4.85804026053e-05,0.425564326822,0.231722626438,1.83652469922,0.508868924211,1.26434001382,0.21088752771
ridge,without_activity_flow,activity_flow,12,0,4,4341,5.34255340725e-05,0.468007678475,0.226921197932,2.06242379619,0.51209398756,1.26030868463,0.231920243409
ridge,without_activity_flow,activity_flow,12,0,5,4341,7.90183036425e-05,0.692200339908,0.234646691781,2.94996845962,0.51531905091,1.25886892421,0.343018456112
ridge,without_activity_flow,activity_flow,12,0,6,4341,5.03810752227e-05,0.441338218951,0.231268546904,1.90833654148,0.501266989173,1.26341856715,0.218704247542
ridge,without_activity_flow,activity_flow,12,0,7,4341,5.11928986837e-05,0.448449792469,0.228184180989,1.96529746508,0.509560009214,1.27297857636,0.222228373186
ridge,without_activity_flow,activity_flow,12,0,8,4341,2.47130445824e-05,0.216486270542,0.22520746168,0.961274857091,0.503800967519,1.2696959226,0.107279326532
ridge,without_activity_flow,activity_flow,12,0,9,4341,3.20923698234e-05,0.281129159653,0.226021025526,1.2438186182,0.50794747754,1.26940797051,0.139312977403
ridge,without_activity_flow,activity_flow,12,0,10,4341,4.36196033097e-05,0.382107724993,0.227872079253,1.67685188219,0.509099285879,1.26802580051,0.189352697967
ridge,without_activity_flow,activity_flow,12,0,11,4341,4.24864558217e-05,0.372181352998,0.226036089756,1.64655720863,0.508177839208,1.26906242801,0.184433704722
ridge,without_activity_flow,activity_flow,12,1,0,4341,-9.19433677297e-05,-0.805423901312,0.228298462952,-3.52794272417,0.473162865699,1.26998387468,-0.399126159315
ridge,without_activity_flow,activity_flow,12,1,1,4341,-1.99220442108e-05,-0.174517107287,0.221688471261,-0.787217784914,0.48997926745,1.29083160562,-0.0864815939193
ridge,without_activity_flow,activity_flow,12,1,2,4341,-0.000119074287112,-1.0430907551,0.222669586995,-4.68447788124,0.473623589035,1.26583736466,-0.516901480354
ridge,without_activity_flow,activity_flow,12,1,3,4341,-7.78535987769e-05,-0.681997525285,0.231734439123,-2.943013252,0.480995162405,1.26434001382,-0.33796247229
ridge,without_activity_flow,activity_flow,12,1,4,4341,-7.2605334391e-05,-0.636022729265,0.2268895133,-2.80322664549,0.481225524073,1.26030868463,-0.315179756591
ridge,without_activity_flow,activity_flow,12,1,5,4341,-4.68685887786e-05,-0.4105688377,0.234627199021,-1.74987742007,0.48468094909,1.25886892421,-0.203456543888
ridge,without_activity_flow,activity_flow,12,1,6,4341,-7.59607814924e-05,-0.665416445873,0.231230473909,-2.87771950913,0.470859249021,1.26341856715,-0.329745752458
ridge,without_activity_flow,activity_flow,12,1,7,4341,-7.61049589528e-05,-0.666679440426,0.228169872522,-2.92185569049,0.484450587422,1.27297857636,-0.330371626814
ridge,without_activity_flow,activity_flow,12,1,8,4341,-0.000102256547677,-0.895767357654,0.22519714578,-3.97770297911,0.471319972357,1.2696959226,-0.443895673468
ridge,without_activity_flow,activity_flow,12,1,9,4341,-9.48484272279e-05,-0.830872222517,0.225974932058,-3.67683359809,0.476618290716,1.26940797051,-0.411737022597
ridge,without_activity_flow,activity_flow,12,1,10,4341,-8.3182976741e-05,-0.728682876251,0.227874244575,-3.19774127002,0.478461184059,1.26802580051,-0.361097302033
ridge,without_activity_flow,activity_flow,12,1,11,4341,-8.44197869795e-05,-0.73951733394,0.226059551104,-3.27133859343,0.473162865699,1.26906242801,-0.366466295278
ridge,without_activity_flow,activity_flow,12,2,0,4341,-0.000218941755198,-1.91792977553,0.228376561621,-8.39810251069,0.44137295554,1.26998387468,-0.950426159315
ridge,without_activity_flow,activity_flow,12,2,1,4341,-0.000149005204773,-1.30528559381,0.221628596531,-5.88951793336,0.461184058973,1.29083160562,-0.646831593919
ridge,without_activity_flow,activity_flow,12,2,2,4341,-0.000245658023579,-2.15196428655,0.222699430291,-9.66308842253,0.442985487215,1.26583736466,-1.06640148035
ridge,without_activity_flow,activity_flow,12,2,3,4341,-0.000204287600159,-1.78955937739,0.231792313796,-7.72052941741,0.448283805575,1.26434001382,-0.88681247229
ridge,without_activity_flow,activity_flow,12,2,4,4341,-0.000198636202855,-1.74005313701,0.226902993915,-7.66870946471,0.452430315595,1.26030868463,-0.862279756591
ridge,without_activity_flow,activity_flow,12,2,5,4341,-0.0001727554812,-1.51333801531,0.234651989552,-6.44928695555,0.457728633955,1.25886892421,-0.749931543888
ridge,without_activity_flow,activity_flow,12,2,6,4341,-0.000202302638207,-1.7721711107,0.231237998971,-7.66384036614,0.440681870537,1.26341856715,-0.878195752458
ridge,without_activity_flow,activity_flow,12,2,7,4341,-0.000203402816589,-1.78180867332,0.228201286972,-7.80805707525,0.45726791062,1.27297857636,-0.882971626814
ridge,without_activity_flow,activity_flow,12,2,8,4341,-0.000229226139937,-2.00802098585,0.225232532674,-8.91532391884,0.442064040544,1.2696959226,-0.995070673468
ridge,without_activity_flow,activity_flow,12,2,9,4341,-0.000221789224279,-1.94287360469,0.225974604471,-8.59775198737,0.446210550564,1.26940797051,-0.962787022597
ridge,without_activity_flow,activity_flow,12,2,10,4341,-0.000209985556792,-1.83947347749,0.227922245624,-8.07061843593,0.448283805575,1.26802580051,-0.911547302033
ridge,without_activity_flow,activity_flow,12,2,11,4341,-0.000211326029781,-1.85121602088,0.226129093969,-8.18654507646,0.443446210551,1.26906242801,-0.917366295278
ridge,without_activity_flow,activity_flow,12,5,0,4341,-0.000599936917603,-5.2554473982,0.228879362213,-22.9616482124,0.354526606773,1.26998387468,-2.60432615931
ridge,without_activity_flow,activity_flow,12,5,1,4341,-0.000536254686459,-4.69759105338,0.221718569038,-21.1871791964,0.373416263534,1.29083160562,-2.32788159392
ridge,without_activity_flow,activity_flow,12,5,2,4341,-0.000625409232977,-5.47858488088,0.223061230318,-24.560901386,0.36328035015,1.26583736466,-2.71490148035
ridge,without_activity_flow,activity_flow,12,5,3,4341,-0.000583589604306,-5.11224493372,0.232241828346,-22.0125933822,0.367657221838,1.26434001382,-2.53336247229
ridge,without_activity_flow,activity_flow,12,5,4,4341,-0.000576728808245,-5.05214436023,0.227214212186,-22.2351599911,0.369500115181,1.26030868463,-2.50357975659
ridge,without_activity_flow,activity_flow,12,5,5,4341,-0.000550416158463,-4.82164554814,0.234991795568,-20.518356977,0.376410965215,1.25886892421,-2.38935654389
ridge,without_activity_flow,activity_flow,12,5,6,4341,-0.000581328208353,-5.09243510517,0.231533983337,-21.9943311637,0.363510711818,1.26341856715,-2.52354575246
ridge,without_activity_flow,activity_flow,12,5,7,4341,-0.000585296389499,-5.12719637201,0.228569542106,-22.4316692625,0.375028795208,1.27297857636,-2.54077162681
ridge,without_activity_flow,activity_flow,12,5,8,4341,-0.000610134916717,-5.34478187044,0.225612556205,-23.6900904823,0.355678415112,1.2696959226,-2.64859567347
ridge,without_activity_flow,activity_flow,12,5,9,4341,-0.000602611615433,-5.2788777512,0.226248080121,-23.3322543483,0.366044690164,1.26940797051,-2.6159370226
ridge,without_activity_flow,activity_flow,12,5,10,4341,-0.000590393296944,-5.17184528123,0.228340836068,-22.6496730514,0.370191200184,1.26802580051,-2.56289730203
ridge,without_activity_flow,activity_flow,12,5,11,4341,-0.000592044758184,-5.18631208169,0.226613646861,-22.8861419139,0.358903478461,1.26906242801,-2.57006629528
ridge,without_activity_flow,activity_flow,12,10,0,4341,-0.00123492885494,-10.8179767693,0.230604961084,-46.9112924477,0.23865468786,1.26998387468,-5.36082615931
ridge,without_activity_flow,activity_flow,12,10,1,4341,-0.00118167048927,-10.351433486,0.222764458649,-46.4680656366,0.252476387929,1.29083160562,-5.12963159392
ridge,without_activity_flow,activity_flow,12,10,2,4341,-0.00125832791531,-11.0229525381,0.224565760463,-49.0856331587,0.243492282884,1.26583736466,-5.46240148035
ridge,without_activity_flow,activity_flow,12,10,3,4341,-0.00121575961122,-10.6500541943,0.233903725355,-45.5317852595,0.249712047915,1.26434001382,-5.27761247229
ridge,without_activity_flow,activity_flow,12,10,4,4341,-0.00120688315056,-10.5722963989,0.228630208105,-46.2419051557,0.251094217922,1.26030868463,-5.23907975659
ridge,without_activity_flow,activity_flow,12,10,5,4341,-0.00117985062057,-10.3354914362,0.236437615662,-43.7133973257,0.260539046303,1.25886892421,-5.12173154389
ridge,without_activity_flow,activity_flow,12,10,6,4341,-0.00121303749193,-10.6262084293,0.232933575858,-45.6190499379,0.260078322967,1.26341856715,-5.26579575246
ridge,without_activity_flow,activity_flow,12,10,7,4341,-0.00122178567768,-10.7028425365,0.230090656271,-46.5157634385,0.264455194656,1.27297857636,-5.30377162681
ridge,without_activity_flow,activity_flow,12,10,8,4341,-0.00124498287802,-10.9060500114,0.227152572413,-48.0120031025,0.245795899562,1.2696959226,-5.40447067347
ridge,without_activity_flow,activity_flow,12,10,9,4341,-0.00123731560069,-10.838884662,0.227613781983,-47.619632553,0.255240727943,1.26940797051,-5.3711870226
ridge,without_activity_flow,activity_flow,12,10,10,4341,-0.0012244061972,-10.7257982874,0.229947139891,-46.6446257715,0.252476387929,1.26802580051,-5.31514730203
ridge,without_activity_flow,activity_flow,12,10,11,4341,-0.00122657597219,-10.7448055164,0.228333460156,-47.0575162705,0.246717346234,1.26906242801,-5.32456629528
ridge,without_calendar,calendar,12,0,0,4341,4.24882476932e-05,0.372197049792,0.211576923553,1.75915711195,0.49735084082,1.366850956,0.184441483236
ridge,without_calendar,calendar,12,0,1,4341,8.91950942758e-05,0.781349025856,0.211012188955,3.70286204662,0.5132457959,1.39950472241,0.387195904251
ridge,without_calendar,calendar,12,0,2,4341,1.64620291722e-05,0.144207375549,0.208303923885,0.692293130436,0.51002073255,1.39414881364,0.0714616686366
ridge,without_calendar,calendar,12,0,3,4341,4.17450709127e-05,0.365686821195,0.212830509992,1.7182067609,0.50057590417,1.39034784612,0.181215352832
ridge,without_calendar,calendar,12,0,4,4341,5.33117588851e-05,0.467011007834,0.211842499345,2.20451991115,0.509329647547,1.39904399908,0.23142634532
ridge,without_calendar,calendar,12,0,5,4341,6.74320194131e-05,0.590704490059,0.213286791408,2.76953151275,0.51209398756,1.40825846579,0.292722396272
ridge,without_calendar,calendar,12,0,6,4341,4.35549184498e-05,0.38154108562,0.209890588745,1.81780940204,0.506565307533,1.39075097904,0.189071900991
ridge,without_calendar,calendar,12,0,7,4341,4.68253738596e-05,0.41019027501,0.212849302535,1.92713938981,0.506795669201,1.39518544114,0.203268947924
ridge,without_calendar,calendar,12,0,8,4341,3.48190290684e-05,0.305014694639,0.209445644826,1.45629523542,0.499193734163,1.40486063119,0.151149405186
ridge,without_calendar,calendar,12,0,9,4341,-6.35132036849e-06,-0.0556375664279,0.209800991061,-0.265192104893,0.502418797512,1.40445749827,-0.0275710817196
ridge,without_calendar,calendar,12,0,10,4341,2.77967475009e-05,0.243499508108,0.205953624577,1.18230261112,0.503340244183,1.41378714582,0.120665680901
ridge,without_calendar,calendar,12,0,11,4341,6.94558093173e-05,0.608432889619,0.205450211134,2.96146149601,0.508177839208,1.40785533287,0.301507668246
ridge,without_calendar,calendar,12,1,0,4341,-9.41968479069e-05,-0.825164387664,0.211642801683,-3.89885401773,0.460953697305,1.366850956,-0.408908516764
ridge,without_calendar,calendar,12,1,1,4341,-5.07553779657e-05,-0.444617110979,0.210995465766,-2.10723538235,0.473853950703,1.39950472241,-0.220329095749
ridge,without_calendar,calendar,12,1,2,4341,-0.000122952852192,-1.0770669852,0.208264371948,-5.17163341537,0.471550334024,1.39414881364,-0.533738331363
ridge,without_calendar,calendar,12,1,3,4341,-9.72897136991e-05,-0.852257892004,0.212960063467,-4.00196111012,0.464409122322,1.39034784612,-0.422334647168
ridge,without_calendar,calendar,12,1,4,4341,-8.65926410228e-05,-0.758551535359,0.211862981794,-3.58038732834,0.470398525685,1.39904399908,-0.37589865468
ridge,without_calendar,calendar,12,1,5,4341,-7.3393827166e-05,-0.642929925975,0.213405658385,-3.01271264708,0.475005759042,1.40825846579,-0.318602603728
ridge,without_calendar,calendar,12,1,6,4341,-9.55201794539e-05,-0.836756772016,0.209902846504,-3.9864003083,0.468325270675,1.39075097904,-0.414653099009
ridge,without_calendar,calendar,12,1,7,4341,-9.26931702547e-05,-0.811992171431,0.212904236411,-3.81388451972,0.471550334024,1.39518544114,-0.402381052076
ridge,without_calendar,calendar,12,1,8,4341,-0.000105667034051,-0.925643218284,0.209577751957,-4.41670554074,0.45934116563,1.40486063119,-0.458700594814
ridge,without_calendar,calendar,12,1,9,4341,-0.000146797070196,-1.28594233491,0.209682899835,-6.13279545413,0.465791292329,1.40445749827,-0.63724608172
ridge,without_calendar,calendar,12,1,10,4341,-0.000113581967081,-0.99497803163,0.205982575505,-4.83039902376,0.461644782308,1.41378714582,-0.493059319099
ridge,without_calendar,calendar,12,1,11,4341,-7.132972397e-05,-0.624848381977,0.20545884877,-3.04123373472,0.467173462336,1.40785533287,-0.309642331754
ridge,without_calendar,calendar,12,2,0,4341,-0.000230881943507,-2.02252582512,0.211749857959,-9.55148610072,0.42340474545,1.366850956,-1.00225851676
ridge,without_calendar,calendar,12,2,1,4341,-0.000190705850207,-1.67058324781,0.211020888894,-7.91667240419,0.43607463718,1.39950472241,-0.827854095749
ridge,without_calendar,calendar,12,2,2,4341,-0.000262367733555,-2.29834134594,0.208266985873,-11.0355529289,0.432619212163,1.39414881364,-1.13893833136
ridge,without_calendar,calendar,12,2,3,4341,-0.000236324498311,-2.0702026052,0.213131903779,-9.7132459688,0.428242340475,1.39034784612,-1.02588464717
ridge,without_calendar,calendar,12,2,4,4341,-0.000226497040931,-1.98411407855,0.211924629658,-9.36235718213,0.432849573831,1.39904399908,-0.98322365468
ridge,without_calendar,calendar,12,2,5,4341,-0.000214219673745,-1.87656434201,0.213566015117,-8.78681161409,0.436304998848,1.40825846579,-0.929927603728
ridge,without_calendar,calendar,12,2,6,4341,-0.000234595277358,-2.05505462965,0.209957046972,-9.78797644228,0.434692467173,1.39075097904,-1.01837809901
ridge,without_calendar,calendar,12,2,7,4341,-0.000232211714369,-2.03417461787,0.213001216347,-9.55006104075,0.439069338862,1.39518544114,-1.00803105208
ridge,without_calendar,calendar,12,2,8,4341,-0.00024615309717,-2.15630113121,0.209750733702,-10.2803031634,0.424556553789,1.40486063119,-1.06855059481
ridge,without_calendar,calendar,12,2,9,4341,-0.000287242820023,-2.5162471034,0.209608326192,-12.0045188525,0.423174383783,1.40445749827,-1.24692108172
ridge,without_calendar,calendar,12,2,10,4341,-0.000254960681663,-2.23345557137,0.206053150652,-10.8392206783,0.424326192122,1.41378714582,-1.1067843191
ridge,without_calendar,calendar,12,2,11,4341,-0.000212115257257,-1.85812965357,0.205510596589,-9.04152722252,0.427781617139,1.40785533287,-0.920792331754
ridge,without_calendar,calendar,12,5,0,4341,-0.000640937230307,-5.61461013749,0.212317352977,-26.4444241545,0.321354526607,1.366850956,-2.78230851676
ridge,without_calendar,calendar,12,5,1,4341,-0.000610557266931,-5.34848165832,0.211349758013,-25.3063060427,0.333333333333,1.39950472241,-2.65042909575
ridge,without_calendar,calendar,12,5,2,4341,-0.000680612377646,-5.96216442818,0.208527679074,-28.5917171988,0.329647546648,1.39414881364,-2.95453833136
ridge,without_calendar,calendar,12,5,3,4341,-0.000653428852146,-5.7240367448,0.213900001187,-26.7603399394,0.321354526607,1.39034784612,-2.83653464717
ridge,without_calendar,calendar,12,5,4,4341,-0.000646210240654,-5.66080170813,0.212356087531,-26.6571200004,0.326883206634,1.39904399908,-2.80519865468
ridge,without_calendar,calendar,12,5,5,4341,-0.000636697213483,-5.57746759011,0.214294971955,-26.0270576544,0.336558396683,1.40825846579,-2.76390260373
ridge,without_calendar,calendar,12,5,6,4341,-0.000651820571069,-5.70994820256,0.210370855009,-27.1422968848,0.333563695001,1.39075097904,-2.82955309901
ridge,without_calendar,calendar,12,5,7,4341,-0.000650767346712,-5.70072195719,0.213543735484,-26.6958051673,0.33471550334,1.39518544114,-2.82498105208
ridge,without_calendar,calendar,12,5,8,4341,-0.000667611286527,-5.84827486998,0.210513799961,-27.7809572155,0.317438378254,1.40486063119,-2.89810059481
ridge,without_calendar,calendar,12,5,9,4341,-0.000708580069505,-6.20716140886,0.209646039654,-29.6078161987,0.324809951624,1.40445749827,-3.07594608172
ridge,without_calendar,calendar,12,5,10,4341,-0.000679096825409,-5.94888819058,0.206514068823,-28.8062126929,0.32941718498,1.41378714582,-2.9479593191
ridge,without_calendar,calendar,12,5,11,4341,-0.000634471857119,-5.55797346836,0.205924040753,-26.990406016,0.320202718268,1.40785533287,-2.75424233175
ridge,without_calendar,calendar,12,10,0,4341,-0.00132436270831,-11.6014173248,0.214076318422,-54.1929037752,0.207325501037,1.366850956,-5.74905851676
ridge,without_calendar,calendar,12,10,1,4341,-0.00131030962814,-11.4783123425,0.212734467749,-53.956053591,0.206404054365,1.39950472241,-5.68805409575
ridge,without_calendar,calendar,12,10,2,4341,-0.00137768678447,-12.0685362319,0.209800340316,-57.5239116093,0.195807417646,1.39414881364,-5.98053833136
ridge,without_calendar,calendar,12,10,3,4341,-0.00134860277521,-11.8137603108,0.216011627555,-54.6903907189,0.208477309376,1.39034784612,-5.85428464717
ridge,without_calendar,calendar,12,10,4,4341,-0.00134573224019,-11.7886144241,0.213890505113,-55.1151834341,0.207095139369,1.39904399908,-5.84182365468
ridge,without_calendar,calendar,12,10,5,4341,-0.00134082644638,-11.7456396703,0.216326415729,-54.2959103294,0.206634416033,1.40825846579,-5.82052760373
ridge,without_calendar,calendar,12,10,6,4341,-0.00134719606059,-11.8014374907,0.211891495654,-55.6956637373,0.211702372725,1.39075097904,-5.84817809901
ridge,without_calendar,calendar,12,10,7,4341,-0.00134836006728,-11.8116341894,0.21527872195,-54.8667052759,0.215618521078,1.39518544114,-5.85323105208
ridge,without_calendar,calendar,12,10,8,4341,-0.00137004160212,-12.0015644346,0.212589149937,-56.4542660722,0.205252246026,1.40486063119,-5.94735059481
ridge,without_calendar,calendar,12,10,9,4341,-0.00141080881864,-12.3586852513,0.210578252329,-58.6892763834,0.202027182677,1.40445749827,-6.12432108172
ridge,without_calendar,calendar,12,10,10,4341,-0.00138599039832,-12.1412758893,0.20810589718,-58.3418156514,0.199953927666,1.41378714582,-6.0165843191
ridge,without_calendar,calendar,12,10,11,4341,-0.00133839952356,-11.7243798263,0.207467031325,-56.5120142292,0.201566459341,1.40785533287,-5.80999233175
ridge,without_range_volatility,range_volatility,12,0,0,4341,6.33067127645e-05,0.554566803817,0.20453445246,2.71136132396,0.528449665976,1.51802580051,0.274814440111
ridge,without_range_volatility,range_volatility,12,0,1,4341,9.99148891196e-05,0.875254428687,0.204221113869,4.28581752448,0.528680027643,1.52660677263,0.433730533668
ridge,without_range_volatility,range_volatility,12,0,2,4341,3.2544006948e-05,0.285085500864,0.205675517011,1.38609351763,0.52798894264,1.51814098134,0.141273534161
ridge,without_range_volatility,range_volatility,12,0,3,4341,6.89619003991e-05,0.604106247496,0.207631830106,2.90950692477,0.519465560931,1.52153881594,0.299363609632
ridge,without_range_volatility,range_volatility,12,0,4,4341,9.2482959296e-05,0.810150723433,0.201945802491,4.01172350918,0.530753282654,1.52303616678,0.401468526304
ridge,without_range_volatility,range_volatility,12,0,5,4341,0.000106435358687,0.932373742098,0.194692071498,4.78896616038,0.535821239346,1.53455425017,0.46203589206
ridge,without_range_volatility,range_volatility,12,0,6,4341,7.73052391049e-05,0.677193894559,0.202116926588,3.35050560085,0.531444367657,1.51865929509,0.335582042954
ridge,without_range_volatility,range_volatility,12,0,7,4341,9.64036842329e-05,0.844496273881,0.204659353469,4.12635073632,0.531444367657,1.51606772633,0.418488393255
ridge,without_range_volatility,range_volatility,12,0,8,4341,6.21949781089e-05,0.544828008234,0.19861529569,2.74313217591,0.523381709284,1.51652844967,0.269988399971
ridge,without_range_volatility,range_volatility,12,0,9,4341,5.59788332692e-05,0.490374579438,0.193289408872,2.53699663267,0.525454964294,1.52199953928,0.243004115221
ridge,without_range_volatility,range_volatility,12,0,10,4341,5.05325466762e-05,0.442665108883,0.193273816426,2.29035219083,0.527758580972,1.52965906473,0.219361785121
ridge,without_range_volatility,range_volatility,12,0,11,4341,9.54115103436e-05,0.83580483061,0.194911193093,4.28813151953,0.532596175996,1.52015664593,0.414181366402
ridge,without_range_volatility,range_volatility,12,1,0,4341,-8.84958672861e-05,-0.775223797427,0.204608041632,-3.7888237004,0.489518544114,1.51802580051,-0.384160559889
ridge,without_range_volatility,range_volatility,12,1,1,4341,-5.27457881437e-05,-0.462053104139,0.204169447266,-2.26308642319,0.486293480765,1.52660677263,-0.228969466332
ridge,without_range_volatility,range_volatility,12,1,2,4341,-0.000119270091186,-1.04480599879,0.205651125566,-5.08047790117,0.488136374107,1.51814098134,-0.517751465839
ridge,without_range_volatility,range_volatility,12,1,3,4341,-8.3191981195e-05,-0.728761755268,0.207732767819,-3.50816947619,0.474545035706,1.52153881594,-0.361136390368
ridge,without_range_volatility,range_volatility,12,1,4,4341,-5.98206573822e-05,-0.524028958668,0.201898476671,-2.59550724359,0.486293480765,1.52303616678,-0.259681473696
ridge,without_range_volatility,range_volatility,12,1,5,4341,-4.70200663303e-05,-0.411895781054,0.194722113477,-2.11530048487,0.4867542041,1.53455425017,-0.20411410794
ridge,without_range_volatility,range_volatility,12,1,6,4341,-7.45606904045e-05,-0.653151647943,0.202045968142,-3.23268835279,0.4867542041,1.51865929509,-0.323667957046
ridge,without_range_volatility,range_volatility,12,1,7,4341,-5.52030884001e-05,-0.483579054385,0.20465055746,-2.36295009594,0.492513245796,1.51606772633,-0.239636606745
ridge,without_range_volatility,range_volatility,12,1,8,4341,-8.94578668577e-05,-0.783650913673,0.198534690717,-3.94717371983,0.482838055748,1.51652844967,-0.388336600029
ridge,without_range_volatility,range_volatility,12,1,9,4341,-9.62211206585e-05,-0.842897016969,0.193225556639,-4.36224395794,0.482838055748,1.52199953928,-0.417695884779
ridge,without_range_volatility,range_volatility,12,1,10,4341,-0.000102433359797,-0.897316231822,0.193289495073,-4.64234350389,0.480764800737,1.52965906473,-0.444663214879
ridge,without_range_volatility,range_volatility,12,1,11,4341,-5.66041542498e-05,-0.495852391228,0.194991437501,-2.54294443685,0.490209629118,1.52015664593,-0.245718633598
ridge,without_range_volatility,range_volatility,12,2,0,4341,-0.000240298447337,-2.10501439867,0.2047198161,-10.2824164205,0.445980188897,1.51802580051,-1.04313555989
ridge,without_range_volatility,range_volatility,12,2,1,4341,-0.000205406465407,-1.79936063697,0.20415472791,-8.81371034306,0.44874452891,1.52660677263,-0.891669466332
ridge,without_range_volatility,range_volatility,12,2,2,4341,-0.00027108418932,-2.37469749844,0.205664986425,-11.5464354907,0.445058742225,1.51814098134,-1.17677646584
ridge,without_range_volatility,range_volatility,12,2,3,4341,-0.000235345862789,-2.06162975803,0.207870702273,-9.91784669743,0.43607463718,1.52153881594,-1.02163639037
ridge,without_range_volatility,range_volatility,12,2,4,4341,-0.00021212427406,-1.85820864077,0.201889541751,-9.20408568294,0.448283805575,1.52303616678,-0.920831473696
ridge,without_range_volatility,range_volatility,12,2,5,4341,-0.000200475491348,-1.75616530421,0.194791006343,-9.0156385409,0.445289103893,1.53455425017,-0.87026410794
ridge,without_range_volatility,range_volatility,12,2,6,4341,-0.000226426619914,-1.98349719044,0.202014216723,-9.81860199059,0.444367657222,1.51865929509,-0.982917957046
ridge,without_range_volatility,range_volatility,12,2,7,4341,-0.000206809861033,-1.81165438265,0.204679725328,-8.85116676677,0.451278507256,1.51606772633,-0.897761606745
ridge,without_range_volatility,range_volatility,12,2,8,4341,-0.000241110711824,-2.11212983558,0.198492329761,-10.6408637458,0.434922828841,1.51652844967,-1.04666160003
ridge,without_range_volatility,range_volatility,12,2,9,4341,-0.000248421074586,-2.17616861337,0.193202107888,-11.2636898073,0.440451508869,1.52199953928,-1.07839588478
ridge,without_range_volatility,range_volatility,12,2,10,4341,-0.00025539926627,-2.23729757253,0.193343736965,-11.5716061334,0.43400138217,1.52965906473,-1.10868821488
ridge,without_range_volatility,range_volatility,12,2,11,4341,-0.000208619818843,-1.82750961307,0.195111854903,-9.36647142214,0.445519465561,1.52015664593,-0.905618633598
ridge,without_range_volatility,range_volatility,12,5,0,4341,-0.000695706187489,-6.0943862024,0.205283520997,-29.6876542881,0.32527067496,1.51802580051,-3.02006055989
ridge,without_range_volatility,range_volatility,12,5,1,4341,-0.000663388497197,-5.81128323545,0.204332232955,-28.4403647501,0.327804653306,1.52660677263,-2.87976946633
ridge,without_range_volatility,range_volatility,12,5,2,4341,-0.000726526483722,-6.36437199741,0.205935899008,-30.9046262845,0.323658143285,1.51814098134,-3.15385146584
ridge,without_range_volatility,range_volatility,12,5,3,4341,-0.000691807507571,-6.06023376633,0.208505653367,-29.0650812986,0.318359824925,1.52153881594,-3.00313639037
ridge,without_range_volatility,range_volatility,12,5,4,4341,-0.000669035124095,-5.86074768707,0.202093023926,-29.0002473773,0.331490439991,1.52303616678,-2.9042814737
ridge,without_range_volatility,range_volatility,12,5,5,4341,-0.000660841766399,-5.78897387366,0.195230262993,-29.652031324,0.328265376641,1.53455425017,-2.86871410794
ridge,without_range_volatility,range_volatility,12,5,6,4341,-0.000682024408442,-5.97453381795,0.202154275301,-29.5543282924,0.325501036628,1.51865929509,-2.96066795705
ridge,without_range_volatility,range_volatility,12,5,7,4341,-0.000661630178932,-5.79588036745,0.204994744676,-28.2733119651,0.343469246717,1.51606772633,-2.87213660674
ridge,without_range_volatility,range_volatility,12,5,8,4341,-0.000696069246724,-6.0975666013,0.198594845249,-30.7035491966,0.316977654918,1.51652844967,-3.02163660003
ridge,without_range_volatility,range_volatility,12,5,9,4341,-0.000705020936369,-6.17598340259,0.193374202877,-31.9379902319,0.321584888275,1.52199953928,-3.06049588478
ridge,without_range_volatility,range_volatility,12,5,10,4341,-0.00071429698569,-6.25724159464,0.193737403075,-32.2975403579,0.314904399908,1.52965906473,-3.10076321488
ridge,without_range_volatility,range_volatility,12,5,11,4341,-0.000664666812623,-5.82248127858,0.195713279848,-29.7500572424,0.323888504953,1.52015664593,-2.8853186336
ridge,without_range_volatility,range_volatility,12,10,0,4341,-0.00145471908774,-12.7433392086,0.206976820928,-61.5689194157,0.182907164248,1.51802580051,-6.31493555989
ridge,without_range_volatility,range_volatility,12,10,1,4341,-0.00142669188351,-12.4978208996,0.205363839553,-60.8569694003,0.191430545957,1.52660677263,-6.19326946633
ridge,without_range_volatility,range_volatility,12,10,2,4341,-0.00148559697439,-13.0138294957,0.207147584704,-62.8239499596,0.186823312601,1.51814098134,-6.44897646584
ridge,without_range_volatility,range_volatility,12,10,3,4341,-0.00145257691554,-12.7245737801,0.210293224381,-60.5087197537,0.190969822622,1.52153881594,-6.30563639037
ridge,without_range_volatility,range_volatility,12,10,4,4341,-0.00143055320749,-12.5316460976,0.203196172964,-61.6726482334,0.183828610919,1.52303616678,-6.2100314737
ridge,without_range_volatility,range_volatility,12,10,5,4341,-0.00142811889149,-12.5103214894,0.196731049964,-63.5909862307,0.188896567611,1.53455425017,-6.19946410794
ridge,without_range_volatility,range_volatility,12,10,6,4341,-0.00144135405599,-12.6262615305,0.203169097519,-62.146565027,0.190739460954,1.51865929509,-6.25691795705
ridge,without_range_volatility,range_volatility,12,10,7,4341,-0.0014196640421,-12.4362570088,0.206273433467,-60.290153704,0.199953927666,1.51606772633,-6.16276160674
ridge,without_range_volatility,range_volatility,12,10,8,4341,-0.00145433347156,-12.7399612108,0.199528531617,-63.850323097,0.183828610919,1.51652844967,-6.31326160003
ridge,without_range_volatility,range_volatility,12,10,9,4341,-0.00146602070601,-12.8423413846,0.194465508583,-66.0391731068,0.178760654227,1.52199953928,-6.36399588478
ridge,without_range_volatility,range_volatility,12,10,10,4341,-0.00147912651806,-12.9571482982,0.195157289901,-66.3933604774,0.174614144206,1.52965906473,-6.42088821488
ridge,without_range_volatility,range_volatility,12,10,11,4341,-0.00142474513559,-12.4807673878,0.197507457048,-63.1913729958,0.185441142594,1.52015664593,-6.1848186336
ridge,without_returns,returns,12,0,0,4341,-5.52528371785e-06,-0.0484014853684,0.222112852144,-0.217913933845,0.486984565768,1.2696959226,-0.0239852566192
ridge,without_returns,returns,12,0,1,4341,6.30382634963e-05,0.552215188228,0.217507895885,2.53882823877,0.495047224142,1.30937571988,0.273649101837
ridge,without_returns,returns,12,0,2,4341,4.02006601211e-06,0.0352157782661,0.215282955484,0.163579035725,0.493895415803,1.30833909238,0.0174511065586
ridge,without_returns,returns,12,0,3,4341,9.08967913706e-06,0.0796255892406,0.219079814016,0.3634547053,0.491822160792,1.29791522691,0.039458297134
ridge,without_returns,returns,12,0,4,4341,2.79545349193e-05,0.244881725893,0.218072441125,1.12293751851,0.495738309145,1.31778392076,0.121350636085
ridge,without_returns,returns,12,0,5,4341,1.70128332169e-05,0.14903241898,0.216465113495,0.688482391339,0.492282884128,1.32999308915,0.0738527089947
ridge,without_returns,returns,12,0,6,4341,-2.70854155829e-05,-0.237268240506,0.217218872596,-1.0923003037,0.479152269062,1.3090877678,-0.117577789046
ridge,without_returns,returns,12,0,7,4341,3.59326426866e-06,0.0314769949934,0.221232314116,0.14228027727,0.498733010827,1.3104699378,0.0155983601902
ridge,without_returns,returns,12,0,8,4341,5.55676009532e-06,0.048677218435,0.218227769385,0.223056939876,0.480534439069,1.32342778162,0.0241218955738
ridge,without_returns,returns,12,0,9,4341,-3.23903128532e-05,-0.283739140594,0.214671299822,-1.3217376558,0.486293480765,1.33028104123,-0.140606348096
ridge,without_returns,returns,12,0,10,4341,3.58054228355e-05,0.313655504039,0.214830646911,1.46001284523,0.50057590417,1.34358442755,0.155431340529
ridge,without_returns,returns,12,0,11,4341,2.50869986294e-05,0.219762107994,0.211116014523,1.04095422837,0.49942409583,1.33137525916,0.10890266105
ridge,without_returns,returns,12,1,0,4341,-0.000132494875978,-1.16065511356,0.22213519863,-5.22499415097,0.453812485602,1.2696959226,-0.575160256619
ridge,without_returns,returns,12,1,1,4341,-6.78993084917e-05,-0.594797942387,0.217479580852,-2.73495994455,0.463026952315,1.30937571988,-0.294750898163
ridge,without_returns,returns,12,1,2,4341,-0.000126813843225,-1.11088926665,0.215317261423,-5.15931356043,0.460492973969,1.30833909238,-0.550498893441
ridge,without_returns,returns,12,1,3,4341,-0.000120701843554,-1.05734814953,0.219179288545,-4.82412438032,0.459801888966,1.29791522691,-0.523966702866
ridge,without_returns,returns,12,1,4,4341,-0.000103823857156,-0.909496988689,0.218106797134,-4.16996169143,0.464178760654,1.31778392076,-0.450699363915
ridge,without_returns,returns,12,1,5,4341,-0.000115986475698,-1.01604152711,0.216555236317,-4.69183541526,0.452891038931,1.32999308915,-0.503497291005
ridge,without_returns,returns,12,1,6,4341,-0.000157994192362,-1.3840291251,0.217257702014,-6.37044906702,0.447592720571,1.3090877678,-0.685852789046
ridge,without_returns,returns,12,1,7,4341,-0.000127453729512,-1.11649467052,0.221332145686,-5.04443069967,0.460723335637,1.3104699378,-0.55327663981
ridge,without_returns,returns,12,1,8,4341,-0.000126786018066,-1.11064551826,0.218317622886,-5.0872921003,0.446440912232,1.32342778162,-0.550378104426
ridge,without_returns,returns,12,1,9,4341,-0.000165418416977,-1.44906533272,0.214619405397,-6.75179082728,0.451278507256,1.33028104123,-0.718081348096
ridge,without_returns,returns,12,1,10,4341,-9.85530199197e-05,-0.863324454496,0.214832912771,-4.01858562249,0.460032250633,1.34358442755,-0.427818659471
ridge,without_returns,returns,12,1,11,4341,-0.000108050527286,-0.946522619028,0.211134623157,-4.48302890769,0.459110803962,1.33137525916,-0.46904733895
ridge,without_returns,returns,12,2,0,4341,-0.000259464468238,-2.27290874176,0.222195829985,-10.2293042219,0.420179682101,1.2696959226,-1.12633525662
ridge,without_returns,returns,12,2,1,4341,-0.00019883688048,-1.741811073,0.21749228651,-8.00861079238,0.431467403824,1.30937571988,-0.863150898163
ridge,without_returns,returns,12,2,2,4341,-0.000257647752463,-2.25699431157,0.21539227444,-10.4785295454,0.425247638793,1.30833909238,-1.11844889344
ridge,without_returns,returns,12,2,3,4341,-0.000250493366244,-2.1943218883,0.21931803384,-10.0052049979,0.42133149044,1.29791522691,-1.08739170287
ridge,without_returns,returns,12,2,4,4341,-0.000235602249232,-2.06387570327,0.218183590443,-9.45935346962,0.426860170468,1.31778392076,-1.02274936392
ridge,without_returns,returns,12,2,5,4341,-0.000248985784613,-2.18111547321,0.216686792175,-10.0657518224,0.420640405437,1.32999308915,-1.08084729101
ridge,without_returns,returns,12,2,6,4341,-0.000288902969142,-2.53079000968,0.217337969119,-11.6444909279,0.416954618751,1.3090877678,-1.25412778905
ridge,without_returns,returns,12,2,7,4341,-0.000258500723292,-2.26446633604,0.221472093338,-10.2246125095,0.422713660447,1.3104699378,-1.12215163981
ridge,without_returns,returns,12,2,8,4341,-0.000259128796228,-2.26996825496,0.218446276765,-10.3914257023,0.416263533748,1.32342778162,-1.12487810443
ridge,without_returns,returns,12,2,9,4341,-0.0002984465211,-2.61439152484,0.214608699134,-12.1821321102,0.41603317208,1.33028104123,-1.2955563481
ridge,without_returns,returns,12,2,10,4341,-0.000232911462675,-2.04030441303,0.21487557856,-9.49528292935,0.422713660447,1.34358442755,-1.01106865947
ridge,without_returns,returns,12,2,11,4341,-0.000241188053202,-2.11280734605,0.211193476468,-10.0041316682,0.421792213776,1.33137525916,-1.04699733895
ridge,without_returns,returns,12,5,0,4341,-0.000640373245017,-5.60966962635,0.222607021677,-25.1998772729,0.332872609998,1.2696959226,-2.77986025662
ridge,without_returns,returns,12,5,1,4341,-0.000591649596444,-5.18285046485,0.217776339935,-23.7989602837,0.339553098364,1.30937571988,-2.56835089816
ridge,without_returns,returns,12,5,2,4341,-0.000650149480175,-5.69530944634,0.215861016439,-26.3841500438,0.331029716655,1.30833909238,-2.82229889344
ridge,without_returns,returns,12,5,3,4341,-0.000639867934316,-5.60524310461,0.219969046068,-25.4819630525,0.329647546648,1.29791522691,-2.77766670287
ridge,without_returns,returns,12,5,4,4341,-0.000630937425458,-5.52701184702,0.21866802353,-25.2758119719,0.324349228288,1.31778392076,-2.73889936392
ridge,without_returns,returns,12,5,5,4341,-0.000647983711358,-5.6763373115,0.217329187049,-26.1186147547,0.321354526607,1.32999308915,-2.81289729101
ridge,without_returns,returns,12,5,6,4341,-0.000681629299481,-5.97107266345,0.217826820238,-27.4120177531,0.33056899332,1.3090877678,-2.95895278905
ridge,without_returns,returns,12,5,7,4341,-0.000651641704633,-5.70838133258,0.222131765895,-25.6981765286,0.328265376641,1.3104699378,-2.82877663981
ridge,without_returns,returns,12,5,8,4341,-0.000656157130713,-5.74793646505,0.219064253988,-26.2385869005,0.319281271596,1.32342778162,-2.84837810443
ridge,without_returns,returns,12,5,9,4341,-0.000697530833471,-6.1103701012,0.214823652439,-28.4436561423,0.323658143285,1.33028104123,-3.0279813481
ridge,without_returns,returns,12,5,10,4341,-0.00063598679094,-5.57124428864,0.215245621522,-25.883194507,0.326422483299,1.34358442755,-2.76081865947
ridge,without_returns,returns,12,5,11,4341,-0.000640600630949,-5.61166152711,0.211611053874,-26.5187542162,0.323888504953,1.33137525916,-2.78084733895
ridge,without_returns,returns,12,10,0,4341,-0.00127522120632,-11.1709377673,0.224051285111,-49.8588426386,0.224141902787,1.2696959226,-5.53573525662
ridge,without_returns,returns,12,10,1,4341,-0.00124633745638,-10.9179161179,0.219064981038,-49.8387102594,0.223681179452,1.30937571988,-5.41035089816
ridge,without_returns,returns,12,10,2,4341,-0.00130431902636,-11.4258346709,0.217447977335,-52.5451411919,0.212623819396,1.30833909238,-5.66204889344
ridge,without_returns,returns,12,10,3,4341,-0.00128882554777,-11.2901117985,0.221828521893,-50.8956724866,0.226675881133,1.29791522691,-5.59479170287
ridge,without_returns,returns,12,10,4,4341,-0.00128982938584,-11.2989054199,0.220315205036,-51.2851821466,0.214927436075,1.31778392076,-5.59914936392
ridge,without_returns,returns,12,10,5,4341,-0.00131298025593,-11.501707042,0.219216943876,-52.4672356005,0.216309606082,1.32999308915,-5.69964729101
ridge,without_returns,returns,12,10,6,4341,-0.00133617318338,-11.7048770864,0.219461477765,-53.3345405563,0.216079244414,1.3090877678,-5.80032778905
ridge,without_returns,returns,12,10,7,4341,-0.00130687667353,-11.4482396602,0.22402230636,-51.1031238191,0.222990094448,1.3104699378,-5.67315163981
ridge,without_returns,returns,12,10,8,4341,-0.00131787102152,-11.5445501485,0.220859890846,-52.2709220959,0.213545266068,1.32342778162,-5.72087810443
ridge,without_returns,returns,12,10,9,4341,-0.00136267135409,-11.9370010618,0.216001609842,-55.2634819276,0.204791522691,1.33028104123,-5.9153563481
ridge,without_returns,returns,12,10,10,4341,-0.00130777900472,-11.4561440813,0.216663692576,-52.8752369403,0.214466712739,1.34358442755,-5.67706865947
ridge,without_returns,returns,12,10,11,4341,-0.00130628826053,-11.4430851622,0.213104322208,-53.6971049844,0.202257544345,1.33137525916,-5.67059733895
