model,block_length_periods,block_hours,resamples,confidence_level,focus_cost_bps,observed_gross_annualized_return,gross_bootstrap_mean,gross_bootstrap_std,gross_confidence_lower,gross_confidence_upper,gross_probability_positive,observed_net_annualized_return,net_bootstrap_mean,net_bootstrap_std,net_confidence_lower,net_confidence_upper,net_probability_positive,observed_break_even_cost_bps,break_even_bootstrap_mean,break_even_bootstrap_std,break_even_confidence_lower,break_even_confidence_upper,break_even_probability_positive,probability_break_even_above_focus_cost,observed_mean_turnover,turnover_bootstrap_mean,turnover_confidence_lower,turnover_confidence_upper
lightgbm,24,24,1000,0.95,1,0.122022473595,0.126956914594,0.0882692932673,-0.0448183781119,0.295640093264,0.925,-0.171495206663,-0.166426776779,0.0883686944574,-0.335860585785,0.00346945502491,0.028,0.415724441158,0.432822802689,0.301001052363,-0.155884891643,1.01193955381,0.925,0.028,0.335065845043,0.334912889695,0.325129458458,0.345140448629
mlp,24,24,1000,0.95,1,0.0686198616738,0.068305979656,0.0718390188245,-0.0732801194599,0.206420952586,0.83,-1.23328914547,-1.23358309585,0.0717360268211,-1.37611051918,-1.0960884723,0,0.052707110326,0.0524619654121,0.0551749256949,-0.0562471003215,0.15872922173,0.83,0,1.48619749674,1.48617474372,1.48318323831,1.48933149524
momentum_12,24,24,1000,0.95,1,-0.823077061156,-0.825697527356,0.0951383508522,-1.00612070094,-0.63423484987,0,-2.18783316574,-2.19044257936,0.0959916858511,-2.37325937434,-1.9961161264,0,-0.603094617706,-0.604976888952,0.0693432743103,-0.73602057449,-0.465719099941,0,0,1.55794075866,1.55792814156,1.55498912981,1.56086827152
reversal_12,24,24,1000,0.95,1,0.821781783184,0.824520350968,0.0993573873161,0.624085651386,1.02036641931,1,-0.542865014789,-0.540208658189,0.0984635385532,-0.740642426717,-0.346468963558,0,0.602193757685,0.604116836436,0.0724134653809,0.45729544492,0.746517656216,1,0,1.55781597942,1.5579098278,1.55474892978,1.56088854815
ridge,24,24,1000,0.95,1,0.382950661798,0.383086677701,0.0825812356058,0.217923186589,0.540400521813,1,-0.837470266559,-0.837217284174,0.0824487163763,-1.00489809305,-0.679976448413,0,0.313785721713,0.31391957758,0.0676395182515,0.178197871984,0.443234837021,1,0,1.39317457575,1.39304105237,1.3894062428,1.39697578323
tcn,24,24,1000,0.95,1,-0.0536842065291,-0.0580303109246,0.0692878872759,-0.193683904893,0.0803595721796,0.209,-1.28850417889,-1.29267684732,0.0692560627972,-1.42857106019,-1.15376826141,0,-0.0434753305996,-0.047005174313,0.0561310252966,-0.157001714753,0.0650279784295,0.209,0,1.40961184059,1.40941385433,1.40402377044,1.41504021731
transformer,24,24,1000,0.95,1,0.238611104701,0.236677151798,0.081078142315,0.0808102244971,0.394749971235,1,-0.645212726213,-0.647226502372,0.0811164910841,-0.803636284434,-0.487682632029,0,0.269975866632,0.267761011044,0.0916965859257,0.0914636883236,0.447658928394,1,0,1.00893131383,1.00902243627,0.998262569109,1.01993180335
lightgbm,72,72,1000,0.95,1,0.122022473595,0.123512904873,0.0851547312852,-0.0408044686235,0.286145179465,0.925,-0.171495206663,-0.16994672937,0.0853609135746,-0.339842774197,-0.00774520365414,0.019,0.415724441158,0.421047124534,0.290327794654,-0.136845242197,0.973200223378,0.925,0.019,0.335065845043,0.334999582469,0.318500681487,0.350097903709
mlp,72,72,1000,0.95,1,0.0686198616738,0.0696683585163,0.0751813556472,-0.085422996517,0.211670824387,0.82,-1.23328914547,-1.23227428563,0.075067909055,-1.38807648535,-1.0909187109,0,0.052707110326,0.0535055522606,0.0577379937563,-0.06557449032,0.162349274729,0.82,0,1.48619749674,1.48623589515,1.48321659276,1.48935177187
momentum_12,72,72,1000,0.95,1,-0.823077061156,-0.825029363599,0.100350535099,-1.01931953676,-0.621549637034,0,-2.18783316574,-2.1897222301,0.101466083727,-2.38477977435,-1.98376110473,0,-0.603094617706,-0.604494276272,0.0730491746934,-0.744253704517,-0.456279843722,0,0,1.55794075866,1.55786856907,1.55430680335,1.56171317093
reversal_12,72,72,1000,0.95,1,0.821781783184,0.8213812667,0.0945322372668,0.639428122278,1.00262945896,1,-0.542865014789,-0.543259014917,0.0935175795884,-0.723670659645,-0.363237442156,0,0.602193757685,0.601852095642,0.0688215578048,0.468988822045,0.734127292102,1,0,1.55781597942,1.55780854066,1.55431688167,1.56153068129
ridge,72,72,1000,0.95,1,0.382950661798,0.387053779469,0.08066942289,0.234490306814,0.548891506573,1,-0.837470266559,-0.833372134952,0.0808476882645,-0.984181300706,-0.670247860195,0,0.313785721713,0.317155523222,0.0661354419355,0.192418692258,0.450225629872,1,0,1.39317457575,1.3931802676,1.38826451279,1.39812363223
tcn,72,72,1000,0.95,1,-0.0536842065291,-0.0517382558035,0.0732598376918,-0.20042641995,0.0795538569003,0.242,-1.28850417889,-1.28643096584,0.0729797151539,-1.43485594485,-1.15466390719,0,-0.0434753305996,-0.0419220065871,0.0593369249415,-0.162185054356,0.0644921464429,0.242,0,1.40961184059,1.40946656396,1.40107190164,1.41739758504
transformer,72,72,1000,0.95,1,0.238611104701,0.244062063321,0.0695761805351,0.103400551218,0.392139836975,1,-0.645212726213,-0.639408766096,0.0710680305125,-0.782327727994,-0.491076626493,0,0.269975866632,0.276373199262,0.0791913218661,0.11631004605,0.445118743001,1,0,1.00893131383,1.00852834408,0.991764810336,1.02387446729
lightgbm,168,168,1000,0.95,1,0.122022473595,0.120823422927,0.0873710101314,-0.0516721970339,0.293486680439,0.917,-0.171495206663,-0.172421402804,0.088380932158,-0.3514550167,0.00318133941665,0.028,0.415724441158,0.412979869712,0.29914396071,-0.184396196323,1.01094022553,0.917,0.028,0.335065845043,0.334754367273,0.313773348115,0.356403334485
mlp,168,168,1000,0.95,1,0.0686198616738,0.0660499111367,0.0773756986235,-0.0798605381517,0.215022922801,0.799,-1.23328914547,-1.23584321712,0.0771772643872,-1.38193649695,-1.08741372932,0,0.052707110326,0.0507241344873,0.0594329246576,-0.061304789209,0.165098738802,0.799,0,1.48619749674,1.48617937015,1.48270295823,1.48941812082
momentum_12,168,168,1000,0.95,1,-0.823077061156,-0.822294491932,0.096594366236,-1.00824104313,-0.629903704697,0,-2.18783316574,-2.18704778818,0.0977589758835,-2.37599606779,-1.99304423945,0,-0.603094617706,-0.602463622989,0.0702681248759,-0.73667202027,-0.46171611651,0,0,1.55794075866,1.55793755279,1.55415370882,1.56200592221
reversal_12,168,168,1000,0.95,1,0.821781783184,0.8259271218,0.0971838217663,0.636697638477,1.00623075589,1,-0.542865014789,-0.538852567788,0.0960548648017,-0.723951480389,-0.361492602779,0,0.602193757685,0.605114153047,0.0707073983683,0.467936767583,0.735697567165,1,0,1.55781597942,1.55796768218,1.55404368713,1.56179031809
ridge,168,168,1000,0.95,1,0.382950661798,0.38079520522,0.0782602039219,0.226933977628,0.534579853288,1,-0.837470266559,-0.839532459374,0.0785010259988,-0.994221196871,-0.685676721455,0,0.313785721713,0.312055111586,0.064186158854,0.185835506309,0.437315542692,1,0,1.39317457575,1.39306811027,1.38689854008,1.39944281272
tcn,168,168,1000,0.95,1,-0.0536842065291,-0.0537645803463,0.0693893515206,-0.18190497859,0.0835989796764,0.204,-1.28850417889,-1.28867809814,0.0688339705475,-1.41695290545,-1.14987663227,0,-0.0434753305996,-0.043572600906,0.0562215502099,-0.147255741519,0.067851160019,0.204,0,1.40961184059,1.40971862762,1.39799753321,1.4210588958
transformer,168,168,1000,0.95,1,0.238611104701,0.238680080174,0.0704968070371,0.0959381725786,0.379567276138,1,-0.645212726213,-0.645186758688,0.0744692955908,-0.800750246061,-0.495518271906,0,0.269975866632,0.270373632954,0.080798736775,0.106848497367,0.430914305322,1,0,1.00893131383,1.00898040966,0.986076436881,1.03546369884
