model,top_count,cost_bps,cohort_count,total_periods,mean_cohort_sharpe,median_cohort_sharpe,worst_cohort_sharpe,best_cohort_sharpe,mean_annualized_net_return,median_annualized_net_return,worst_annualized_net_return,best_annualized_net_return,mean_annualized_volatility,mean_positive_fraction,mean_turnover,mean_cumulative_net_log_return,selected_symbol_count
lightgbm,1,0,12,52092,-0.359831936537,-0.349078003982,-1.87832027161,0.715127572255,-0.153435537484,-0.146499904004,-0.803004184341,0.300802684117,0.425286669848,0.516624433694,0.701988789065,-0.0760346653216,2
mlp,1,0,12,52092,-0.101882288322,0.0484133416394,-1.88032171294,1.06519042248,-0.0374732323883,0.0158970629881,-0.654875682824,0.375907053869,0.343122056777,0.508101051985,1.83346771097,-0.0185697833103,2
momentum_12,1,0,12,52092,-2.16935928231,-2.06472378756,-3.5116218471,-1.02125996633,-1.10560297796,-1.06195542927,-1.77609249452,-0.529013762136,0.510804345983,0.46243185134,1.7792175382,-0.547879283942,2
reversal_12,1,0,12,52092,2.17418845132,2.00867891495,1.01734680664,3.52832214668,1.10797064006,1.03293489378,0.527016955948,1.78433993038,0.510823365116,0.536973047685,1.77904476695,0.54905257403,2
ridge,1,0,12,52092,1.52989678654,1.65724842872,-1.44664014163,4.11304546741,0.69817826686,0.766080961755,-0.6709956033,1.85184551333,0.461976994229,0.504108116409,1.67872226062,0.34598080553,2
tcn,1,0,12,52092,-0.449838346778,-0.639671191582,-1.05281015705,0.90020276006,-0.181893587643,-0.257972303115,-0.405753838128,0.362387887689,0.403198653752,0.50220763265,1.7635721416,-0.0901369936024,2
transformer,1,0,12,52092,0.0756761419155,-0.135295088617,-1.54275306334,1.54081276674,0.0342494635942,-0.0562705947913,-0.629079764117,0.644641903426,0.413433114867,0.508753743377,1.4639867926,0.0169722513085,2
lightgbm,2,0,12,52092,0.585476926038,0.724273541279,-0.456502604162,1.60863644424,0.172353950743,0.21528882985,-0.134075024903,0.475181457193,0.293765585005,0.508005067957,0.521961145665,0.0854096461385,4
mlp,2,0,12,52092,-0.32440574854,-0.218335996525,-1.62017283738,0.536308363706,-0.0782608269053,-0.051411516649,-0.388115450969,0.135552475164,0.242566085227,0.50838900407,1.70920678799,-0.038781991963,4
momentum_12,2,0,12,52092,-3.06481348312,-3.16534746805,-4.55888024831,-1.69245004875,-1.0119995718,-1.04668412381,-1.48861414537,-0.567600080174,0.330528935547,0.462451048146,1.69691123397,-0.501494308352,4
reversal_12,2,0,12,52092,3.07856779579,3.21417558224,1.68751982248,4.60580062241,1.01652755458,1.05396951479,0.565909493413,1.50391931347,0.330514322203,0.537606542271,1.69685364355,0.503738140915,4
ridge,2,0,12,52092,2.0031421369,1.76959124539,0.357678253168,4.62938671083,0.619540155925,0.547824694957,0.111913002812,1.4292306362,0.309639596525,0.503954541964,1.57678722261,0.307011851241,4
tcn,2,0,12,52092,-0.181270508401,-0.310768170482,-1.78807124409,1.24652281039,-0.0491361943437,-0.0855510572674,-0.47522441092,0.325934314268,0.269742246475,0.505029563081,1.614134608,-0.0243493401422,4
transformer,2,0,12,52092,0.712171557665,0.347921350974,-1.74423516916,2.74605438874,0.207062570827,0.100169394472,-0.498396589507,0.781308911608,0.287746309345,0.510884588804,1.27928472702,0.102609431502,4
lightgbm,3,0,12,52092,1.22329724275,1.12224471783,0.278113231311,2.47598117841,0.308033938995,0.28013011738,0.0705517132524,0.628315040959,0.251574886399,0.517949013284,0.398775243799,0.152645585523,6
mlp,3,0,12,52092,0.0411377023414,-0.0691329005366,-1.35409385529,1.53459796628,0.00858322975359,-0.0115671682509,-0.268479911612,0.301113813409,0.19765106433,0.508753743377,1.59520335816,0.00425340186762,6
momentum_12,3,0,12,52092,-3.63946668313,-3.44309131774,-4.70156705266,-2.39690130871,-0.942323642949,-0.910476030974,-1.21901900987,-0.618299764923,0.258971668566,0.461510404669,1.62787632138,-0.466966544982,6
reversal_12,3,0,12,52092,3.64264892515,3.44429414519,2.39257078095,4.76090550797,0.943009692901,0.910758557514,0.617204832871,1.22413005475,0.258927741493,0.538527988943,1.62799150221,0.467306515626,6
ridge,3,0,12,52092,1.89461944032,1.53759155429,0.481731347411,3.95487710462,0.469014788282,0.382981191925,0.117805485225,0.981416095848,0.24744893676,0.506872456423,1.48156466764,0.232419314604,6
tcn,3,0,12,52092,-0.185814930382,0.100904245954,-1.96606277725,1.8563245621,-0.0402578435458,0.0224702817492,-0.425544214624,0.398074392519,0.215106623759,0.505029563081,1.50456883975,-0.0199496916475,6
transformer,3,0,12,52092,1.08625611538,1.49631925069,-0.256478000115,1.81274916692,0.260214840405,0.356838948231,-0.0598737104602,0.44049497654,0.237946553671,0.510654227137,1.13073024649,0.128948929475,6
lightgbm,4,0,12,52092,0.565060290416,0.391343443912,-0.448718158789,1.87504666544,0.122022473595,0.0832461418537,-0.0964397831151,0.405507903756,0.214157560874,0.515050295631,0.335065845043,0.060467986059,8
mlp,4,0,12,52092,0.40095740803,0.440808391788,-1.04476990182,1.64344595686,0.0686198616738,0.0752227179587,-0.180979713215,0.279082115235,0.171812006729,0.508350610458,1.48619749674,0.0340044314527,8
momentum_12,4,0,12,52092,-3.75816094707,-3.61321973572,-5.1860844047,-2.6995881796,-0.823077061156,-0.78310912945,-1.12494919095,-0.591057595551,0.219165722929,0.461452814252,1.55794075866,-0.407874146401,8
reversal_12,4,0,12,52092,3.75254554069,3.61553547665,2.66356189269,5.14213552596,0.821781783184,0.778774132575,0.583313703515,1.11464335583,0.219158723266,0.538566382554,1.55781597942,0.407232274064,8
ridge,4,0,12,52092,1.81620408084,1.7047254669,-0.222829205022,3.68510347062,0.382950661798,0.359860968479,-0.0469642157729,0.783405846692,0.210577603533,0.506123781003,1.39317457575,0.189770413569,8
tcn,4,0,12,52092,-0.292556512614,-0.128721543539,-2.05142230484,1.37999878542,-0.0536842065291,-0.0241008290149,-0.365808756567,0.247991062742,0.184077251646,0.501516547646,1.40961184059,-0.0266030982355,8
transformer,4,0,12,52092,1.14697552526,1.35348754962,-0.700095776308,1.92660068344,0.238611104701,0.282527966436,-0.143537675956,0.399494956363,0.207319597261,0.508561775321,1.00893131383,0.118243242638,8
lightgbm,5,0,12,52092,0.992609569723,0.988617465097,0.00329628086234,1.91569281854,0.186420264454,0.182785842623,0.000613105910076,0.362465396687,0.187046220144,0.514416801044,0.306104584197,0.0923801789949,10
mlp,5,0,12,52092,0.457633917824,0.494341299194,-0.974841739875,2.24764650753,0.0714117316414,0.0764689576306,-0.146107208102,0.343577984539,0.154178217005,0.510308684635,1.38367887584,0.0353879368785,10
momentum_12,5,0,12,52092,-3.84357599876,-3.73246990824,-4.9884161894,-3.18283808655,-0.740892366986,-0.722523881335,-0.958388348256,-0.60866634013,0.192793146675,0.463238117177,1.48350610458,-0.367147690078,10
reversal_12,5,0,12,52092,3.84128720469,3.7393476034,3.18442128477,5.02611135169,0.740539029628,0.723692768052,0.609298749872,0.965417055998,0.192818032368,0.536877063657,1.48348690778,0.366972594477,10
ridge,5,0,12,52092,1.60701128357,1.67449608105,0.105292560213,3.35249735551,0.297672776587,0.314629633713,0.0193838426884,0.629461250494,0.184966172901,0.504933579052,1.30516778008,0.147511132781,10
tcn,5,0,12,52092,-0.362006464982,-0.195743017485,-2.32325111265,1.44371336559,-0.0591582874852,-0.03207964101,-0.380748009706,0.226407526028,0.162361972345,0.500383936113,1.32003378638,-0.0293157678052,10
transformer,5,0,12,52092,1.23380175376,1.43501939829,-0.124711397197,2.07865308186,0.230117931133,0.270521967924,-0.0230600278226,0.383415706215,0.186633949984,0.511153344084,0.907091300008,0.114034467928,10
lightgbm,6,0,12,52092,1.19263724729,1.14351823221,-0.177891886161,2.33796748803,0.196924733427,0.187904644796,-0.0292638216704,0.388234891492,0.164688222199,0.516355678415,0.269321584888,0.0975856470101,12
mlp,6,0,12,52092,0.591796728526,0.61871469135,-0.986541704274,2.06991268352,0.0828881872371,0.0867333417005,-0.140194678611,0.286318164179,0.13988674792,0.51090378561,1.28461823952,0.0410750708671,12
momentum_12,6,0,12,52092,-3.95678502394,-3.91858826883,-5.21966130904,-2.63312057171,-0.683347427241,-0.675661266307,-0.895730893675,-0.449410787907,0.172805772642,0.461875143976,1.40518057795,-0.338631413431,12
reversal_12,6,0,12,52092,3.94851041929,3.92798000141,2.62529098654,5.1751142848,0.68181315975,0.677265786026,0.448106866781,0.887712562596,0.172784764323,0.538201643247,1.40512938647,0.337871110328,12
ridge,6,0,12,52092,1.48769228666,1.45377565722,-0.557897153687,3.55710880399,0.247253777587,0.245683959664,-0.0908354706064,0.594683876438,0.165485599438,0.503513015434,1.21847564565,0.122526101428,12
tcn,6,0,12,52092,-0.203905243269,-0.282469585106,-1.70117564858,2.22564475141,-0.0301612313806,-0.0413990407608,-0.249481523703,0.315377103524,0.146617257579,0.500844659449,1.23021449231,-0.0149463362355,12
transformer,6,0,12,52092,1.18846560927,1.14597909809,0.192156756677,2.10899729867,0.202470761808,0.194614506058,0.0325387214932,0.36496354954,0.170464330612,0.512785072564,0.820141928383,0.100333969978,12
lightgbm,8,0,12,52092,1.53548695333,1.1590080161,0.496785715147,2.85255058774,0.192608763811,0.146015835495,0.0619171285458,0.358067611295,0.125128307875,0.514378407433,0.240790332489,0.0954468771352,16
mlp,8,0,12,52092,0.401859693489,0.571815589141,-0.96919395155,1.45626606836,0.0476497948711,0.0659498221414,-0.114471404207,0.175212590666,0.118675636374,0.507563541427,1.09353883514,0.0236127579378,16
momentum_12,8,0,12,52092,-3.94891538551,-4.15090198058,-5.57607691874,-2.84546435397,-0.561996260331,-0.589208985555,-0.788764923437,-0.398400240283,0.142382738039,0.46494663288,1.23136470091,-0.27849609202,16
reversal_12,8,0,12,52092,3.94910035386,4.14950014871,2.88603209601,5.54961000834,0.561862511373,0.588913953824,0.410156982098,0.784794315754,0.142352460336,0.535034170314,1.23137909852,0.278429812999,16
ridge,8,0,12,52092,1.5339474259,1.52825335491,-0.127666183078,3.91884159864,0.210517086476,0.215934253584,-0.017128275902,0.53561042742,0.136642594609,0.505970206558,1.04689779621,0.104321309634,16
tcn,8,0,12,52092,-0.142698895637,-0.100523741615,-1.7986658307,2.3065658895,-0.0187336190591,-0.012213202034,-0.225048953777,0.276372933418,0.123722703747,0.500710281809,1.05432695999,-0.00928340643101,16
transformer,8,0,12,52092,1.1495346276,1.38466831678,-0.157298926837,1.97208859299,0.165462455611,0.196755791213,-0.0227081861971,0.282214284097,0.144463279242,0.510961376027,0.678364720111,0.0819945798866,16
lightgbm,10,0,12,52092,1.2968413393,1.23230967136,0.0885670226919,2.48402209796,0.134539425224,0.127375521841,0.00922569335305,0.255813133,0.103713747524,0.515664593412,0.200737157337,0.066670735719,20
mlp,10,0,12,52092,0.043582895785,0.116553760641,-1.03862920051,0.781600015195,0.00461198419814,0.0119465828048,-0.107857247137,0.0815834015541,0.103857299929,0.505432695999,0.909832603855,0.00228545929271,20
momentum_12,10,0,12,52092,-3.851111269,-3.59667607821,-5.85886353286,-2.66209878041,-0.459794471158,-0.432921449461,-0.693840763253,-0.318122044336,0.119505096329,0.467653382477,1.03441987253,-0.227850205399,20
reversal_12,10,0,12,52092,3.8343477302,3.572757878,2.59791450022,5.88157888797,0.457902898556,0.430084537937,0.310897118175,0.697101681178,0.11952868901,0.532097059049,1.0345811257,0.226912840483,20
ridge,10,0,12,52092,1.39432938885,1.22230093206,-0.377137682102,4.87571216152,0.162607569489,0.137603763101,-0.0433172139139,0.567719243527,0.11608182293,0.506104584197,0.872594640252,0.080579846935,20
tcn,10,0,12,52092,-0.262734186033,-0.290712185436,-1.85813184987,1.52906705655,-0.0287242817379,-0.0323290014847,-0.201141309487,0.159449719198,0.107256808803,0.500825462643,0.878388236197,-0.0142342587927,20
transformer,10,0,12,52092,1.11674124096,1.1269541018,-0.245376576303,2.79344918235,0.137244928971,0.140952845425,-0.0302702677618,0.341274212848,0.123310348466,0.510327881441,0.560350917607,0.0680114425414,20
lightgbm,1,0.25,12,52092,-0.721380128696,-0.711458560743,-2.24597811839,0.350660509473,-0.307171082289,-0.298553808635,-0.960203907907,0.147487549355,0.425284406164,0.514263226599,0.701988789065,-0.152217998655,2
mlp,1,0.25,12,52092,-1.27318081653,-1.08745249093,-3.03667079296,-0.0743031491699,-0.439002661091,-0.385325466383,-1.05756123915,-0.0262235611967,0.343119330807,0.500230361668,1.83346771097,-0.217546866644,2
momentum_12,1,0.25,12,52092,-2.93229280278,-2.82316484699,-4.2859422112,-1.77248270774,-1.49525161883,-1.45177643826,-2.1677801241,-0.918128482247,0.510808762388,0.456903171312,1.7792175382,-0.740968867275,2
reversal_12,1,0.25,12,52092,1.41133266262,1.25047129395,0.266197956909,2.75416383711,0.718359836097,0.643265232411,0.137902235837,1.39280364841,0.510821274849,0.531885894187,1.77904476695,0.355981740696,2
ridge,1,0.25,12,52092,0.733796870991,0.863198422768,-2.23654755192,3.2958031351,0.330538091786,0.39911344275,-1.03740818105,1.48381856101,0.461976732308,0.497811564156,1.67872226062,0.163797472196,2
tcn,1,0.25,12,52092,-1.40814307515,-1.58696156644,-2.05873970674,-0.0577427609309,-0.568115886652,-0.646002365313,-0.793455980492,-0.0232458372591,0.403201722333,0.495507947478,1.7635721416,-0.281528660269,2
transformer,1,0.25,12,52092,-0.700052927233,-0.910022307058,-2.33499589,0.770405326578,-0.286363643985,-0.377001417182,-0.952206923757,0.32232193107,0.413441917756,0.503954541964,1.4639867926,-0.141906915358,2
lightgbm,2,0.25,12,52092,0.19630575011,0.340010024287,-0.845467924301,1.22305751945,0.0580444598419,0.101046604556,-0.248317250197,0.361317600939,0.293774405135,0.505586270445,0.521961145665,0.0287638128052,4
mlp,2,0.25,12,52092,-1.86903193758,-1.79221718573,-3.17603883701,-0.93562730044,-0.452577113475,-0.42487437083,-0.76090985318,-0.236459964366,0.242563861908,0.49880979805,1.70920678799,-0.22427365863,4
momentum_12,2,0.25,12,52092,-4.18930197005,-4.29163630828,-5.70143588997,-2.80100084644,-1.38362313204,-1.41884791096,-1.86171124282,-0.939410722883,0.330537329267,0.455847347001,1.69691123397,-0.685651600019,4
reversal_12,2,0.25,12,52092,1.95399698331,2.08188268114,0.578961073133,3.46296187564,0.644916606638,0.682247158187,0.194149299909,1.13074654222,0.330508206085,0.530542117792,1.69685364355,0.319587099249,4
ridge,2,0.25,12,52092,0.887693262561,0.64513715109,-0.746389374112,3.51034740395,0.274223754174,0.200128772359,-0.233563154755,1.08370402943,0.309646422989,0.496582968594,1.57678722261,0.135891017908,4
tcn,2,0.25,12,52092,-1.49227158278,-1.59479701803,-3.11456597851,-0.123160597184,-0.402631673496,-0.437050596935,-0.827713008017,-0.0322045938179,0.269737563603,0.495565537894,1.614134608,-0.199523298476,4
transformer,2,0.25,12,52092,-0.261617761522,-0.629279001274,-2.72247827196,1.75413661019,-0.0731007843906,-0.180933577193,-0.778061758823,0.499096057427,0.287759284445,0.505010366275,1.27928472702,-0.0362249434977,4
lightgbm,3,0.25,12,52092,0.876095181875,0.775106172613,-0.0761997097199,2.13393194032,0.220702160603,0.19349201556,-0.0193319541054,0.541542407925,0.25158572493,0.516163710359,0.398775243799,0.109368502189,6
mlp,3,0.25,12,52092,-1.72801606855,-1.89605744983,-3.10680160221,-0.240225999103,-0.340766305684,-0.361793959313,-0.615990853792,-0.047137050447,0.197650290056,0.498886585272,1.59520335816,-0.168866042577,6
momentum_12,3,0.25,12,52092,-5.01617101701,-4.7882959069,-6.10833654386,-3.77497503479,-1.29882855733,-1.26626905102,-1.57513994975,-0.973865763541,0.258983200945,0.453217384627,1.62787632138,-0.64363182276,6
reversal_12,3,0.25,12,52092,2.26546288955,2.09898380401,1.014310308,3.35390377133,0.586479553916,0.554982353875,0.261638834253,0.86800911487,0.258918348207,0.53019657529,1.62799150221,0.290628737848,6
ridge,3,0.25,12,52092,0.583095292738,0.243977493686,-0.842049841851,2.64448741934,0.144552126069,0.0607621179789,-0.205910248477,0.656186885989,0.247455192628,0.497542808877,1.48156466764,0.0716325090486,6
tcn,3,0.25,12,52092,-1.71843013552,-1.4206553843,-3.48394342547,0.319870960656,-0.36975841945,-0.306219623269,-0.754052622824,0.0685906330165,0.215103625162,0.4955847347,1.50456883975,-0.183233024981,6
transformer,3,0.25,12,52092,0.0452511622204,0.449557643636,-1.3186484323,0.805540622239,0.0125849164243,0.107064933027,-0.307848370677,0.195749065459,0.23796162202,0.504684020579,1.13073024649,0.00623642947466,6
lightgbm,4,0.25,12,52092,0.2224067685,0.0513601980704,-0.79894634466,1.53608612717,0.0486430535307,0.0109335122752,-0.171722609653,0.332179983922,0.21415900224,0.513476157567,0.335065845043,0.0241049652257,8
mlp,4,0.25,12,52092,-1.49483933524,-1.44446968423,-2.92710977886,-0.258757457292,-0.256857390112,-0.249493591647,-0.507070763664,-0.0439441459954,0.171811883748,0.497216463181,1.48619749674,-0.127285151881,8
momentum_12,4,0.25,12,52092,-5.31485613341,-5.17963192859,-6.76507049197,-4.25915983062,-1.1642660873,-1.12403224624,-1.46756235611,-0.932598715109,0.219179911237,0.452027182677,1.55794075866,-0.576949667235,8
reversal_12,4,0.25,12,52092,2.19569350567,2.03313604693,1.10396493091,3.56167771494,0.480620083691,0.437914077288,0.241747359355,0.772004966055,0.219146794914,0.528353681947,1.55781597942,0.238170294897,8
ridge,4,0.25,12,52092,0.366994546648,0.279357601787,-1.67695916509,2.24755454761,0.0778454297087,0.0590071329574,-0.353380076174,0.477784561274,0.210582448698,0.496371803732,1.39317457575,0.0385761427358,8
tcn,4,0.25,12,52092,-1.97050929456,-1.7908396125,-3.78715360137,-0.33484183314,-0.362389199618,-0.333291395705,-0.675390304597,-0.0601779075413,0.184079216101,0.490132841895,1.40961184059,-0.179581223235,8
transformer,4,0.25,12,52092,0.0808946325051,0.288794489303,-1.77973227859,0.867091114651,0.0176551469727,0.0602424619438,-0.364946625506,0.179813892092,0.207338396099,0.502284419873,1.00893131383,0.00874897180464,8
lightgbm,5,0.25,12,52092,0.634169807152,0.631734410011,-0.358362370962,1.56215381855,0.119383360515,0.116803327073,-0.0666558643733,0.29554957084,0.187047018568,0.51280426937,0.306104584197,0.0591601789949,10
mlp,5,0.25,12,52092,-1.5091824244,-1.45264311328,-3.00855615998,0.277516320562,-0.231613942166,-0.226816529584,-0.450911216395,0.0424264987064,0.154180323979,0.498733010827,1.38367887584,-0.114775813122,10
momentum_12,5,0.25,12,52092,-5.52854183388,-5.41924449603,-6.68625511885,-4.83459669128,-1.06578020389,-1.04691731603,-1.28464335862,-0.932600687055,0.19280975428,0.453121400599,1.48350610458,-0.528145190078,10
reversal_12,5,0.25,12,52092,2.15624281041,2.0633032951,1.49223760982,3.32732701685,0.415655396824,0.399314468121,0.285424941994,0.639091416744,0.192803984536,0.526338017354,1.48348690778,0.20597717781,10
ridge,5,0.25,12,52092,0.0613158897417,0.175331703913,-1.46080885371,1.82452378535,0.0118410327489,0.0329464961875,-0.268893005964,0.342556620224,0.184968451894,0.495411963449,1.30516778008,0.00586779944784,10
tcn,5,0.25,12,52092,-2.14376001149,-1.96177254991,-4.09606584405,-0.40215465223,-0.348245686702,-0.321123317582,-0.671274892913,-0.0630700137091,0.162362254954,0.489499347309,1.32003378638,-0.172572434472,10
transformer,5,0.25,12,52092,0.16917930051,0.375636246282,-1.1924554752,0.997819078175,0.0314649364313,0.0708591482975,-0.220538396862,0.184100986104,0.186654780877,0.504645626968,0.907091300008,0.0155923845945,10
lightgbm,6,0.25,12,52092,0.834479393439,0.787002654002,-0.536809034776,1.97762590131,0.137943306337,0.129362546201,-0.0883062082173,0.32836850126,0.164688597695,0.51457037549,0.269321584888,0.0683575220101,12
mlp,6,0.25,12,52092,-1.42051191736,-1.37258965293,-2.96128059843,0.0462069701279,-0.198443207219,-0.195496328882,-0.420801566425,0.00639234063581,0.139889324133,0.498924978884,1.28461823952,-0.0983381235773,12
momentum_12,6,0.25,12,52092,-5.73732505526,-5.70095839106,-7.02282034065,-4.43096446267,-0.991081973813,-0.983069294411,-1.2052704007,-0.756326936259,0.172825942037,0.451681640175,1.40518057795,-0.491128635653,12
reversal_12,6,0.25,12,52092,2.16735829485,2.14524125141,0.827243971758,3.37068697034,0.374089824113,0.369887186625,0.141190718428,0.578147830968,0.172767424426,0.527221070414,1.40512938647,0.185379443661,12
ridge,6,0.25,12,52092,-0.125440356057,-0.120260916961,-2.20600261192,1.95113306815,-0.0195923888106,-0.0200235961983,-0.359132752339,0.326184797884,0.165486657576,0.493415495662,1.21847564565,-0.00970896801675,12
tcn,6,0.25,12,52092,-2.04285023052,-2.13505629918,-3.54799562368,0.32010389643,-0.299578205196,-0.311277064258,-0.520309673899,0.0453645488132,0.146617075463,0.48997926745,1.23021449231,-0.148455364013,12
transformer,6,0.25,12,52092,0.134638611098,0.0939427645491,-0.860180367038,1.06476510765,0.0228596794917,0.0158603595475,-0.145689912462,0.18428812913,0.170486688346,0.50662289795,0.820141928383,0.0113280672002,12
lightgbm,8,0.25,12,52092,1.11416826701,0.744691950364,0.0719802834549,2.43045846834,0.139875680996,0.093848204189,0.00897068763361,0.305007659671,0.12511871249,0.512017200338,0.240790332489,0.0693151063018,16
mlp,8,0.25,12,52092,-1.61713854468,-1.45678927748,-2.99970936385,-0.521172211013,-0.191835210024,-0.172895285325,-0.354319538278,-0.0632608025614,0.118676339979,0.496275819704,1.09353883514,-0.0950635441455,16
momentum_12,8,0.25,12,52092,-5.84293939657,-6.0411522461,-7.48882640233,-4.76324558904,-0.831665129831,-0.859323489702,-1.05953842033,-0.666966584444,0.14239885122,0.453946863242,1.23136470091,-0.412129946187,16
reversal_12,8,0.25,12,52092,2.05417734956,2.25924791454,0.998164813304,3.63535015525,0.292190488797,0.318808908904,0.141458297242,0.514001900412,0.142339371031,0.523765645397,1.23137909852,0.144794396332,16
ridge,8,0.25,12,52092,-0.144985072503,-0.0658240699164,-1.84824546416,2.23247898025,-0.0187535308932,-0.00940027475023,-0.247952308383,0.305152151677,0.136642237677,0.495239192198,1.04689779621,-0.00929327369948,16
tcn,8,0.25,12,52092,-2.00986908161,-2.01998562462,-3.66653540273,0.370776284721,-0.249631223298,-0.243018316063,-0.457594565387,0.0444327122704,0.123726632206,0.488885049528,1.05432695999,-0.123704239764,16
transformer,8,0.25,12,52092,0.120941759878,0.348086909093,-1.17829199862,0.916651253446,0.0169005819066,0.0494567241781,-0.170139682396,0.131207200476,0.144484775953,0.505624664056,0.678364720111,0.00837504863657,16
lightgbm,10,0.25,12,52092,0.873081773648,0.811897472477,-0.33395781627,2.05417009272,0.0905779877673,0.0839286662776,-0.034786193309,0.211478371425,0.10370282223,0.513533747984,0.200737157337,0.044885735719,20
mlp,10,0.25,12,52092,-1.87559815978,-1.79514970695,-2.95043602592,-1.11805874046,-0.194641356046,-0.185718448294,-0.306384959645,-0.11671224461,0.103857647453,0.494509713584,0.909832603855,-0.0964541240406,20
momentum_12,10,0.25,12,52092,-5.74659638756,-5.47329476547,-7.78125242166,-4.55169696008,-0.686332423242,-0.65891875423,-0.921669374172,-0.544033585456,0.119520089282,0.456096905475,1.03441987253,-0.340110622066,20
reversal_12,10,0.25,12,52092,1.93841804281,1.69487789519,0.710524600805,3.95969071672,0.231329632028,0.203981289838,0.0850158465782,0.469242800736,0.119517038868,0.52150042233,1.0345811257,0.114634923816,20
ridge,10,0.25,12,52092,-0.252765595979,-0.470505673923,-2.05323872258,3.22695361765,-0.0284906567264,-0.0531900862428,-0.235811201474,0.375760017542,0.116081248092,0.496448590954,0.872594640252,-0.0141184863983,20
tcn,10,0.25,12,52092,-2.056917235,-2.08602172672,-3.64162836757,-0.332117515891,-0.221091305465,-0.225054323219,-0.394200328146,-0.0346384632488,0.107259826977,0.489057820779,0.878388236197,-0.109561342126,20
transformer,10,0.25,12,52092,0.121332658143,0.151365363417,-1.23498700252,1.78291970683,0.0145280780149,0.0189639829278,-0.152367434313,0.217845187277,0.123329379654,0.50472241419,0.560350917607,0.00719935920807,20
lightgbm,1,0.5,12,52092,-1.08291440713,-1.07382483069,-2.61357702157,-0.0138561502159,-0.460906627095,-0.450607713265,-1.11740363147,-0.00582758540622,0.425289085629,0.511402902557,0.701988789065,-0.228401331988,2
mlp,1,0.5,12,52092,-2.44448136477,-2.22333181107,-4.1930918219,-1.21362481546,-0.840532089794,-0.786547995754,-1.46024679547,-0.428354176262,0.343119047357,0.492609229824,1.83346771097,-0.416523949977,2
momentum_12,1,0.5,12,52092,-3.69519694724,-3.58154774643,-5.06020205601,-2.52372683581,-1.88490025969,-1.84159744724,-2.55946775367,-1.30724320236,0.51081534689,0.45139368809,1.7792175382,-0.934058450608,2
reversal_12,1,0.5,12,52092,0.648467336774,0.492226631165,-0.484910736124,1.97996434779,0.328749032135,0.253595571043,-0.251212484273,1.00126736645,0.51082135451,0.526683559856,1.77904476695,0.162910907363,2
ridge,1,0.5,12,52092,-0.0623044311928,0.0691253008569,-3.02638851507,2.47846050749,-0.0371020832893,0.0321459237455,-1.40382075879,1.1157916087,0.461979706559,0.491342240651,1.67872226062,-0.0183858611368,2
tcn,1,0.5,12,52092,-2.36641523605,-2.53423439519,-3.06460489387,-1.01561771033,-0.954338185662,-1.03403242751,-1.18115812286,-0.408879562207,0.403207683141,0.48763725716,1.7635721416,-0.472920326936,2
transformer,1,0.5,12,52092,-1.47573072608,-1.68461095429,-3.12706870876,4.68158794794e-06,-0.606976751564,-0.697732239574,-1.2753340834,1.95871328925e-06,0.413455827929,0.497753973739,1.4639867926,-0.300786082025,2
lightgbm,2,0.5,12,52092,-0.19283836371,-0.0442672360651,-1.23439980828,0.837534397229,-0.0562650310589,-0.0131956207373,-0.362559475491,0.247453744684,0.29378901163,0.503513015434,0.521961145665,-0.0278820205281,4
mlp,2,0.5,12,52092,-3.41364776788,-3.32225680972,-4.73150744728,-2.40779682875,-0.826893400045,-0.798337225011,-1.13370425539,-0.608472403896,0.242564357906,0.489019427167,1.70920678799,-0.409765325296,4
momentum_12,2,0.5,12,52092,-5.31369863365,-5.41778963597,-6.84392625734,-3.90944633079,-1.75524669228,-1.79092455177,-2.23480834026,-1.31122136559,0.330547880277,0.449397220303,1.69691123397,-0.869808891686,4
reversal_12,2,0.5,12,52092,0.829379060198,0.946704083402,-0.529653635215,2.32009864917,0.2733056587,0.310524801588,-0.177610893594,0.757573770971,0.330504248795,0.522805805114,1.69685364355,0.135436057582,4
ridge,2,0.5,12,52092,-0.227705969045,-0.479307717935,-1.85018212685,2.39119146872,-0.0710926475763,-0.147567150239,-0.579039312323,0.738177422654,0.309656053604,0.488462719803,1.57678722261,-0.0352298154257,4
tcn,2,0.5,12,52092,-2.8032818019,-2.87573149186,-4.44119815792,-1.49272365995,-0.756127152648,-0.787987880971,-1.18020160511,-0.390343501904,0.2697361716,0.486274283959,1.614134608,-0.374697256809,4
transformer,2,0.5,12,52092,-1.23530061493,-1.60638486925,-3.70030703362,0.762239751015,-0.353264139608,-0.462036548859,-1.05772692814,0.216883203246,0.287776465044,0.499212930968,1.27928472702,-0.175059318498,4
lightgbm,3,0.5,12,52092,0.528913117302,0.427984715216,-0.430444976243,1.79188505061,0.133370382211,0.10685391374,-0.109215621463,0.454769774891,0.251601156571,0.514052061737,0.398775243799,0.0660914188559,6
mlp,3,0.5,12,52092,-3.49712878119,-3.63826007655,-4.85945431638,-2.0149683257,-0.690115841121,-0.712020750375,-0.963501795971,-0.395387914303,0.197652411919,0.488155570913,1.59520335816,-0.341985487021,6
momentum_12,3,0.5,12,52092,-6.3926966221,-6.15626163509,-7.51496077811,-5.15277352205,-1.65533347171,-1.62206207106,-1.93126088963,-1.32943176216,0.25899698728,0.444789986946,1.62787632138,-0.820297100538,6
reversal_12,3,0.5,12,52092,0.888168658381,0.753592177777,-0.364157369302,1.96097998289,0.229949414931,0.199206150235,-0.0939271643651,0.511888174995,0.258911208089,0.522037932888,1.62799150221,0.11395096007,6
ridge,3,0.5,12,52092,-0.728356277371,-1.04939522888,-2.16593183835,1.3338774802,-0.179910536144,-0.261456955967,-0.529625982179,0.330957676129,0.247464119951,0.488769868694,1.48156466764,-0.0891542965069,6
tcn,3,0.5,12,52092,-3.25103734163,-2.95392366139,-5.00186394173,-1.21670811927,-0.699258995354,-0.636897347296,-1.08256103103,-0.260893126486,0.215103920994,0.485237656454,1.50456883975,-0.346516358314,6
transformer,3,0.5,12,52092,-0.99560328286,-0.599259889591,-2.3806708293,-0.201622839475,-0.235045007556,-0.142709082177,-0.555823030893,-0.0489968456212,0.237980652266,0.498579436382,1.13073024649,-0.116476070525,6
lightgbm,4,0.5,12,52092,-0.120239388718,-0.288550606805,-1.14910646816,1.19705582559,-0.0247363665338,-0.0613791173032,-0.24700543619,0.258852064088,0.21416474069,0.511690854642,0.335065845043,-0.0122580556077,8
mlp,4,0.5,12,52092,-3.39057865742,-3.26663697145,-4.80919274157,-2.16064617082,-0.582334641897,-0.574209901253,-0.833161814114,-0.366970407226,0.171814747648,0.487080549797,1.48619749674,-0.288574735214,8
momentum_12,4,0.5,12,52092,-6.87127380457,-6.74575795296,-8.34373962549,-5.81838799888,-1.50545511345,-1.46495536304,-1.81017552128,-1.27413983467,0.219196540437,0.443407816939,1.55794075866,-0.746025188068,8
reversal_12,4,0.5,12,52092,0.6386654805,0.450657317521,-0.455863343884,1.98100190263,0.139458384198,0.097054022001,-0.0998189848052,0.429366576283,0.219137307256,0.518486523842,1.55781597942,0.0691083157308,8
ridge,4,0.5,12,52092,-1.08213663519,-1.14593026691,-3.13155370215,0.809894753732,-0.227259802381,-0.241846702564,-0.659795936575,0.172163275856,0.210589918562,0.486984565768,1.39317457575,-0.112618128098,8
tcn,4,0.5,12,52092,-3.64836085299,-3.45294052523,-5.52244248366,-2.04932864316,-0.671094192707,-0.642481962394,-0.984971852628,-0.368346877825,0.18408436189,0.478960301006,1.40961184059,-0.332559348235,8
transformer,4,0.5,12,52092,-0.984972041399,-0.775675741422,-2.85898401758,-0.192225005185,-0.203300810756,-0.162043042548,-0.586355575057,-0.0398671721792,0.207361076975,0.496007064424,1.00893131383,-0.100745299029,8
lightgbm,5,0.5,12,52092,0.275727340641,0.274910729633,-0.719996931127,1.20853224052,0.0523464565758,0.050820811524,-0.133924834657,0.228633744993,0.187052059842,0.511230131306,0.306104584197,0.0259401789949,10
mlp,5,0.5,12,52092,-3.4758752666,-3.43497841625,-5.04220716424,-1.69211456134,-0.534639615974,-0.530102016799,-0.755715224688,-0.258724987126,0.154185484754,0.486735007295,1.38367887584,-0.264939563122,10
momentum_12,5,0.5,12,52092,-7.21311978341,-7.1063515252,-8.3838174133,-6.47514584702,-1.39066804079,-1.37131075072,-1.61089836899,-1.25653503398,0.192829000639,0.442793519158,1.48350610458,-0.689142690078,10
reversal_12,5,0.5,12,52092,0.470947499274,0.386907755913,-0.201028349456,1.62840031426,0.0907717640209,0.0749361681898,-0.0384488658847,0.31276577749,0.192792575576,0.516144513553,1.48348690778,0.0449817611432,10
ridge,5,0.5,12,52092,-1.48432351508,-1.32360464858,-3.02727039367,0.29642143604,-0.273990711089,-0.248736641338,-0.557169854616,0.0556519899545,0.184973317276,0.484853720341,1.30516778008,-0.135775533885,10
tcn,5,0.5,12,52092,-3.92543094684,-3.72783601047,-5.86883458102,-2.24780713386,-0.637333085919,-0.610166994154,-0.96180177612,-0.352547553447,0.162365687399,0.478000460723,1.32003378638,-0.315829101139,10
transformer,5,0.5,12,52092,-0.895184587585,-0.683481910709,-2.25971712315,-0.0824339805655,-0.16718805827,-0.128803671329,-0.418016765901,-0.0152137340061,0.186679464021,0.498003532212,0.907091300008,-0.0828496987388,10
lightgbm,6,0.5,12,52092,0.476310942584,0.430484717088,-0.895708743167,1.61717838628,0.0789618792463,0.0708204476064,-0.147348594764,0.268502111027,0.164693187994,0.513073024649,0.269321584888,0.0391293970101,12
mlp,6,0.5,12,52092,-3.43266967204,-3.36348598266,-4.93607853567,-1.9769363034,-0.479774601675,-0.477725999465,-0.701408454239,-0.273533482907,0.139895016112,0.48688858174,1.28461823952,-0.237751318022,12
momentum_12,6,0.5,12,52092,-7.5173250338,-7.4724284908,-8.82552060514,-6.22838086017,-1.29881652038,-1.29047732251,-1.51480990773,-1.06324308461,0.17284899346,0.44181448207,1.40518057795,-0.643625857875,12
reversal_12,6,0.5,12,52092,0.38584315732,0.362205296757,-0.971047935251,1.56596825398,0.0663664884759,0.062508587224,-0.165725429925,0.268583099339,0.172752969081,0.516893188973,1.40512938647,0.0328877769947,12
ridge,6,0.5,12,52092,-1.73852814,-1.69403892745,-3.85444040236,0.345061768607,-0.286438555208,-0.285731152061,-0.627430034071,0.0576857193312,0.165490306221,0.483548337557,1.21847564565,-0.141944037461,12
tcn,6,0.5,12,52092,-3.88171673644,-3.98770776327,-5.39479119799,-1.58495182399,-0.568995179012,-0.581155087755,-0.791137824095,-0.224648005898,0.146619969106,0.479190662674,1.23021449231,-0.281964391791,12
transformer,6,0.5,12,52092,-0.918889552868,-0.957794551991,-1.91201203674,0.0208693826944,-0.156751402824,-0.162893786963,-0.323918546417,0.00361270871986,0.170512897865,0.500268755279,0.820141928383,-0.0776778355776,12
lightgbm,8,0.5,12,52092,0.692759373775,0.33058797572,-0.352869514114,2.00807949313,0.0871425981811,0.0416805728828,-0.0439757532786,0.251947708047,0.125113716595,0.510193503801,0.240790332489,0.0431833354685,16
mlp,8,0.5,12,52092,-3.63600945172,-3.47683601128,-5.02981028875,-2.4857590564,-0.431320214919,-0.4113497601,-0.594167672348,-0.301734195789,0.118680252673,0.484124241726,1.09353883514,-0.213739846229,16
momentum_12,8,0.5,12,52092,-7.73635641703,-7.93094328233,-9.4006156616,-6.66059119003,-1.10133399933,-1.12943799385,-1.33031191722,-0.935532928604,0.142418246007,0.4422560086,1.23136470091,-0.545763800354,16
reversal_12,8,0.5,12,52092,0.158902426125,0.348653812773,-0.909997155942,1.72038946909,0.0225184662218,0.0487038639831,-0.12817378638,0.24320948507,0.142329565298,0.512573907702,1.23137909852,0.0111589796654,16
ridge,8,0.5,12,52092,-1.82388928137,-1.71901514864,-3.56898492859,0.546398914565,-0.248024148262,-0.236057225393,-0.478776340864,0.0746938759343,0.136644493231,0.484661752284,1.04689779621,-0.122907857033,16
tcn,8,0.5,12,52092,-3.87682331564,-3.93929405604,-5.55503005335,-1.56442742832,-0.480528827536,-0.473823430092,-0.690140176998,-0.187507508877,0.123733588795,0.478115641557,1.05432695999,-0.238125073098,16
transformer,8,0.5,12,52092,-0.907319181172,-0.688070191652,-2.19877533757,-0.138292002894,-0.131661291798,-0.0978423428572,-0.317571178595,-0.0197998831455,0.144509996123,0.499731244721,0.678364720111,-0.0652444826134,16
lightgbm,10,0.5,12,52092,0.449214213681,0.391377141885,-0.756474679664,1.62397771555,0.0466165503105,0.0404818107144,-0.0787980799711,0.167143609849,0.103696071906,0.511326115334,0.200737157337,0.023100735719,20
mlp,10,0.5,12,52092,-3.79464062872,-3.70686413553,-4.87285478644,-3.01732032516,-0.39389469629,-0.383383479393,-0.504912672154,-0.315007890775,0.103861344231,0.484066651309,0.909832603855,-0.195193707374,20
momentum_12,10,0.5,12,52092,-7.64138216938,-7.34918668146,-9.70264908602,-6.44038430508,-0.912870375327,-0.884916058998,-1.14949798509,-0.769945126576,0.119538586703,0.445077939031,1.03441987253,-0.452371038732,20
reversal_12,10,0.5,12,52092,0.0421180939849,-0.183398989811,-1.17744844852,2.03715839481,0.00475636549909,-0.022121958262,-0.140865425018,0.241383920294,0.119508892704,0.509732780465,1.0345811257,0.00235700714972,20
ridge,10,0.5,12,52092,-1.89982776283,-2.16321893425,-3.72952271802,1.57832579247,-0.219588882942,-0.243983935586,-0.428305189035,0.183800791557,0.116083469877,0.486696613683,0.872594640252,-0.108816819732,20
tcn,10,0.5,12,52092,-3.85088307537,-3.88128589643,-5.42499127074,-2.19263855527,-0.413458329192,-0.416049969384,-0.587259346805,-0.228726645695,0.107265990809,0.478672348921,0.878388236197,-0.204888425459,20
transformer,10,0.5,12,52092,-0.873741361975,-0.821149457543,-2.22431582784,0.772616137747,-0.108188772941,-0.102396625227,-0.274464600865,0.0944161617072,0.123352079293,0.4989825693,0.560350917607,-0.0536127241253,20
lightgbm,1,1,12,52092,-1.80587038199,-1.79844236888,-3.34852654656,-0.742965249513,-0.768377716705,-0.754715522526,-1.4318030786,-0.312457854929,0.425319272745,0.506334945865,0.701988789065,-0.380767998655,2
mlp,1,1,12,52092,-4.78698815145,-4.49504016332,-6.50605490377,-3.49166181225,-1.6435909472,-1.5889930545,-2.26561790812,-1.23261540639,0.343125808009,0.477021423635,1.83346771097,-0.814478116644,2
momentum_12,1,1,12,52092,-5.22087827438,-5.09810108003,-6.60850166023,-4.02624184105,-2.66419754143,-2.62123946521,-3.34284301283,-2.08547264258,0.510835019821,0.44106580665,1.7792175382,-1.32023761728,2
reversal_12,1,1,12,52092,-0.877253052028,-1.02433572893,-1.98697028212,0.431480480349,-0.450472575789,-0.525743751694,-1.02944192449,0.218194802526,0.510828023584,0.516336481609,1.77904476695,-0.223230759304,2
ridge,1,1,12,52092,-1.65444419852,-1.51902366456,-4.60580396664,0.843547912054,-0.772382433439,-0.701789114264,-2.13664591429,0.37973770407,0.461995363253,0.478441987253,1.67872226062,-0.382752527804,2
tcn,1,1,12,52092,-4.28277931132,-4.42865117283,-5.07604976879,-2.93107188394,-1.72678278368,-1.81009255191,-1.95656240758,-1.1801470121,0.403228280845,0.471358365968,1.7635721416,-0.855703660269,2
transformer,1,1,12,52092,-3.02681745108,-3.23325653701,-4.71058612996,-1.54066578568,-1.24820296672,-1.33919388436,-1.92158840268,-0.644637986,0.413498967887,0.486715810489,1.4639867926,-0.618544415358,2
lightgbm,2,1,12,52092,-0.970953448721,-0.812775014748,-2.01207162111,0.0667459066365,-0.28488401286,-0.241680071325,-0.591043926078,0.0197260321758,0.293835579944,0.4989825693,0.521961145665,-0.141173687195,4
mlp,2,1,12,52092,-6.50263967663,-6.46058015971,-7.84103700588,-5.35265597068,-1.57552597318,-1.54526293337,-1.87929305981,-1.35249728296,0.242573507692,0.469131536512,1.70920678799,-0.78074865863,4
momentum_12,2,1,12,52092,-7.56212847228,-7.66960310503,-9.12862385835,-6.12593554971,-2.49849381275,-2.53441971417,-2.98100253515,-2.05484265101,0.330575453293,0.435441142594,1.69691123397,-1.23812347502,4
reversal_12,2,1,12,52092,-1.41990994628,-1.32375084766,-2.74696484959,0.0343860765447,-0.469916237176,-0.432919911612,-0.921131280602,0.0112282284697,0.330502810974,0.508273823236,1.69685364355,-0.232866025751,4
ridge,2,1,12,52092,-2.45823430936,-2.72805067742,-4.05682707418,0.152655966832,-0.761725451078,-0.842958995436,-1.26999162746,0.0471242091088,0.309683726184,0.47408431237,1.57678722261,-0.377471482092,4
tcn,2,1,12,52092,-5.42513762939,-5.43704922233,-7.09467383554,-4.23128782181,-1.46311811095,-1.48819986556,-1.88517879931,-1.10662131807,0.269743260265,0.468133302618,1.614134608,-0.725045173476,4
transformer,2,1,12,52092,-3.1821762975,-3.56014364295,-5.65454612192,-1.22131267167,-0.913590850044,-1.02424249219,-1.61705726677,-0.347542505116,0.28782343952,0.486370267987,1.27928472702,-0.452728068498,4
lightgbm,3,1,12,52092,-0.165314986249,-0.266131261931,-1.13865278113,1.10787155566,-0.0412931745733,-0.0664222898993,-0.288982956179,0.281224508823,0.251645795616,0.509828764494,0.398775243799,-0.0204627478108,6
mlp,3,1,12,52092,-7.03491886951,-7.10704804966,-8.36427668008,-5.56389251299,-1.388814912,-1.4124743325,-1.65852368033,-1.09188964202,0.19766534351,0.466635951778,1.59520335816,-0.68822437591,6
momentum_12,3,1,12,52092,-9.14506802228,-8.91625500164,-10.3276235076,-7.9073967849,-2.36834330048,-2.33364811114,-2.64350276938,-2.04056375939,0.25903132031,0.42826153728,1.62787632138,-1.17362765609,6
reversal_12,3,1,12,52092,-1.8666005102,-1.93729989488,-3.12156585589,-0.767522871467,-0.483110863039,-0.512346257045,-0.805059161601,-0.200353704757,0.258903688049,0.504146510021,1.62799150221,-0.239404595485,6
ridge,3,1,12,52092,-3.35087190216,-3.61129921347,-4.81382360862,-1.2878359309,-0.82883586057,-0.903224272211,-1.17705744958,-0.31950074359,0.247489987728,0.471646318053,1.48156466764,-0.410727907618,6
tcn,3,1,12,52092,-6.31594579162,-6.02040044704,-8.03754337394,-4.28996380834,-1.35826014716,-1.30137179429,-1.73957784743,-0.919860645491,0.215114395737,0.465368962605,1.50456883975,-0.673083024981,6
transformer,3,1,12,52092,-3.07665282432,-2.69627410138,-4.5040496328,-2.21561593011,-0.730304855518,-0.642257112584,-1.05177235133,-0.538488667782,0.238030594413,0.485717576595,1.13073024649,-0.361901070525,6
lightgbm,4,1,12,52092,-0.805427127671,-0.968075340487,-1.84913469374,0.518867275082,-0.171495206663,-0.20600437646,-0.397571089266,0.11219622442,0.214189107221,0.507832296706,0.335065845043,-0.0849840972743,8
mlp,4,1,12,52092,-7.18148836267,-6.9267663657,-8.57220886151,-5.96307731248,-1.23328914547,-1.22364252047,-1.48534391501,-1.01302292969,0.171829435327,0.466040850802,1.48619749674,-0.611153901881,8
momentum_12,4,1,12,52092,-9.98306893588,-9.87694168943,-11.4999181678,-8.93560109472,-2.18783316574,-2.14680159662,-2.49540185162,-1.95722207378,0.219237119207,0.424306995316,1.55794075866,-1.08417622973,8
reversal_12,4,1,12,52092,-2.47571039888,-2.69728585319,-3.57600090441,-1.18079392286,-0.542865014789,-0.584666088573,-0.782951673126,-0.255910203261,0.219125655209,0.499904015972,1.55781597942,-0.269015642603,8
ridge,4,1,12,52092,-3.97994740712,-3.99605612766,-6.0419118983,-2.0655464704,-0.837470266559,-0.843554373608,-1.27262765738,-0.43907929498,0.210612731206,0.467883744145,1.39317457575,-0.415006669764,8
tcn,4,1,12,52092,-7.00341194478,-6.77674840059,-8.99131798909,-5.47686410322,-1.28850417889,-1.26086309577,-1.60413494869,-0.984684818391,0.184104196219,0.458093373263,1.40961184059,-0.638515598235,8
transformer,4,1,12,52092,-3.11582354097,-2.90372065668,-5.01608255231,-2.31003922974,-0.645212726213,-0.606614051532,-1.02917347416,-0.479229300721,0.207418079492,0.483529140751,1.00893131383,-0.319733840695,8
lightgbm,5,1,12,52092,-0.44106811623,-0.438464041319,-1.44309548991,0.501136046201,-0.0817273513026,-0.0811442195749,-0.268462775223,0.0948020933003,0.187074869301,0.507352376565,0.306104584197,-0.0404998210051,10
mlp,5,1,12,52092,-7.40842176987,-7.40173186937,-9.10880312629,-5.62941119626,-1.14069096359,-1.13667299123,-1.36532324127,-0.861027958792,0.154204966287,0.464025186209,1.38367887584,-0.565267063122,10
momentum_12,5,1,12,52092,-10.5808359868,-10.4791140899,-11.7778352314,-9.75450048716,-2.0404437146,-2.0200976201,-2.26340838972,-1.90440372783,0.192875406353,0.422924825309,1.48350610458,-1.01113769008,10
reversal_12,5,1,12,52092,-2.90011902311,-2.96665824745,-3.58805681925,-1.76960258378,-0.558995501586,-0.573820431672,-0.686196481641,-0.339885501017,0.192777676032,0.495757505951,1.48348690778,-0.27700907219,10
ridge,5,1,12,52092,-4.57517508768,-4.34098472808,-6.16099851917,-2.75991726224,-0.845654198765,-0.81210291639,-1.13372355192,-0.518157270585,0.184990806322,0.464889042463,1.30516778008,-0.419062200552,10
tcn,5,1,12,52092,-7.4881095325,-7.25965306567,-9.41383025449,-5.93801270271,-1.21550788435,-1.1882543473,-1.54285554253,-0.931502632921,0.162382000821,0.457191123397,1.32003378638,-0.602342434472,10
transformer,5,1,12,52092,-3.02287377317,-2.80066665747,-4.39252235152,-2.24093576726,-0.564494047674,-0.528129310583,-0.81297350398,-0.413843174227,0.186740380709,0.485391230899,0.907091300008,-0.279733865405,10
lightgbm,6,1,12,52092,-0.239947706308,-0.282449398334,-1.61334434822,0.896076816795,-0.0390009749348,-0.0462637495832,-0.265433367858,0.148769330562,0.164715011319,0.509694386854,0.269321584888,-0.0193268529899,12
mlp,6,1,12,52092,-7.45599365284,-7.4253610281,-8.88533624795,-6.00151367726,-1.04243739059,-1.04218534063,-1.26262222987,-0.833385129993,0.139915745635,0.462355064117,1.28461823952,-0.516577706911,12
momentum_12,6,1,12,52092,-11.0753497787,-10.9988023559,-12.4291886172,-9.8215569318,-1.91428561353,-1.90529337872,-2.13388892178,-1.67707538132,0.172903737647,0.42031405974,1.40518057795,-0.94862030232,12
reversal_12,6,1,12,52092,-3.17791918124,-3.20439693441,-4.56799059649,-2.04398477718,-0.549080182798,-0.552248611578,-0.779557726631,-0.350546363918,0.172732714786,0.493972203025,1.40512938647,-0.272095556339,12
ridge,6,1,12,52092,-4.96426604068,-4.84053278624,-7.15197989844,-2.86706447291,-0.820130888004,-0.817146263786,-1.16402459754,-0.479312437775,0.165505374274,0.463103739538,1.21847564565,-0.40641417635,12
tcn,6,1,12,52092,-7.55875054849,-7.69273903171,-9.08784539916,-5.39310629504,-1.10782912664,-1.12091113475,-1.33279412449,-0.76467311532,0.146634982729,0.457363894648,1.23021449231,-0.548982447347,12
transformer,6,1,12,52092,-3.02476464716,-3.06008760095,-4.0138667154,-2.06563322685,-0.515973567456,-0.520402079983,-0.680375814328,-0.3577381321,0.170576864887,0.487810028411,0.820141928383,-0.255689641133,12
lightgbm,8,1,12,52092,-0.15014318291,-0.497447339694,-1.20250859042,1.16264860544,-0.018323567449,-0.0626546897295,-0.149868635103,0.145827804799,0.125117525039,0.505778238501,0.240790332489,-0.00908020619818,16
mlp,8,1,12,52092,-7.6727131592,-7.56607243774,-9.08810298483,-6.41412084893,-0.91029022471,-0.888258709651,-1.07386394049,-0.778680982244,0.11869770376,0.461740766336,1.09353883514,-0.451092450395,16
momentum_12,8,1,12,52092,-11.5208470484,-11.6784935235,-13.2207815059,-10.4316400667,-1.64067173833,-1.66966700214,-1.871858911,-1.47266561692,0.14246687482,0.42075558627,1.23136470091,-0.813031508687,16
reversal_12,8,1,12,52092,-3.63217803457,-3.52029766907,-4.73922693713,-2.11109687495,-0.516825578929,-0.491506225858,-0.667437953622,-0.298375345614,0.142319807022,0.48984488981,1.23137909852,-0.256111853668,16
ridge,8,1,12,52092,-5.18122721305,-5.05751648267,-7.01052925458,-2.82452423208,-0.706565383001,-0.69361890473,-0.940424405826,-0.386222675552,0.136656841124,0.464255547877,1.04689779621,-0.350137023699,16
tcn,8,1,12,52092,-7.60953537749,-7.67805492611,-9.33066881274,-5.4324831939,-0.942324036014,-0.935769324327,-1.15523140022,-0.651387951171,0.123756584083,0.456231283114,1.05432695999,-0.466966739764,16
transformer,8,1,12,52092,-2.96252845479,-2.75878286801,-4.23788917463,-2.24637500068,-0.428785039206,-0.392440476928,-0.612434170993,-0.321814050388,0.144571598697,0.487675650772,0.678364720111,-0.212483545113,16
lightgbm,10,1,12,52092,-0.398640173432,-0.449789550661,-1.60127880177,0.762785064979,-0.0413063246031,-0.0464119004121,-0.166821853295,0.0784740866977,0.10369509897,0.507198802119,0.200737157337,-0.020469264281,20
mlp,10,1,12,52092,-7.6315667599,-7.52958932053,-8.75575237214,-6.8097494664,-0.792401376779,-0.77871354159,-0.902429753265,-0.711599183104,0.103878783763,0.462604622591,0.909832603855,-0.392672874041,20
momentum_12,10,1,12,52092,-11.428190965,-11.0981461493,-13.541778257,-10.2143589685,-1.3659462795,-1.33691066854,-1.60515520693,-1.22176820881,0.119586088138,0.423443139062,1.03441987253,-0.676891872066,20
reversal_12,10,1,12,52092,-3.75092501639,-3.90586181669,-4.95447503378,-1.8091463145,-0.448390167558,-0.474328454461,-0.592627968211,-0.214333840591,0.119503114861,0.487522076326,1.0345811257,-0.222198826184,20
ridge,10,1,12,52092,-5.19337699354,-5.54785365533,-7.08214393565,-1.71805546643,-0.601785335372,-0.625571634273,-0.813293164156,-0.200117660412,0.116096302447,0.466597558166,0.872594640252,-0.298213486398,20
tcn,10,1,12,52092,-7.43753176159,-7.45662726066,-8.99067965271,-5.91100961101,-0.798192376647,-0.798041261713,-0.973377384124,-0.616903010588,0.107287752979,0.457767027567,0.878388236197,-0.395542592126,20
transformer,10,1,12,52092,-2.86253177543,-2.76479555229,-4.20176007317,-1.24695378186,-0.353622474853,-0.345117841537,-0.518658933968,-0.152441889433,0.123408475473,0.487406895493,0.560350917607,-0.175236890792,20
lightgbm,1,2,12,52092,-3.25083673551,-3.24671310974,-4.81693346793,-2.20097521879,-1.38331989593,-1.36293114105,-2.06060197287,-0.925718393976,0.425462931906,0.496007064424,0.701988789065,-0.685501331988,2
mlp,1,2,12,52092,-9.47092213946,-9.26114025399,-11.1318011094,-8.04467752462,-3.24970866201,-3.19388317198,-3.87636013341,-2.84113786666,0.34316863653,0.445269907087,1.83346771097,-1.61038644998,2
momentum_12,1,2,12,52092,-8.27146141411,-8.13009227687,-9.70395111729,-7.03111693257,-4.22279210489,-4.18052350114,-4.90959353114,-3.64193152302,0.510900377287,0.419181448207,1.7792175382,-2.09259595061,2
reversal_12,1,2,12,52092,-3.92838069862,-4.02002469747,-4.99019665932,-2.66555617565,-2.00891579164,-2.08442239717,-2.58590080494,-1.34795032532,0.510867398986,0.49470168164,1.77904476695,-0.995514092637,2
ridge,1,2,12,52092,-4.83800361412,-4.69486615141,-7.76309965529,-2.42667138675,-2.24294313374,-2.16965919028,-3.60229622528,-1.09237010519,0.462065503319,0.453562927129,1.67872226062,-1.11148586114,2
tcn,1,2,12,52092,-8.11420912261,-8.20337275751,-9.09715137264,-6.76021003349,-3.27167197972,-3.36054210879,-3.50737097704,-2.7226819119,0.403304172964,0.441449742763,1.7635721416,-1.62127032694,2
transformer,1,2,12,52092,-6.12711115725,-6.32761115749,-7.87428332523,-4.62071105996,-2.53065539704,-2.62211717392,-3.21409704124,-1.93391787543,0.413646499945,0.463967595792,1.4639867926,-1.25406108202,2
lightgbm,2,2,12,52092,-2.52584868364,-2.34898830064,-3.56600715201,-1.4731697092,-0.742121976463,-0.6986489725,-1.04801282725,-0.435729392841,0.293998092372,0.490593565231,0.521961145665,-0.367757020528,4
mlp,2,2,12,52092,-12.6782047483,-12.7868093229,-14.0529624784,-11.2431823554,-3.07279111946,-3.0391143501,-3.37047066866,-2.84054704108,0.242624432127,0.430737925209,1.70920678799,-1.5227153253,4
momentum_12,2,2,12,52092,-12.0569188232,-12.1135482953,-13.6962758853,-10.5567071789,-3.98498805371,-4.02141003898,-4.47339092492,-3.54208522185,0.330656474838,0.407413806343,1.69691123397,-1.97475264169,4
reversal_12,2,2,12,52092,-5.91808337057,-5.85412371307,-7.18131179489,-4.53637245877,-1.95636002893,-1.91980933801,-2.40817205462,-1.48146285653,0.330525841901,0.478864316978,1.69685364355,-0.969470192418,4
ridge,2,2,12,52092,-6.91736307425,-7.22411629261,-8.4655460209,-4.32442533676,-2.14299105808,-2.23374268583,-2.65189625773,-1.33498221798,0.309772704764,0.443311832911,1.57678722261,-1.06195481543,4
tcn,2,2,12,52092,-10.6668472978,-10.5575909114,-12.4010624189,-9.70476429038,-2.87710002756,-2.88352398443,-3.2951331877,-2.53917695042,0.269796922022,0.432043307994,1.614134608,-1.42574100681,4
transformer,2,2,12,52092,-7.07277577421,-7.46466508166,-9.55612973007,-5.18279429284,-2.03424427091,-2.14865437885,-2.73571794403,-1.47639392184,0.287967808751,0.462623819396,1.27928472702,-1.0080655685,4
lightgbm,3,2,12,52092,-1.55269591645,-1.65332676101,-2.55338143807,-0.259322553099,-0.390620288142,-0.412974697179,-0.64851762561,-0.0658660233123,0.251790137728,0.50207325501,0.398775243799,-0.193571081144,6
mlp,3,2,12,52092,-14.1065749787,-14.0417001667,-15.462795075,-12.6572933316,-2.78621305374,-2.81338149675,-3.04856744905,-2.48489309744,0.197725947186,0.423711894341,1.59520335816,-1.38070215369,6
momentum_12,3,2,12,52092,-14.6460881245,-14.4709826701,-15.9495578504,-13.4117153867,-3.79436295801,-3.75682019131,-4.06798652888,-3.46282775387,0.25912701397,0.39480150503,1.62787632138,-1.8802887672,6
reversal_12,3,2,12,52092,-7.3758541648,-7.31857392161,-8.63723471425,-6.22374091814,-1.90923141898,-1.9354510716,-2.22732315607,-1.62483746426,0.258915690335,0.469745834293,1.62799150221,-0.946115706596,6
ridge,3,2,12,52092,-8.59316619753,-8.69952135517,-10.1088953852,-6.53206481868,-2.12668650942,-2.17713397044,-2.48324701268,-1.62041758303,0.247573762299,0.437380019965,1.48156466764,-1.05387512984,6
tcn,3,2,12,52092,-12.4425668264,-12.2545687565,-14.1655344275,-10.4349128556,-2.67626245078,-2.63070835268,-3.05361148023,-2.2377956835,0.215174867614,0.4266298088,1.50456883975,-1.32621635831,6
transformer,3,2,12,52092,-7.23466375248,-6.88637747627,-8.74659410031,-6.24087891801,-1.72082455144,-1.6413531734,-2.04367099219,-1.5174723121,0.238177966,0.460109037856,1.13073024649,-0.852751070525,6
lightgbm,4,2,12,52092,-2.17480781669,-2.32538250632,-3.2474102471,-0.837451803665,-0.465012886921,-0.495254894774,-0.698702395416,-0.181115454917,0.214289373013,0.500633494587,0.335065845043,-0.230436180608,8
mlp,4,2,12,52092,-14.7582589877,-14.4881680681,-16.1599705597,-13.5597476914,-2.53519815261,-2.52250775889,-2.78970811681,-2.30512797461,0.171894636138,0.421369884051,1.48619749674,-1.25631223521,8
momentum_12,4,2,12,52092,-16.2010484437,-16.1335711203,-17.8061783849,-15.1635694548,-3.55258927032,-3.5104940638,-3.8658545123,-3.32338655201,0.219347537565,0.388792904861,1.55794075866,-1.76047831307,8
reversal_12,4,2,12,52092,-8.70428362148,-8.8527622,-9.81670800866,-7.40041436077,-1.90751181276,-1.94810630972,-2.14921704977,-1.62646376235,0.219131647908,0.462105505644,1.55781597942,-0.945263559269,8
ridge,4,2,12,52092,-9.77224893999,-9.69304122011,-11.8657275482,-7.815438517,-2.05789119492,-2.04696971569,-2.49829109898,-1.66156443665,0.210689834445,0.430853106043,1.39317457575,-1.0197837531,8
tcn,4,2,12,52092,-13.7084715864,-13.4203935479,-15.9196450958,-12.32355461,-2.52332415124,-2.49762536253,-2.84246114081,-2.21736069952,0.184182017846,0.415937188052,1.40961184059,-1.25042809824,8
transformer,4,2,12,52092,-7.37233076532,-7.14467674123,-9.32291448718,-6.54073760218,-1.52903655713,-1.4957560695,-1.91480927236,-1.3579535578,0.207578597998,0.45964831452,1.00893131383,-0.757710924029,8
lightgbm,5,2,12,52092,-1.87361903388,-1.86346430239,-2.88792374641,-0.913605046849,-0.349874967059,-0.345074281773,-0.537538656357,-0.172861210086,0.187171368245,0.50044152653,0.306104584197,-0.173379821005,10
mlp,5,2,12,52092,-15.2668833889,-15.3451140689,-17.2355655212,-13.4928873333,-2.35279365882,-2.34981494009,-2.58453927445,-2.06563390212,0.154280549158,0.417664900561,1.38367887584,-1.16592206312,10
momentum_12,5,2,12,52092,-17.308583739,-17.1875977785,-18.559510471,-16.3045298132,-3.33999506222,-3.31806292442,-3.56842843119,-3.19862764232,0.19299984087,0.382784304692,1.48350610458,-1.65512769008,10
reversal_12,5,2,12,52092,-9.64221605365,-9.67493548593,-10.4166008311,-8.56426302323,-1.8585300328,-1.8713336314,-1.98169171315,-1.64518805803,0.192779556708,0.4544843738,1.48348690778,-0.920990738857,10
ridge,5,2,12,52092,-10.7533566566,-10.4370575354,-12.4297438382,-8.87136413924,-1.98898117412,-1.95239048801,-2.28683094653,-1.66577579166,0.185056805264,0.425343622821,1.30516778008,-0.985635533885,10
tcn,5,2,12,52092,-14.6079099864,-14.4530754292,-16.4988310327,-12.893134284,-2.37185748122,-2.34442905359,-2.70496307536,-2.08941279187,0.162452404715,0.413998310681,1.32003378638,-1.17536910114,10
transformer,5,2,12,52092,-7.27226519106,-7.04483721497,-8.64937752853,-6.54810581712,-1.35910602648,-1.32678058909,-1.60288698014,-1.21110205467,0.186908357942,0.461971128004,0.907091300008,-0.673502198739,10
lightgbm,6,2,12,52092,-1.67138285159,-1.70120386107,-3.04718135872,-0.546172876003,-0.274926683297,-0.280432143962,-0.501602914045,-0.090696230369,0.164809199011,0.501708515703,0.269321584888,-0.13623935299,12
mlp,6,2,12,52092,-15.4949116259,-15.5447818408,-16.8915545124,-13.6911176969,-2.16776296841,-2.17110402296,-2.38504978112,-1.95308842416,0.139994563079,0.416013975275,1.28461823952,-1.07423048469,12
momentum_12,6,2,12,52092,-18.1810237533,-18.0419784211,-19.6271101829,-16.9876241691,-3.14522379981,-3.13492549114,-3.37204694988,-2.90473997473,0.173047750181,0.377946709668,1.40518057795,-1.55860919121,12
reversal_12,6,2,12,52092,-10.3058700054,-10.3769939737,-11.7606790781,-9.2634410786,-1.77997352535,-1.78176300918,-2.00722232004,-1.58880529043,0.172726842831,0.451336097673,1.40512938647,-0.882062223005,12
ridge,6,2,12,52092,-11.4118721433,-11.1272723107,-13.7473793779,-9.28913091439,-1.8875155536,-1.87997648724,-2.23721372446,-1.55330875199,0.1655665813,0.421926591415,1.21847564565,-0.935354454128,12
tcn,6,2,12,52092,-14.9067804246,-15.0984557787,-16.4685636012,-12.9980918168,-2.18549702191,-2.20042322874,-2.41610672527,-1.84472333416,0.146701897902,0.413000076787,1.23021449231,-1.08301855846,12
transformer,6,2,12,52092,-7.22980630155,-7.28799563484,-8.20830976472,-6.23153743937,-1.23441789672,-1.23626947089,-1.39329035015,-1.08043981374,0.170750924771,0.463372494817,0.820141928383,-0.611713252244,12
lightgbm,8,2,12,52092,-1.83498667132,-2.15161198088,-2.90019079333,-0.52958538605,-0.229255898709,-0.271325214954,-0.361654398752,-0.0664120016974,0.125180326811,0.497753973739,0.240790332489,-0.113607289532,16
mlp,8,2,12,52092,-15.7373858312,-15.7360881855,-17.1924098328,-14.2634482209,-1.86823024429,-1.8426172188,-2.03325647677,-1.73257455515,0.118771083117,0.416417108193,1.09353883514,-0.925797658729,16
momentum_12,8,2,12,52092,-19.0768151531,-19.1188442901,-20.8437641144,-17.8704529293,-2.71934721633,-2.75012501873,-2.95495289856,-2.54693099357,0.142603437695,0.376487752438,1.23136470091,-1.34756692535,16
reversal_12,8,2,12,52092,-11.2127828831,-11.0441345032,-12.4091640754,-9.7765564992,-1.59551366923,-1.57192640554,-1.74596628811,-1.38154500698,0.142339707842,0.443503800968,1.23137909852,-0.790653520335,16
ridge,8,2,12,52092,-11.891325426,-11.7518378066,-13.8909733075,-9.55870633794,-1.62364785248,-1.6087422634,-1.86372053575,-1.30805577852,0.136712870997,0.423174383783,1.04689779621,-0.804595357033,16
tcn,8,2,12,52092,-15.0663444206,-15.0150198685,-16.8727679202,-13.1550517843,-1.86591445297,-1.85993570304,-2.08541384666,-1.57914883576,0.123838874701,0.414171081932,1.05432695999,-0.924650073098,16
transformer,8,2,12,52092,-7.06549087504,-6.83108976973,-8.30645675922,-6.39787948018,-1.02303253402,-0.98551056243,-1.20216015579,-0.920341194092,0.14473937987,0.46419795746,0.678364720111,-0.506961670113,16
lightgbm,10,2,12,52092,-2.09339276583,-2.131238054,-3.28853243,-0.961330548165,-0.21715207443,-0.220199322665,-0.342869399943,-0.098864959605,0.103743255334,0.499328111802,0.200737157337,-0.107609264281,20
mlp,10,2,12,52092,-15.2955961323,-15.1670777232,-16.5081358009,-14.3170652981,-1.58941473776,-1.57066977285,-1.70311917966,-1.50478176776,0.103953816161,0.419795745988,0.909832603855,-0.787631207374,20
momentum_12,10,2,12,52092,-18.9861304563,-18.5802856986,-21.2006025303,-17.7043945396,-2.27209808784,-2.24089988761,-2.51646965061,-2.12541437329,0.119723052585,0.379732012593,1.03441987253,-1.12593353873,20
reversal_12,10,2,12,52092,-11.3341092278,-11.3175553517,-12.5081586544,-9.5018603232,-1.35468323367,-1.37874144686,-1.4961530546,-1.12576936236,0.119533617692,0.443427013745,1.0345811257,-0.67131049285,20
ridge,10,2,12,52092,-11.7748441132,-12.0952053389,-13.7841297677,-8.30395387555,-1.36617824023,-1.38874703165,-1.5832691144,-0.967954564352,0.116155506173,0.426457037549,0.872594640252,-0.677006819732,20
tcn,10,2,12,52092,-14.6012909369,-14.3900171025,-16.1134609782,-13.3323335832,-1.56766047156,-1.56202384637,-1.74561345876,-1.39325574037,0.107368982595,0.417530522921,0.878388236197,-0.776850925459,20
transformer,10,2,12,52092,-6.83221900463,-6.75348083285,-8.14922773163,-5.27944025774,-0.844489878677,-0.830560274156,-1.00704760017,-0.646157991714,0.123565178152,0.46450510635,0.560350917607,-0.418485224125,20
lightgbm,1,5,12,52092,-7.56805985813,-7.58464585445,-9.20005504197,-6.49075383291,-3.22814643359,-3.19394826714,-3.94699865566,-2.76550001111,0.426558691225,0.46538815941,0.701988789065,-1.59970133199,2
mlp,1,5,12,52092,-23.4996804573,-23.5482138152,-24.9939517079,-21.6663306112,-8.06806180645,-8.00855352443,-8.70858680929,-7.66670524744,0.343531375405,0.35343238885,1.83346771097,-3.99811144998,2
momentum_12,1,5,12,52092,-17.4114011037,-17.3209650339,-18.9755796692,-16.0391193133,-8.89857579528,-8.85837560895,-9.60984508609,-8.31130816435,0.511304382847,0.360132074023,1.7792175382,-4.40967095061,2
reversal_12,1,5,12,52092,-13.0736702744,-13.099706308,-13.9873754457,-11.9516528184,-6.68424543918,-6.75153383,-7.25527744626,-6.04638570888,0.511193711649,0.431505797435,1.77904476695,-3.31236409264,2
ridge,1,5,12,52092,-14.373307046,-14.3428140361,-17.2131000271,-12.2298841585,-6.65462523464,-6.57326941834,-7.99924715824,-5.50869353297,0.462586225466,0.384147277893,1.67872226062,-3.29768586114,2
tcn,1,5,12,52092,-19.5862813454,-19.5728634876,-21.1329234355,-18.2214442508,-7.90633956783,-7.99813575081,-8.1597966854,-7.35028661127,0.40380909581,0.358442755126,1.7635721416,-3.91797032694,2
transformer,1,5,12,52092,-15.3965251694,-15.5706961071,-17.3218912463,-13.8346803707,-6.37801268798,-6.47088704261,-7.09162295693,-5.79025814165,0.414578057199,0.400234201029,1.4639867926,-3.16061108202,2
lightgbm,2,5,12,52092,-7.16677871147,-6.97886503686,-8.20351167021,-6.06683038405,-2.11383586727,-2.06955567602,-2.45157921337,-1.80209566789,0.295038774249,0.464370728711,0.521961145665,-1.04750702053,4
mlp,2,5,12,52092,-31.1556658792,-30.9829901768,-32.7434188799,-28.8950486686,-7.5645865583,-7.53142585504,-7.8440034952,-7.30469631544,0.243037824246,0.322640712585,1.70920678799,-3.7486153253,4
momentum_12,2,5,12,52092,-25.5121365864,-25.6159068937,-27.3727736996,-23.8190931058,-8.44447077659,-8.48238101341,-8.95055609423,-8.00381293436,0.331106254247,0.330914535821,1.69691123397,-4.18464014169,4
reversal_12,2,5,12,52092,-19.3966918691,-19.3228381803,-20.6132126522,-18.1914849003,-6.41569140419,-6.38047761721,-6.86929437666,-5.95953611154,0.330802061893,0.393169776549,1.69685364355,-3.17928269242,4
ridge,2,5,12,52092,-20.2619838854,-20.4400994206,-21.638677462,-17.7375885629,-6.28678787909,-6.3666361347,-6.79761014854,-5.48130149925,0.310308254008,0.357655686094,1.57678722261,-3.11540481543,4
tcn,2,5,12,52092,-26.3484552609,-25.995425083,-28.2868190033,-25.5207107266,-7.11904577739,-7.06949634103,-7.52499635287,-6.83684384745,0.270273325038,0.333448514167,1.614134608,-3.52782850681,4
transformer,2,5,12,52092,-18.6950698541,-19.1301104917,-21.1810574528,-16.4585436846,-5.39620453353,-5.50581254516,-6.09169997582,-4.86294817201,0.288803103911,0.390559010981,1.27928472702,-2.6740780685,4
lightgbm,3,5,12,52092,-5.69541845761,-5.79585057155,-6.77278559524,-4.34381291843,-1.43860162885,-1.45263191902,-1.7271216339,-1.10713761972,0.252662192602,0.478710742532,0.398775243799,-0.712896081144,6
mlp,3,5,12,52092,-35.2455546561,-35.0470982625,-38.1551456889,-33.1356440907,-6.97840747899,-7.01610298949,-7.2186987552,-6.66390346372,0.19818510871,0.308127927513,1.59520335816,-3.45813548702,6
momentum_12,3,5,12,52092,-31.0988681247,-31.1954598583,-32.7668029517,-29.8641903683,-8.07242193059,-8.0263364318,-8.3536821831,-7.72961973728,0.259629871305,0.306841741534,1.62787632138,-4.00027210054,6
reversal_12,3,5,12,52092,-23.8806463755,-23.6908987772,-25.1696414061,-22.5661807431,-6.1875930868,-6.20476551528,-6.49411513949,-5.89828874277,0.259167907538,0.372034093527,1.62799150221,-3.06624903993,6
ridge,3,5,12,52092,-24.2738893736,-23.9795020776,-25.9633213798,-22.247058549,-6.02023845598,-6.0078226336,-6.4033520576,-5.52316810134,0.248080885401,0.34014819934,1.48156466764,-2.98331679651,6
tcn,3,5,12,52092,-30.7565571117,-30.9271252928,-33.1452522988,-28.8172642189,-6.63026936163,-6.61871802787,-6.99571237864,-6.19160079753,0.215671845371,0.317611149505,1.50456883975,-3.28561635831,6
transformer,3,5,12,52092,-19.6464823445,-19.395951215,-21.4090055951,-18.2665730499,-4.69238363921,-4.63864135585,-5.01936691479,-4.45442324507,0.238998635592,0.387545112493,1.13073024649,-2.32530107053,6
lightgbm,4,5,12,52092,-6.26324263347,-6.37211604738,-7.41555608941,-4.89426946084,-1.34556592769,-1.36300644972,-1.60209631387,-1.06105049293,0.2150011995,0.479267449896,0.335065845043,-0.666792430608,8
mlp,4,5,12,52092,-37.3915982433,-37.2327229081,-39.6828915813,-35.6859120928,-6.44092517403,-6.43462380576,-6.7028007222,-6.18144310937,0.172376127848,0.298395147048,1.48619749674,-3.19178723521,8
momentum_12,4,5,12,52092,-34.7805505063,-34.8277048821,-36.6464834918,-33.5153503547,-7.64685758408,-7.60157146532,-7.97721249433,-7.42187998671,0.219912233439,0.29317361591,1.55794075866,-3.78938456307,8
reversal_12,4,5,12,52092,-27.3586379708,-27.3654631794,-28.5116145257,-25.8491808559,-6.00145220668,-6.03355745156,-6.24801317969,-5.7336188742,0.219383853735,0.352664516624,1.55781597942,-2.97400730927,8
ridge,4,5,12,52092,-27.0916675534,-26.7662058092,-29.3293992682,-25.0269086078,-5.71915397999,-5.69196442889,-6.17528142379,-5.32901986167,0.21117241925,0.328303770253,1.39317457575,-2.8341150031,8
tcn,4,5,12,52092,-33.7336722812,-33.5348622449,-36.5762141871,-31.6221867574,-6.22778406831,-6.21203290589,-6.55743971718,-5.91538834292,0.184719887158,0.306016278891,1.40961184059,-3.08616559824,8
transformer,4,5,12,52092,-20.0664356896,-19.7132696458,-22.1492265385,-18.9142884313,-4.18050804987,-4.15696391953,-4.57171666697,-3.99412632906,0.208430654173,0.388946479306,1.00893131383,-2.07164217403,8
lightgbm,5,5,12,52092,-6.14906003525,-6.1111134998,-7.19749094833,-5.14382823357,-1.15431781433,-1.13686446837,-1.34476629976,-0.975851120245,0.187866553654,0.478134838363,0.306104584197,-0.572019821005,10
mlp,5,5,12,52092,-38.7225291068,-38.7548010978,-41.4909481848,-36.1825782516,-5.98910174452,-5.98924078667,-6.24218737396,-5.67945173212,0.154799348318,0.295035706059,1.38367887584,-2.96788706312,10
momentum_12,5,5,12,52092,-37.3911959288,-37.2392090189,-38.9939465474,-35.8505695307,-7.23864910507,-7.21726181868,-7.48348855558,-7.07421630853,0.193625242632,0.281041234739,1.48350610458,-3.58709769008,10
reversal_12,5,5,12,52092,-29.8283929314,-29.7326213934,-30.8741691857,-28.6235186662,-5.75713362644,-5.76387323057,-5.87303861712,-5.56109572908,0.193038468931,0.339341933502,1.48348690778,-2.85293573886,10
ridge,5,5,12,52092,-29.2226982107,-28.8979281352,-31.2065476924,-27.1596554257,-5.41896210017,-5.37478385359,-5.74615313036,-5.1086313549,0.185502421544,0.318974122706,1.30516778008,-2.68535553389,10
tcn,5,5,12,52092,-35.8636787165,-35.8663151089,-37.6710785897,-33.1893695626,-5.84090627182,-5.81295317245,-6.19128567384,-5.56314326872,0.162964982853,0.298683099132,1.32003378638,-2.89444910114,10
transformer,5,5,12,52092,-19.935435331,-19.7733643429,-21.3119959202,-19.3544865886,-3.7429419629,-3.72424520851,-3.97262740861,-3.602878696,0.187779613901,0.390002303617,0.907091300008,-1.85480719874,10
lightgbm,6,5,12,52092,-5.94137988605,-5.90912739963,-7.32138388852,-4.77723706778,-0.982703808383,-0.982284522729,-1.21011155261,-0.794062113383,0.165494598128,0.479862550872,0.269321584888,-0.48697685299,12
mlp,6,5,12,52092,-39.4732809187,-39.6664696809,-41.5304604886,-36.6470151688,-5.54373970188,-5.54368574755,-5.75233243489,-5.31219830668,0.140528826415,0.292482530907,1.28461823952,-2.74718881802,12
momentum_12,6,5,12,52092,-39.3648927969,-39.2285892854,-41.1555236612,-37.4544257571,-6.83803835867,-6.81785813057,-7.0865210342,-6.58773375496,0.173754746699,0.273554480534,1.40518057795,-3.38857585788,12
reversal_12,6,5,12,52092,-31.6417448579,-31.5404273902,-33.275219744,-30.4747066891,-5.47265355299,-5.47303349536,-5.69021610028,-5.30358206998,0.172986151571,0.328265376641,1.40512938647,-2.71196222301,12
ridge,6,5,12,52092,-30.6804617355,-30.5910253967,-33.4881585018,-28.4944481035,-5.08966955037,-5.06846715759,-5.45678110525,-4.77529769463,0.165998189444,0.313157490594,1.21847564565,-2.52217528746,12
tcn,6,5,12,52092,-36.8365537197,-36.8315741401,-38.9847100573,-34.110307862,-5.41850070769,-5.4389595107,-5.66604452762,-5.08487399069,0.147196862097,0.295937955924,1.23021449231,-2.68512689179,12
transformer,6,5,12,52092,-19.7511769544,-19.7389605447,-20.6766827788,-18.6331739984,-3.38975088451,-3.38555205804,-3.53811872384,-3.24854485866,0.171640054163,0.39245949474,0.820141928383,-1.67978408558,12
lightgbm,8,5,12,52092,-6.8553566008,-7.07424478193,-7.95298687936,-5.59010903357,-0.862052892489,-0.897336790628,-0.997011689699,-0.703131421186,0.125808502691,0.473066881671,0.240790332489,-0.427188539532,16
mlp,8,5,12,52092,-39.7684913043,-39.9841285463,-41.8358554603,-37.6679108502,-4.74205030303,-4.71998696652,-4.91143408562,-4.59425527388,0.119297805827,0.293672732857,1.09353883514,-2.34991328373,16
momentum_12,8,5,12,52092,-41.5670792032,-41.2832760449,-43.4995728048,-39.279920382,-5.95537365033,-5.98883703999,-6.20423486124,-5.76972712349,0.143325896593,0.265434231744,1.23136470091,-2.95117317535,16
reversal_12,8,5,12,52092,-33.8668500123,-33.8742791074,-35.3170978488,-32.5442719575,-4.83157794014,-4.81318694459,-4.98155129156,-4.63105399109,0.142714222618,0.320913000077,1.23137909852,-2.39427852033,16
ridge,8,5,12,52092,-31.9300208785,-31.664824171,-34.4516997004,-29.6448038334,-4.37489526091,-4.35475844492,-4.63360892552,-4.07355508744,0.13713095721,0.312312831145,1.04689779621,-2.16797035703,16
tcn,8,5,12,52092,-37.2901226818,-36.8813758166,-39.3490053056,-35.4442667432,-4.63668570383,-4.63243483919,-4.87596118598,-4.36243148953,0.124374961413,0.294747753974,1.05432695999,-2.2977000731,16
transformer,8,5,12,52092,-19.2702674737,-19.0899928343,-20.3897714506,-18.5055413038,-2.80577501847,-2.77189476725,-2.97133811018,-2.69375688172,0.145597065284,0.395838132535,0.678364720111,-1.39039604511,16
lightgbm,10,5,12,52092,-7.14084065632,-7.14022640495,-8.30242060823,-6.116575644,-0.744689323912,-0.741561589424,-0.871012039888,-0.630882098513,0.104286993998,0.476176764186,0.200737157337,-0.369029264281,20
mlp,10,5,12,52092,-38.1040166656,-37.8631036687,-40.0608474694,-36.6677280828,-3.98045482069,-3.96149335575,-4.10518745886,-3.88432952174,0.104498634455,0.304230975966,0.909832603855,-1.97250620737,20
momentum_12,10,5,12,52092,-41.4413919019,-41.0566159407,-43.9258329633,-39.1655129882,-4.99055351285,-4.95286754483,-5.25041298164,-4.83635286673,0.120467482501,0.270905321355,1.03441987253,-2.47305853873,20
reversal_12,10,5,12,52092,-33.9649867238,-33.9007000235,-35.3999591251,-32.4813664583,-4.07356243201,-4.09198042405,-4.20672831375,-3.86007592767,0.119960765186,0.321181755356,1.0345811257,-2.01864549285,20
ridge,10,5,12,52092,-31.4064125999,-31.1534215579,-33.7931582226,-27.9383991978,-3.65935695481,-3.65500944568,-3.89319696512,-3.27146527617,0.1166005194,0.32085540966,0.872594640252,-1.81338681973,20
tcn,10,5,12,52092,-35.9270173585,-35.5717363118,-37.7376777541,-34.8269439458,-3.87606475628,-3.86712666991,-4.06232168267,-3.72231392973,0.107912892887,0.305344390693,0.878388236197,-1.92077592546,20
transformer,10,5,12,52092,-18.6285833163,-18.7045215469,-19.8805421046,-17.2731610851,-2.31709209015,-2.30666558791,-2.47221359879,-2.12730629856,0.124384108513,0.399427935192,0.560350917607,-1.14823022413,20
lightgbm,1,10,12,52092,-14.6393100572,-14.6487776239,-16.3663819759,-13.3967122841,-6.3028573297,-6.27342656069,-7.09099312698,-5.83180270635,0.430578846271,0.418624740843,0.701988789065,-3.12336799865,2
mlp,1,10,12,52092,-46.7093898089,-46.8645802255,-48.5418983236,-44.0389899323,-16.0986503805,-16.0330041119,-16.7622979358,-15.7093175488,0.344913533249,0.231091146433,1.83346771097,-7.97765311664,2
momentum_12,1,10,12,52092,-32.5684832098,-32.6439572634,-34.3428536028,-30.9947137771,-16.6915486126,-16.6547957886,-17.4435976777,-16.0936025666,0.512668774282,0.279063963756,1.7792175382,-8.27146261728,2
reversal_12,1,10,12,52092,-28.2518771184,-28.1630414123,-29.1906418703,-27.308559233,-14.4764615184,-14.5287833117,-15.0375718485,-13.8771113481,0.512429775356,0.332488673885,1.77904476695,-7.1737807593,2
ridge,1,10,12,52092,-30.1510228601,-30.2011212589,-32.8272634327,-28.4737072007,-14.0074287361,-13.9494901114,-15.3274987132,-12.8692325793,0.464483900824,0.285725255318,1.67872226062,-6.9413525278,2
tcn,1,10,12,52092,-38.5547119476,-38.5863362297,-41.0141777981,-37.1575817973,-15.630785548,-15.7170914949,-15.9138395327,-15.0629611102,0.405570366167,0.24854104277,1.7635721416,-7.74580366027,2
transformer,1,10,12,52092,-30.634124283,-30.7363794014,-32.8149988721,-28.6846673735,-12.7902748396,-12.8430344465,-13.5541661497,-12.1730915902,0.417746749835,0.312428011979,1.4639867926,-6.33819441536,2
lightgbm,2,10,12,52092,-14.7389506021,-14.6217029406,-15.8040492706,-13.5546934952,-4.40002568529,-4.3544001819,-4.81159303507,-4.07937279298,0.298592677223,0.424786915457,0.521961145665,-2.18042368719,4
mlp,2,10,12,52092,-61.5924670309,-61.0404254403,-65.1677110156,-58.0765018806,-15.0509122897,-15.0314405684,-15.3384278565,-14.744945106,0.24458971315,0.191353758735,1.70920678799,-7.45844865863,4
momentum_12,2,10,12,52092,-47.7577312023,-48.012567183,-49.9965544899,-45.5420995031,-15.8769419814,-15.9173326375,-16.4124980431,-15.4277682618,0.332541492109,0.23203178991,1.69691123397,-7.86778597502,4
reversal_12,2,10,12,52092,-41.7244033687,-41.5557204029,-43.0658746468,-40.3459029578,-13.847910363,-13.8231519163,-14.3044982467,-13.4229915366,0.331950485218,0.272460262612,1.69685364355,-6.86230352575,4
ridge,2,10,12,52092,-42.2805269204,-42.1638917134,-44.2014713624,-39.9131108396,-13.1931159141,-13.1931703434,-13.7071332999,-12.3918336347,0.312090464833,0.247677186516,1.57678722261,-6.53782148209,4
tcn,2,10,12,52092,-52.1602360841,-51.5601722048,-54.4624484427,-50.9183602058,-14.1889553604,-14.119748389,-14.5747682948,-13.9610014195,0.272111353378,0.211606388697,1.614134608,-7.03130767348,4
transformer,2,10,12,52092,-37.7441579708,-38.1730684932,-40.1338681013,-34.9408443,-10.9994716379,-11.0766660351,-11.6850033621,-10.4675565682,0.291521567345,0.292002610766,1.27928472702,-5.4507655685,4
lightgbm,3,10,12,52092,-12.4659425569,-12.5405770238,-13.6507739527,-11.0274176227,-3.18523719669,-3.18539395541,-3.52479498106,-2.8425902804,0.255560348058,0.444137295554,0.398775243799,-1.57843774781,6
mlp,3,10,12,52092,-69.9353651215,-69.5245661119,-75.3440339449,-66.5970334128,-13.9653981877,-14.0206388107,-14.2009233447,-13.6289207408,0.199866512715,0.16943100668,1.59520335816,-6.92052437591,6
momentum_12,3,10,12,52092,-58.2191033481,-58.4549833092,-60.4939691835,-56.4374401122,-15.2025202182,-15.1668744381,-15.5114154243,-14.8409397096,0.261182165349,0.202027182677,1.62787632138,-7.53357765609,6
reversal_12,3,10,12,52092,-51.1759098452,-50.9436888887,-52.8742874876,-49.585375182,-13.3181958665,-13.3202895881,-13.6054351118,-13.0207075403,0.260305984096,0.238597097443,1.62799150221,-6.59980459549,6
ridge,3,10,12,52092,-50.0967050004,-50.0429288181,-52.3842234277,-48.2209153627,-12.5094917002,-12.4751091098,-12.9368604658,-12.0277522985,0.249772260228,0.221723105275,1.48156466764,-6.19905290762,6
tcn,3,10,12,52092,-60.7995054656,-60.8302193267,-64.1854412592,-57.7729220127,-13.2202808797,-13.2546108362,-13.5713538488,-12.7812759876,0.217542506681,0.190989019427,1.50456883975,-6.55128302498,6
transformer,3,10,12,52092,-39.9366443168,-39.8548580346,-42.0940436818,-37.9601954424,-9.64498211882,-9.63412165992,-9.97886011912,-9.34934146668,0.241612400595,0.289257467557,1.13073024649,-4.77955107053,6
lightgbm,4,10,12,52092,-12.9364153595,-12.9848271614,-14.1947400074,-11.5396304491,-2.81315432898,-2.80925904128,-3.10775284462,-2.52760888961,0.217540360158,0.446460109038,0.335065845043,-1.39405284727,8
mlp,4,10,12,52092,-74.4265745729,-74.330327195,-78.8529912843,-70.9143200605,-12.9504702097,-12.9480296492,-13.2246217312,-12.641968334,0.174121286102,0.160120555939,1.48619749674,-6.41757890188,8
momentum_12,4,10,12,52092,-65.3072732423,-65.4528351567,-67.5936065292,-63.4113951157,-14.470638107,-14.4200338012,-14.8294757977,-14.2527023779,0.221624349697,0.181505797435,1.55794075866,-7.17089497973,8
reversal_12,4,10,12,52092,-58.1482435546,-58.1660359052,-59.4131910763,-56.2813547463,-12.8246861965,-12.8485641161,-13.0793400629,-12.5578828687,0.220581029717,0.215157797742,1.55781597942,-6.3552468926,8
ridge,4,10,12,52092,-55.5651489531,-55.2375089231,-58.1939408035,-53.387476121,-11.8212586218,-11.7815165782,-12.3035986318,-11.44144557,0.212807173888,0.205194655609,1.39317457575,-5.85800041976,8
tcn,4,10,12,52092,-66.4901403937,-66.2031835047,-70.2391691333,-63.0767248921,-12.4018839301,-12.4331766516,-12.7490706778,-12.0589787613,0.18661972714,0.177628042694,1.40961184059,-6.14572809824,8
transformer,4,10,12,52092,-40.7568640933,-40.5168364506,-42.9905502516,-38.9153990573,-8.59962720444,-8.57644042264,-8.99989565799,-8.38774761447,0.211067494297,0.287203409353,1.00893131383,-4.2615275907,8
lightgbm,5,10,12,52092,-13.1122215348,-13.0149654372,-14.2082510304,-12.0598901848,-2.49505589311,-2.45651477935,-2.70441474347,-2.31416763718,0.190358363335,0.444713199724,0.306104584197,-1.23641982101,10
mlp,5,10,12,52092,-76.9899215855,-76.9384281682,-81.0307183874,-72.9090226699,-12.0496152207,-12.0464618841,-12.3382675398,-11.7024814488,0.156625068605,0.154207939799,1.38367887584,-5.97116206312,10
momentum_12,5,10,12,52092,-70.2756799835,-70.0647764373,-72.7252073468,-67.8590046361,-13.7364058431,-13.7159266425,-14.0085887629,-13.5335307522,0.19549821385,0.16793365584,1.48350610458,-6.80704769008,10
reversal_12,5,10,12,52092,-63.0777730608,-63.1891835361,-64.5525182214,-61.4064410098,-12.2548062825,-12.2624876839,-12.3638816866,-12.0876085141,0.194309189549,0.195692236812,1.48348690778,-6.07284407219,10
ridge,5,10,12,52092,-59.5478559414,-59.2021259284,-62.1421774328,-57.2478721673,-11.1355969769,-11.101781841,-11.5116901034,-10.8467239603,0.187063013796,0.194098901943,1.30516778008,-5.51822220055,10
tcn,5,10,12,52092,-70.5654822308,-71.1689856776,-72.9405969717,-66.2986087275,-11.6226542562,-11.6148675975,-12.001823338,-11.2561215666,0.164811699006,0.169450203486,1.32003378638,-5.75958243447,10
transformer,5,10,12,52092,-40.5230703719,-40.4158091414,-41.8202182503,-39.7473226877,-7.71600185693,-7.71398894626,-7.9221947894,-7.58917309821,0.190435775791,0.290044536589,0.907091300008,-3.82364886541,10
lightgbm,6,10,12,52092,-12.8777549476,-12.7376374303,-14.2538397216,-11.5588126155,-2.16233235019,-2.14757708205,-2.41043465623,-1.94867625759,0.167958474277,0.448091837518,0.269321584888,-1.07153935299,12
mlp,6,10,12,52092,-78.4893933717,-78.3379411961,-81.6693641753,-74.1113203692,-11.170367591,-11.1590186202,-11.390577317,-10.9107147775,0.142397635063,0.153132918682,1.28461823952,-5.53545270691,12
momentum_12,6,10,12,52092,-73.9090212134,-73.8369121207,-76.6026643548,-70.8455626453,-12.9927292901,-12.9506316851,-13.2773111747,-12.726056722,0.175836404584,0.157221838286,1.40518057795,-6.43852030232,12
reversal_12,6,10,12,52092,-66.7064229177,-66.4368954437,-68.5708134749,-65.1843957058,-11.6271202657,-11.6296022583,-11.8285390673,-11.4630211656,0.174335074455,0.183617446057,1.40512938647,-5.76179555634,12
ridge,6,10,12,52092,-62.2679787318,-62.0270029716,-65.9248002236,-59.2445013989,-10.4265928783,-10.394953593,-10.8227267399,-10.0757266836,0.167535976865,0.188474237887,1.21847564565,-5.16687667635,12
tcn,6,10,12,52092,-72.5835585764,-72.8691622279,-76.2403035819,-67.8971195877,-10.806840184,-10.8737102054,-11.0826075315,-10.4851250849,0.148989817893,0.164804576518,1.23021449231,-5.35530744735,12
transformer,6,10,12,52092,-40.0560677094,-40.1524720182,-40.8210505299,-38.7364890062,-6.98197253083,-6.96114414533,-7.15431775632,-6.86205326686,0.174322518136,0.29242494049,0.820141928383,-3.45990214113,12
lightgbm,8,10,12,52092,-14.9429370551,-14.9927459939,-16.0690154233,-13.7964542358,-1.91671454879,-1.94068941675,-2.07455481579,-1.76433045367,0.128292350835,0.435537126622,0.240790332489,-0.949823956198,16
mlp,8,10,12,52092,-78.6909325451,-78.5508095418,-82.6371356728,-75.6626644562,-9.53175040094,-9.51934598518,-9.73004629122,-9.36372313843,0.121180350512,0.156914689396,1.09353883514,-4.7234393254,16
momentum_12,8,10,12,52092,-77.9977501346,-77.7307140934,-80.6911123415,-74.0292630314,-11.3487510403,-11.3829602935,-11.619704799,-11.1410540067,0.145553669331,0.148122552407,1.23136470091,-5.62385025869,16
reversal_12,8,10,12,52092,-70.8466019983,-70.9584774925,-72.7249464609,-67.8691394757,-10.2250183916,-10.2166133404,-10.374192964,-10.0469022979,0.144376168301,0.173999846426,1.23137909852,-5.06698685367,16
ridge,8,10,12,52092,-64.6698043001,-64.3476852896,-68.067606037,-61.2989384446,-8.96030760829,-8.93815749069,-9.25008957514,-8.6827206023,0.138651291171,0.185517929816,1.04689779621,-4.4402620237,16
tcn,8,10,12,52092,-73.3499006694,-73.2983843139,-75.9344195825,-70.1225645159,-9.25463778861,-9.2444177632,-9.52687341819,-9.00123591247,0.126216866477,0.164958150964,1.05432695999,-4.58611673976,16
transformer,8,10,12,52092,-38.9878940789,-39.1058107271,-39.9195210832,-37.448864929,-5.77701249256,-5.7589593368,-5.97077350588,-5.63056416755,0.148182890677,0.299278200108,0.678364720111,-2.86278667011,16
lightgbm,10,10,12,52092,-15.2485936121,-15.2043000524,-16.3592542505,-14.3189470442,-1.62391807305,-1.61049870069,-1.75124977313,-1.51757733003,0.106496296264,0.439549259003,0.200737157337,-0.804729264281,20
mlp,10,10,12,52092,-74.8502460398,-74.5368476545,-78.4230379918,-72.7210413456,-7.96552162557,-7.94244475557,-8.10863459086,-7.85024244503,0.106451198885,0.170697995853,0.909832603855,-3.94729787404,20
momentum_12,10,10,12,52092,-77.5628890808,-77.6804500531,-80.3773100383,-73.7632292924,-9.52131255455,-9.4728136402,-9.80698520002,-9.35458368912,0.122795233935,0.151405206174,1.03441987253,-4.71826687207,20
reversal_12,10,10,12,52092,-70.6804178944,-70.6234577681,-72.551085785,-68.0796229873,-8.60502776258,-8.61885277082,-8.72435374568,-8.41725353651,0.121775060128,0.176169085464,1.0345811257,-4.26420382618,20
ridge,10,10,12,52092,-63.3190061904,-62.7230775618,-66.364978937,-59.8197963021,-7.48132147912,-7.47297936319,-7.74307671633,-7.11064979587,0.118220429329,0.193062274438,0.872594640252,-3.7073534864,20
tcn,10,10,12,52092,-70.3596224008,-70.327012665,-72.7340048362,-67.980039928,-7.72340523083,-7.71359753905,-7.92350205586,-7.60407757866,0.109801146857,0.177090532135,0.878388236197,-3.82731759213,20
transformer,10,10,12,52092,-37.6078442507,-37.9089007581,-38.9473127816,-35.7898672114,-4.77142910927,-4.7770622707,-4.94472129991,-4.59588680996,0.126884403631,0.309126161407,0.560350917607,-2.36447189079,20
