model,horizon_bars,horizon_minutes,cost_bps,cohort_count,total_periods,mean_cohort_sharpe,median_cohort_sharpe,worst_cohort_sharpe,best_cohort_sharpe,mean_annualized_net_return,median_annualized_net_return,worst_annualized_net_return,best_annualized_net_return,mean_annualized_volatility,mean_positive_fraction,mean_turnover,mean_cumulative_net_log_return
lightgbm,3,15,0,3,52092,1.44494807168,1.45730100888,0.483351177856,2.39419202831,0.323142572354,0.325525757996,0.109666536347,0.534235422718,0.224467258529,0.509751977271,0.210968094909,0.160132637738
mlp,3,15,0,3,52092,1.83819092688,2.01030171249,-0.0772816429091,3.58155271106,0.328789360213,0.357170693652,-0.0135130649152,0.6427104519,0.177325068251,0.508657759349,1.41317284804,0.162930891859
momentum_12,3,15,0,3,52092,-7.47114961647,-7.61613317894,-8.38485435292,-6.41246131755,-1.71347047826,-1.7488350078,-1.92046086743,-1.47111555956,0.229358936709,0.466443983721,0.838981993396,-0.849106774674
reversal_12,3,15,0,3,52092,7.47198040595,7.612137339,6.41654424682,8.38725963202,1.71339116566,1.7478760056,1.47153564068,1.9207618507,0.229320351208,0.533997542809,0.838698840513,0.849067471477
ridge,3,15,0,3,52092,3.99772383698,3.39161104401,3.14395488041,5.45760558653,0.889446730785,0.762614383751,0.681819861544,1.22390594706,0.221992338866,0.510635030331,1.36730208093,0.44076349981
tcn,3,15,0,3,52092,0.0159845905872,0.263719012053,-0.86814650084,0.652381260549,0.00350125594104,0.0511456022041,-0.167048720128,0.126406885747,0.193374005055,0.5010174307,1.36489768103,0.00173504018722
transformer,3,15,0,3,52092,1.64056818411,1.3075295181,0.642994368707,2.97118066554,0.354169578525,0.277199797158,0.138220671626,0.647088266791,0.214918337867,0.511249328112,1.04941257775,0.175508006892
lightgbm,6,30,0,6,52092,0.849028387539,0.889248853505,-0.212076079136,1.48496509866,0.187075713162,0.195375957765,-0.0464594718395,0.329869555717,0.220054886343,0.51134531214,0.26518467327,0.0927049852552
mlp,6,30,0,6,52092,0.986855731696,0.80328558517,0.105930363853,2.51941331243,0.171891289801,0.136771557706,0.0183632634624,0.438133955295,0.173597104753,0.511057360055,1.44890290256,0.0851803754594
momentum_12,6,30,0,6,52092,-6.17756800116,-5.80775554019,-8.49468486508,-5.08199893264,-1.38236653983,-1.29374488209,-1.89400616979,-1.13877784372,0.223852376772,0.460953697305,1.13724756201,-0.685028898335
reversal_12,6,30,0,6,52092,6.18636201461,5.84023300226,5.07148994221,8.46288754337,1.38415438931,1.30043873295,1.13653326023,1.88680048275,0.223823143525,0.539295861169,1.13716117638,0.685914863472
ridge,6,30,0,6,52092,3.13449278595,3.45462046467,1.33177636134,4.2655114318,0.675299720857,0.743619107161,0.294194193301,0.925388559831,0.215776675395,0.511537280197,1.36938973355,0.334643389069
tcn,6,30,0,6,52092,-0.263033835194,0.0600577086652,-2.1245255206,1.18329696456,-0.0478229583137,0.0110662953947,-0.393912460697,0.22479726562,0.188034255171,0.499462489442,1.3787337787,-0.023698568726
transformer,6,30,0,6,52092,1.20068203837,0.928275832212,0.484097158194,2.39292114516,0.254634628752,0.194091532854,0.10161496155,0.509537510656,0.2113841826,0.510404668663,1.05118828227,0.126183667056
lightgbm,12,60,0,12,52092,0.565060290416,0.391343443912,-0.448718158789,1.87504666544,0.122022473595,0.0832461418537,-0.0964397831151,0.405507903756,0.214157560874,0.515050295631,0.335065845043,0.060467986059
mlp,12,60,0,12,52092,0.40095740803,0.440808391788,-1.04476990182,1.64344595686,0.0686198616738,0.0752227179587,-0.180979713215,0.279082115235,0.171812006729,0.508350610458,1.48619749674,0.0340044314527
momentum_12,12,60,0,12,52092,-3.75816094707,-3.61321973572,-5.1860844047,-2.6995881796,-0.823077061156,-0.78310912945,-1.12494919095,-0.591057595551,0.219165722929,0.461452814252,1.55794075866,-0.407874146401
reversal_12,12,60,0,12,52092,3.75254554069,3.61553547665,2.66356189269,5.14213552596,0.821781783184,0.778774132575,0.583313703515,1.11464335583,0.219158723266,0.538566382554,1.55781597942,0.407232274064
ridge,12,60,0,12,52092,1.81620408084,1.7047254669,-0.222829205022,3.68510347062,0.382950661798,0.359860968479,-0.0469642157729,0.783405846692,0.210577603533,0.506123781003,1.39317457575,0.189770413569
tcn,12,60,0,12,52092,-0.292556512614,-0.128721543539,-2.05142230484,1.37999878542,-0.0536842065291,-0.0241008290149,-0.365808756567,0.247991062742,0.184077251646,0.501516547646,1.40961184059,-0.0266030982355
transformer,12,60,0,12,52092,1.14697552526,1.35348754962,-0.700095776308,1.92660068344,0.238611104701,0.282527966436,-0.143537675956,0.399494956363,0.207319597261,0.508561775321,1.00893131383,0.118243242638
lightgbm,24,120,0,24,52056,0.642155979602,0.782128440632,-0.861784592245,2.14221483125,0.135911211431,0.163986836367,-0.177130887123,0.460004849192,0.212101670682,0.514119409866,0.395377093899,0.0673039766198
mlp,24,120,0,24,52056,0.113818909052,0.226607835257,-2.05400255227,1.82032643777,0.0196255560831,0.0368191980667,-0.320562668986,0.305350890807,0.168139305876,0.509547410481,1.51728427079,0.00971868290965
momentum_12,24,120,0,24,52056,-2.3634177222,-2.30631137793,-4.99249828747,-0.660401341686,-0.505888418826,-0.483508837518,-1.08710001708,-0.140026663652,0.213579891397,0.466939449823,1.54040840633,-0.250518716994
reversal_12,24,120,0,24,52056,2.36500556718,2.28165642124,0.694228343432,5.01528506332,0.506208598956,0.478595341023,0.147152011659,1.09233944054,0.213576823838,0.533118180421,1.54049004918,0.250677271949
ridge,24,120,0,24,52056,1.04258076609,1.33823601069,-0.577485934759,2.79961935834,0.212567540604,0.267849077688,-0.119748715329,0.573431628146,0.20442399285,0.501421546027,1.40664380667,0.105264610861
tcn,24,120,0,24,52056,-0.479838595389,-0.497983883885,-2.8537603229,1.68510537419,-0.0850306465467,-0.088316712137,-0.497706956114,0.305927334413,0.179598062878,0.501978638389,1.41349700323,-0.0421076420913
transformer,24,120,0,24,52056,1.0512011486,1.18692627704,-0.579257163003,3.09539364037,0.215195676827,0.242877387635,-0.117910148457,0.622164545931,0.204554564082,0.516078838174,1.0669807515,0.106566078319
lightgbm,3,15,0.25,3,52092,0.621603122441,0.619962006262,-0.335285111857,1.58013247292,0.138334521213,0.138485329524,-0.0760748250908,0.352593059208,0.224471500628,0.507467557398,0.210968094909,0.0685513877383
mlp,3,15,0.25,3,52092,-5.14394251707,-4.9593784283,-7.13864764845,-3.33380147447,-0.909150054669,-0.881041987757,-1.24821952656,-0.598188649689,0.177312290357,0.48763725716,1.41317284804,-0.450527441475
momentum_12,3,15,0.25,3,52092,-10.674894993,-10.8027581173,-11.6070791255,-9.61484773627,-2.44841870448,-2.48075207759,-2.65865886329,-2.20584517255,0.229372090883,0.456365660754,0.838981993396,-1.21330885801
reversal_12,3,15,0.25,3,52092,4.26820342566,4.42624786988,3.21344835123,5.16491405588,0.978690981373,1.01631208024,0.736969987606,1.18279087627,0.229318180364,0.52476387929,0.838698840513,0.48498830481
ridge,3,15,0.25,3,52092,-1.39947108699,-1.89665392344,-2.40245095269,0.100691615164,-0.308309892113,-0.426460771743,-0.521053151586,0.0225842469899,0.222008082263,0.49262842663,1.36730208093,-0.152782333523
tcn,3,15,0.25,3,52092,-6.16704368434,-5.89592725253,-7.08466186612,-5.52054193436,-1.19214911264,-1.14350419047,-1.36324982586,-1.06969332158,0.193378952868,0.481379098518,1.36489768103,-0.590767043146
transformer,3,15,0.25,3,52092,-2.63698814364,-3.0231821161,-3.65483611138,-1.23294620343,-0.565115839581,-0.641000963035,-0.785819584075,-0.268526971633,0.214943219198,0.498214697074,1.04941257775,-0.280041993108
lightgbm,6,30,0.25,6,52092,0.321205756998,0.357300721791,-0.738104015724,0.971305599705,0.0709248262694,0.0784977614966,-0.161698068937,0.215753453436,0.220045618749,0.509483221992,0.26518467327,0.0351466519219
mlp,6,30,0.25,6,52092,-2.66995385379,-2.91920958144,-3.55187663202,-1.15206368292,-0.462728181519,-0.496908297166,-0.615694960449,-0.200338574076,0.17358897427,0.495507947478,1.44890290256,-0.229303999541
momentum_12,6,30,0.25,6,52092,-8.40181568314,-8.0437791555,-10.7359465345,-7.28383280327,-1.88048097199,-1.79199384546,-2.39410914146,-1.63244854172,0.223878994399,0.450606619059,1.13724756201,-0.931868481668
reversal_12,6,30,0.25,6,52092,3.96135108603,3.60309920732,2.86913897009,6.2204783449,0.886077794059,0.802252831082,0.642887786841,1.38667228649,0.223802680159,0.529236735007,1.13716117638,0.439094030138
ridge,6,30,0.25,6,52092,0.353630944853,0.67984860673,-1.38425367125,1.50613810828,0.0755070175631,0.145423962033,-0.305772980162,0.326783514911,0.215779086369,0.498848191661,1.36938973355,0.037417347402
tcn,6,30,0.25,6,52092,-3.47485983258,-3.15737083335,-5.40097411958,-2.00502794626,-0.651708353384,-0.593069243652,-1.00139656574,-0.380921117241,0.188034295579,0.485314443677,1.3787337787,-0.322952735393
transformer,6,30,0.25,6,52092,-0.977615276479,-1.27962493535,-1.708717313,0.221328029369,-0.205785838882,-0.267688961271,-0.358696199472,0.0471327076148,0.211398444848,0.500287952085,1.05118828227,-0.10197674961
lightgbm,12,60,0.25,12,52092,0.2224067685,0.0513601980704,-0.79894634466,1.53608612717,0.0486430535307,0.0109335122752,-0.171722609653,0.332179983922,0.21415900224,0.513476157567,0.335065845043,0.0241049652257
mlp,12,60,0.25,12,52092,-1.49483933524,-1.44446968423,-2.92710977886,-0.258757457292,-0.256857390112,-0.249493591647,-0.507070763664,-0.0439441459954,0.171811883748,0.497216463181,1.48619749674,-0.127285151881
momentum_12,12,60,0.25,12,52092,-5.31485613341,-5.17963192859,-6.76507049197,-4.25915983062,-1.1642660873,-1.12403224624,-1.46756235611,-0.932598715109,0.219179911237,0.452027182677,1.55794075866,-0.576949667235
reversal_12,12,60,0.25,12,52092,2.19569350567,2.03313604693,1.10396493091,3.56167771494,0.480620083691,0.437914077288,0.241747359355,0.772004966055,0.219146794914,0.528353681947,1.55781597942,0.238170294897
ridge,12,60,0.25,12,52092,0.366994546648,0.279357601787,-1.67695916509,2.24755454761,0.0778454297087,0.0590071329574,-0.353380076174,0.477784561274,0.210582448698,0.496371803732,1.39317457575,0.0385761427358
tcn,12,60,0.25,12,52092,-1.97050929456,-1.7908396125,-3.78715360137,-0.33484183314,-0.362389199618,-0.333291395705,-0.675390304597,-0.0601779075413,0.184079216101,0.490132841895,1.40961184059,-0.179581223235
transformer,12,60,0.25,12,52092,0.0808946325051,0.288794489303,-1.77973227859,0.867091114651,0.0176551469727,0.0602424619438,-0.364946625506,0.179813892092,0.207338396099,0.502284419873,1.00893131383,0.00874897180464
lightgbm,24,120,0.25,24,52056,0.437983392853,0.572651128646,-1.07268238898,1.94089927166,0.0926174196496,0.120040432495,-0.22048410289,0.416765222636,0.212109397976,0.512774704165,0.395377093899,0.0458646537032
mlp,24,120,0.25,24,52056,-0.875317930167,-0.797843794916,-3.11496468673,0.83429309472,-0.146517071568,-0.128661351726,-0.486074771337,0.139952377667,0.168135907455,0.501517596435,1.51728427079,-0.0725560566737
momentum_12,24,120,0.25,24,52056,-3.15320024967,-3.10853292784,-5.77127581436,-1.45310696523,-0.674563139319,-0.651665044295,-1.25685278333,-0.308126075823,0.213592774865,0.459870139849,1.54040840633,-0.334047362827
reversal_12,24,120,0.25,24,52056,1.57506479305,1.47966960196,-0.0992473545259,4.23616762961,0.337524938571,0.310458065781,-0.0210357476776,0.922523569168,0.21356522254,0.52700937452,1.54049004918,0.167144199032
ridge,24,120,0.25,24,52056,0.288744856834,0.574349941181,-1.31045920856,2.04334561054,0.0585400437736,0.113695896499,-0.271743701498,0.41857166964,0.204424969448,0.494294605809,1.40664380667,0.028989350444
tcn,24,120,0.25,24,52056,-1.34198155147,-1.36483207656,-3.73806817102,0.824103332227,-0.2398085684,-0.242097573133,-0.651948484468,0.151016891813,0.179595532365,0.494505916705,1.41349700323,-0.118754517091
transformer,24,120,0.25,24,52056,0.479792576603,0.613657509505,-1.15163097415,2.5006266678,0.0983612845381,0.125583905616,-0.234427437531,0.502656074285,0.204566179776,0.511237897649,1.0669807515,0.0487090470692
lightgbm,3,15,0.5,3,52092,-0.20170158164,-0.217356324658,-1.15381066819,0.766062247924,-0.0464735299268,-0.0485550989491,-0.261816186528,0.170950695697,0.224486279272,0.505547876833,0.210968094909,-0.0230298622617
mlp,3,15,0.5,3,52092,-12.1261940485,-11.92964203,-14.1990483355,-10.2498917799,-2.14708946955,-2.11925466917,-2.4829259882,-1.83908775128,0.177312291956,0.466213622053,1.41317284804,-1.06398577481
momentum_12,3,15,0.5,3,52092,-13.8776148682,-13.9882067331,-14.8281594587,-12.8164784128,-3.18336693069,-3.21266914739,-3.39685685914,-2.94057478555,0.229396119741,0.445999385702,0.838981993396,-1.57751094134
reversal_12,3,15,0.5,3,52092,1.06431517113,1.24011328644,0.010483038898,1.94234918803,0.243990797084,0.284748154875,0.00240433453113,0.444819901845,0.229326884418,0.514992705214,0.838698840513,0.120909138144
ridge,3,15,0.5,3,52092,-6.79557581041,-7.18478383054,-7.94760209474,-5.25434150595,-1.50606651501,-1.61553592724,-1.72392616472,-1.17873745308,0.222034192479,0.474410658066,1.36730208093,-0.746328166857
tcn,3,15,0.5,3,52092,-12.3489346119,-12.0542379594,-13.3000874925,-11.692478384,-2.38779948122,-2.33815398314,-2.5594509316,-2.2657935289,0.193396751317,0.461875143976,1.36489768103,-1.18326912648
transformer,3,15,0.5,3,52092,-6.91301182924,-7.352258894,-7.9502902478,-5.43648634592,-1.48440125769,-1.55920172323,-1.70985983978,-1.18414221006,0.214984618212,0.485487214927,1.04941257775,-0.735591993108
lightgbm,6,30,0.5,6,52092,-0.206655092491,-0.17471913727,-1.26408275039,0.457575855103,-0.045226060623,-0.0383804347716,-0.276936666034,0.101637351155,0.220043090621,0.507736312678,0.26518467327,-0.0224116814115
mlp,6,30,0.5,6,52092,-6.32688715312,-6.64226322782,-7.20978727403,-4.82369536832,-1.09734765284,-1.13058815204,-1.24975318436,-0.838811103447,0.173587153179,0.480188896568,1.44890290256,-0.543788374541
momentum_12,6,30,0.5,6,52092,-10.6252401928,-10.2791384652,-12.9761323337,-9.48463834958,-2.37859540415,-2.29024280883,-2.89421211312,-2.12611923971,0.223911826715,0.441430545957,1.13724756201,-1.178708065
reversal_12,6,30,0.5,6,52092,1.73588556953,1.36567116435,0.666130228251,3.97736654101,0.388001198805,0.304066929216,0.149242313448,0.886544090217,0.22378843241,0.518966443984,1.13716117638,0.192273196805
ridge,6,30,0.5,6,52092,-2.42710414137,-2.10971938289,-4.10043099331,-1.25266725768,-0.524285685731,-0.452771183095,-0.905740153624,-0.27182153001,0.215786737744,0.486178299931,1.36938973355,-0.259808694265
tcn,6,30,0.5,6,52092,-6.68645141689,-6.37466702416,-8.67717351127,-5.19291774119,-1.25559374845,-1.1972047827,-1.60888067079,-0.986639500102,0.188040918455,0.469861015127,1.3787337787,-0.622206902059
transformer,6,30,0.5,6,52092,-3.15549626443,-3.48715562327,-3.90105892322,-1.94980659925,-0.666206306516,-0.729469455397,-0.819007360495,-0.415272095426,0.211421012508,0.490439990786,1.05118828227,-0.330137166277
lightgbm,12,60,0.5,12,52092,-0.120239388718,-0.288550606805,-1.14910646816,1.19705582559,-0.0247363665338,-0.0613791173032,-0.24700543619,0.258852064088,0.21416474069,0.511690854642,0.335065845043,-0.0122580556077
mlp,12,60,0.5,12,52092,-3.39057865742,-3.26663697145,-4.80919274157,-2.16064617082,-0.582334641897,-0.574209901253,-0.833161814114,-0.366970407226,0.171814747648,0.487080549797,1.48619749674,-0.288574735214
momentum_12,12,60,0.5,12,52092,-6.87127380457,-6.74575795296,-8.34373962549,-5.81838799888,-1.50545511345,-1.46495536304,-1.81017552128,-1.27413983467,0.219196540437,0.443407816939,1.55794075866,-0.746025188068
reversal_12,12,60,0.5,12,52092,0.6386654805,0.450657317521,-0.455863343884,1.98100190263,0.139458384198,0.097054022001,-0.0998189848052,0.429366576283,0.219137307256,0.518486523842,1.55781597942,0.0691083157308
ridge,12,60,0.5,12,52092,-1.08213663519,-1.14593026691,-3.13155370215,0.809894753732,-0.227259802381,-0.241846702564,-0.659795936575,0.172163275856,0.210589918562,0.486984565768,1.39317457575,-0.112618128098
tcn,12,60,0.5,12,52092,-3.64836085299,-3.45294052523,-5.52244248366,-2.04932864316,-0.671094192707,-0.642481962394,-0.984971852628,-0.368346877825,0.18408436189,0.478960301006,1.40961184059,-0.332559348235
transformer,12,60,0.5,12,52092,-0.984972041399,-0.775675741422,-2.85898401758,-0.192225005185,-0.203300810756,-0.162043042548,-0.586355575057,-0.0398671721792,0.207361076975,0.496007064424,1.00893131383,-0.100745299029
lightgbm,24,120,0.5,24,52056,0.233822567198,0.36315869793,-1.28355312319,1.73955369164,0.0493236278676,0.0760940286219,-0.263837318658,0.37352559608,0.21211966927,0.511161057323,0.395377093899,0.0244253307865
mlp,24,120,0.5,24,52056,-1.86447643535,-1.79713445626,-4.17618724379,-0.151685736874,-0.312659699219,-0.294141901518,-0.651586873688,-0.0254461354728,0.168133982454,0.493065160596,1.51728427079,-0.154830796257
momentum_12,24,120,0.5,24,52056,-3.94286246597,-3.90636971183,-6.54979696643,-2.2456958237,-0.843237859813,-0.819821251073,-1.42660554959,-0.476225487995,0.213606945126,0.453300291993,1.54040840633,-0.417576008661
reversal_12,24,120,0.5,24,52056,0.785032119101,0.677622389081,-0.892808197291,3.45682342251,0.168841278186,0.142320790539,-0.189223507014,0.752707697799,0.213554909188,0.520170585523,1.54049004918,0.0836111261156
ridge,24,120,0.5,24,52056,-0.465080355639,-0.204650019455,-2.04339682732,1.28722075634,-0.0954874530567,-0.0404572846908,-0.423738687666,0.263711711134,0.204427287007,0.486937144613,1.40664380667,-0.0472859099726
tcn,24,120,0.5,24,52056,-2.20412859111,-2.23166451323,-4.62229220918,-0.0212454340346,-0.394586490253,-0.395878434129,-0.806190012822,-0.00389355078769,0.179594648155,0.486898724451,1.41349700323,-0.195401392091
transformer,24,120,0.5,24,52056,-0.0915497976931,0.0404978096275,-1.72394702904,1.90593049344,-0.0184731077509,0.0082904235962,-0.350944726604,0.383147602639,0.2045797971,0.505705394191,1.0669807515,-0.00914798418077
lightgbm,3,15,1,3,52092,-1.84772657596,-1.89143916058,-2.79007987359,-0.861660693724,-0.416089632207,-0.422635955894,-0.633298909403,-0.192334031325,0.224547436422,0.500959840283,0.210968094909,-0.206192362262
mlp,3,15,1,3,52092,-26.0850123831,-25.8658342211,-28.310716419,-24.0784865091,-4.62296829931,-4.59568003199,-4.95233891149,-4.32088595446,0.177350630749,0.427474468248,1.41317284804,-2.29090244147
momentum_12,3,15,1,3,52092,-20.2781598658,-20.3537445322,-21.26505774,-19.2156773253,-4.65326338312,-4.67650328699,-4.87325285085,-4.41003401153,0.229476786269,0.427301696998,0.838981993396,-2.30591510801
reversal_12,3,15,1,3,52092,-5.34197254569,-5.13105604215,-6.39325733941,-4.50160425551,-1.2254095715,-1.17837969585,-1.46672697162,-1.03112204701,0.229376910752,0.494144974276,0.838698840513,-0.60724919519
ridge,3,15,1,3,52092,-17.5814937753,-17.7577352318,-19.030943538,-15.955802556,-3.90157976081,-3.99368623823,-4.12967219098,-3.58138085322,0.222117497239,0.438301466636,1.36730208093,-1.93341983352
tcn,3,15,1,3,52092,-24.7043802299,-24.3619390908,-25.7225580849,-24.0286435139,-4.77910021837,-4.72745356849,-4.95185314307,-4.65799394355,0.193470883376,0.42234892114,1.36489768103,-2.36827329315
transformer,3,15,1,3,52092,-15.456527405,-16.0014298313,-16.5301112038,-13.83804118,-3.3229720939,-3.39560324362,-3.55794035118,-3.01537268691,0.215116927126,0.459801888966,1.04941257775,-1.64669199311
lightgbm,6,30,1,6,52092,-1.26229738812,-1.23877435462,-2.31570368943,-0.569916927044,-0.277527834408,-0.272136827308,-0.507413860229,-0.126594853406,0.220058253088,0.503589802657,0.26518467327,-0.137528348078
mlp,6,30,1,6,52092,-13.6395283853,-14.0883496996,-14.5243275899,-12.1658396151,-2.36658659548,-2.39794786178,-2.51786963218,-2.11575616219,0.173602439336,0.44932043308,1.44890290256,-1.17275712454
momentum_12,6,30,1,6,52092,-15.0688818318,-14.7471173283,-17.4525370237,-13.8824247617,-3.37482426847,-3.28674073558,-3.89441805645,-3.1134606357,0.223996123967,0.422118559472,1.13724756201,-1.67238723167
reversal_12,6,30,1,6,52092,-2.71566772132,-3.10931848426,-3.74111614397,-0.510219775369,-0.608151991704,-0.692304874516,-0.838048633338,-0.113712302319,0.223778587986,0.499097750134,1.13716117638,-0.301368469862
ridge,6,30,1,6,52092,-7.98738337024,-7.68683008486,-9.53247210445,-6.76777806169,-1.72387109232,-1.64916147335,-2.10567450055,-1.46903161985,0.215817759068,0.460013053828,1.36938973355,-0.854260777598
tcn,6,30,1,6,52092,-13.1075828356,-12.8075035325,-15.2274387846,-11.5660639076,-2.46336453859,-2.40547586079,-2.82384888088,-2.19807626582,0.188073908112,0.440969822622,1.3787337787,-1.22071523539
transformer,6,30,1,6,52092,-7.5089837538,-7.85577354619,-8.28327658362,-6.2896793887,-1.58704724178,-1.65303044365,-1.73962968254,-1.34008170151,0.211491052474,0.47275973278,1.05118828227,-0.78645799961
lightgbm,12,60,1,12,52092,-0.805427127671,-0.968075340487,-1.84913469374,0.518867275082,-0.171495206663,-0.20600437646,-0.397571089266,0.11219622442,0.214189107221,0.507832296706,0.335065845043,-0.0849840972743
mlp,12,60,1,12,52092,-7.18148836267,-6.9267663657,-8.57220886151,-5.96307731248,-1.23328914547,-1.22364252047,-1.48534391501,-1.01302292969,0.171829435327,0.466040850802,1.48619749674,-0.611153901881
momentum_12,12,60,1,12,52092,-9.98306893588,-9.87694168943,-11.4999181678,-8.93560109472,-2.18783316574,-2.14680159662,-2.49540185162,-1.95722207378,0.219237119207,0.424306995316,1.55794075866,-1.08417622973
reversal_12,12,60,1,12,52092,-2.47571039888,-2.69728585319,-3.57600090441,-1.18079392286,-0.542865014789,-0.584666088573,-0.782951673126,-0.255910203261,0.219125655209,0.499904015972,1.55781597942,-0.269015642603
ridge,12,60,1,12,52092,-3.97994740712,-3.99605612766,-6.0419118983,-2.0655464704,-0.837470266559,-0.843554373608,-1.27262765738,-0.43907929498,0.210612731206,0.467883744145,1.39317457575,-0.415006669764
tcn,12,60,1,12,52092,-7.00341194478,-6.77674840059,-8.99131798909,-5.47686410322,-1.28850417889,-1.26086309577,-1.60413494869,-0.984684818391,0.184104196219,0.458093373263,1.40961184059,-0.638515598235
transformer,12,60,1,12,52092,-3.11582354097,-2.90372065668,-5.01608255231,-2.31003922974,-0.645212726213,-0.606614051532,-1.02917347416,-0.479229300721,0.207418079492,0.483529140751,1.00893131383,-0.319733840695
lightgbm,24,120,1,24,52056,-0.174434386004,-0.0558396387984,-1.70518029739,1.33680010807,-0.0372639556962,-0.0117987791236,-0.351882733425,0.287046342968,0.212147842339,0.50781850315,0.395377093899,-0.0184533150468
mlp,24,120,1,24,52056,-3.84275411742,-3.7905278818,-6.29928388651,-2.12337801792,-0.644944954521,-0.625103001103,-0.982611078391,-0.356243161752,0.168134552843,0.475257415091,1.51728427079,-0.319380275424
momentum_12,24,120,1,24,52056,-5.52176904662,-5.47520611573,-8.1060170176,-3.83046286325,-1.1805873008,-1.15613366463,-1.76611108209,-0.812424312338,0.213639144962,0.439411403104,1.54040840633,-0.584633300327
reversal_12,24,120,1,24,52056,-0.795251823926,-0.926594749857,-2.48012493425,1.89750806206,-0.168526042583,-0.193953759946,-0.525599025686,0.41307595506,0.213538147065,0.506166436146,1.54049004918,-0.0834550197177
ridge,24,120,1,24,52056,-1.97263938229,-1.76233980609,-3.50910649308,-0.224518976856,-0.403542446717,-0.34876364707,-0.727728660004,-0.0460082058786,0.204435944787,0.472817734747,1.40664380667,-0.199836430806
tcn,24,120,1,24,52056,-3.92834006897,-3.96518557952,-6.39038859412,-1.71147208992,-0.70414233396,-0.70344015612,-1.11467306953,-0.313714435988,0.179597818687,0.472049331489,1.41349700323,-0.348695142091
transformer,24,120,1,24,52056,-1.23396891496,-1.10542719328,-2.86833681129,0.716820723458,-0.252141892329,-0.226296540443,-0.58397930475,0.144130659347,0.204613034987,0.49656139542,1.0669807515,-0.124862046681
lightgbm,3,15,2,3,52092,-5.13420485947,-5.23395870941,-6.05635608568,-4.11229978331,-1.15532183677,-1.17079766979,-1.37626435515,-0.918903485367,0.224795998851,0.491649389542,0.210968094909,-0.572517362262
mlp,3,15,2,3,52092,-53.9377984461,-53.6784104571,-56.4541024278,-51.6808824532,-9.57472595884,-9.54853075763,-9.89116475807,-9.28448236082,0.177580476025,0.348921139522,1.41317284804,-4.74473577481
momentum_12,3,15,2,3,52092,-33.047016061,-33.0506501285,-34.1050790166,-31.985319038,-7.59305628798,-7.60417156619,-7.82604483426,-7.3489524635,0.229768361673,0.389349612225,0.838981993396,-3.76272344134
reversal_12,3,15,2,3,52092,-18.1358701868,-17.8561793034,-19.1794325997,-17.3719986572,-4.16421030865,-4.1046353973,-4.40498958392,-3.98300594473,0.229607304567,0.453505336712,0.838698840513,-2.06356586186
ridge,3,15,2,3,52092,-39.1071265472,-38.8701416787,-41.147527924,-37.3037100389,-8.6926062524,-8.7499868602,-8.9411642435,-8.38666765349,0.222408250294,0.370575136297,1.36730208093,-4.30760316686
tcn,3,15,2,3,52092,-49.3476564484,-48.9074780212,-50.4984016465,-48.6370896774,-9.56170169269,-9.50605273919,-9.73665756602,-9.44239477286,0.193773027963,0.34826844813,1.36489768103,-4.73828162648
transformer,3,15,2,3,52092,-32.4821315789,-33.2355485445,-33.6179957659,-30.5928504263,-7.00011376633,-7.06840628439,-7.25410137399,-6.6778336406,0.215579081987,0.409794210243,1.04941257775,-3.46889199311
lightgbm,6,30,2,6,52092,-3.37190740571,-3.36554954431,-4.41628049696,-2.62379406741,-0.742131381978,-0.73964961238,-0.968368248619,-0.583059262528,0.220169420523,0.495527144283,0.26518467327,-0.367761681411
mlp,6,30,2,6,52092,-28.2487517273,-28.7780024956,-29.1371590887,-26.8345867749,-4.90506448076,-4.93266728127,-5.05410252783,-4.66964627967,0.17370868758,0.392094755433,1.44890290256,-2.43069462454
momentum_12,6,30,2,6,52092,-23.9381988125,-23.6669123448,-26.3843379626,-22.6575557723,-5.3672819971,-5.27973658907,-5.89482994311,-5.08814342769,0.224239140051,0.385011134147,1.13724756201,-2.659745565
reversal_12,6,30,2,6,52092,-11.6160702571,-12.0545897041,-12.5553047741,-9.48561894683,-2.60045837272,-2.68504848198,-2.81263052691,-2.11422508739,0.223833504056,0.458842048683,1.13716117638,-1.2886518032
ridge,6,30,2,6,52092,-19.0975148105,-18.8754306216,-20.3900159204,-17.7824497982,-4.1230419055,-4.04677346942,-4.5055431944,-3.86345179953,0.215942636244,0.410254933579,1.36938973355,-2.04316494426
tcn,6,30,2,6,52092,-25.9322250875,-25.6566642983,-28.3097600335,-24.2925593448,-4.87890611888,-4.82201801698,-5.25378530106,-4.62094979727,0.188218799909,0.386470091377,1.3787337787,-2.41773190206
transformer,6,30,2,6,52092,-16.1997147691,-16.5547952964,-17.0305558759,-14.9527270853,-3.42872911232,-3.49825668581,-3.58087432663,-3.18970091367,0.211730615289,0.43607463718,1.05118828227,-1.69909966628
lightgbm,12,60,2,12,52092,-2.17480781669,-2.32538250632,-3.2474102471,-0.837451803665,-0.465012886921,-0.495254894774,-0.698702395416,-0.181115454917,0.214289373013,0.500633494587,0.335065845043,-0.230436180608
mlp,12,60,2,12,52092,-14.7582589877,-14.4881680681,-16.1599705597,-13.5597476914,-2.53519815261,-2.52250775889,-2.78970811681,-2.30512797461,0.171894636138,0.421369884051,1.48619749674,-1.25631223521
momentum_12,12,60,2,12,52092,-16.2010484437,-16.1335711203,-17.8061783849,-15.1635694548,-3.55258927032,-3.5104940638,-3.8658545123,-3.32338655201,0.219347537565,0.388792904861,1.55794075866,-1.76047831307
reversal_12,12,60,2,12,52092,-8.70428362148,-8.8527622,-9.81670800866,-7.40041436077,-1.90751181276,-1.94810630972,-2.14921704977,-1.62646376235,0.219131647908,0.462105505644,1.55781597942,-0.945263559269
ridge,12,60,2,12,52092,-9.77224893999,-9.69304122011,-11.8657275482,-7.815438517,-2.05789119492,-2.04696971569,-2.49829109898,-1.66156443665,0.210689834445,0.430853106043,1.39317457575,-1.0197837531
tcn,12,60,2,12,52092,-13.7084715864,-13.4203935479,-15.9196450958,-12.32355461,-2.52332415124,-2.49762536253,-2.84246114081,-2.21736069952,0.184182017846,0.415937188052,1.40961184059,-1.25042809824
transformer,12,60,2,12,52092,-7.37233076532,-7.14467674123,-9.32291448718,-6.54073760218,-1.52903655713,-1.4957560695,-1.91480927236,-1.3579535578,0.207578597998,0.45964831452,1.00893131383,-0.757710924029
lightgbm,24,120,2,24,52056,-0.990483910857,-0.893667071409,-2.54774616847,0.531236796649,-0.210439122824,-0.187584394615,-0.531000299123,0.114087836744,0.212234694632,0.501844167819,0.395377093899,-0.104210606713
mlp,24,120,2,24,52056,-7.79842207446,-7.7340937429,-10.5471728238,-6.06498898904,-1.30951546512,-1.28704616406,-1.6446594878,-1.01783721431,0.168153373939,0.442561856462,1.51728427079,-0.648479233757
momentum_12,24,120,2,24,52056,-8.67751319638,-8.58757410479,-11.2147977179,-6.99793243702,-1.85528618277,-1.82875849174,-2.4451221471,-1.48482196102,0.213718973148,0.413074381435,1.54040840633,-0.918747883661
reversal_12,24,120,2,24,52056,-3.95629396381,-4.13511036104,-5.65511554731,-1.22325571371,-0.843260684123,-0.866502860914,-1.19835006303,-0.266187530417,0.213520085027,0.478830490241,1.54049004918,-0.417587311384
ridge,24,120,2,24,52056,-4.98697693283,-4.90126579246,-6.43945366541,-3.24551676593,-1.01965243404,-0.965376371828,-1.33570860468,-0.665448039904,0.204469348002,0.446672813893,1.40664380667,-0.504937472473
tcn,24,120,2,24,52056,-7.37576893427,-7.42539316207,-9.92447379565,-5.08940668857,-1.32325402137,-1.3185636001,-1.73163918295,-0.933356206389,0.179623913304,0.441524512064,1.41349700323,-0.655282642091
transformer,24,120,2,24,52056,-3.51727630716,-3.38477801424,-5.15566447266,-1.65977832613,-0.719479461485,-0.69547046852,-1.05004846104,-0.333903227236,0.204703508838,0.477677885354,1.0669807515,-0.356290171681
lightgbm,3,15,5,3,52092,-14.8839772205,-15.1473112674,-15.742077036,-13.7625433581,-3.37301845045,-3.41528281146,-3.6051606924,-3.0986118475,0.226544572966,0.467173462336,0.210968094909,-1.67149236226
mlp,3,15,5,3,52092,-136.136212268,-135.788019042,-139.381498749,-133.239119013,-24.4299989374,-24.4070829345,-24.7076422978,-24.1752715799,0.179484350934,0.178299930891,1.41317284804,-12.1062357748
momentum_12,3,15,5,3,52092,-70.8423485311,-70.6134916798,-72.1003627072,-69.8131912063,-16.4124350026,-16.3871764038,-16.6844207845,-16.1657078194,0.231676924561,0.29021730784,0.838981993396,-8.13314844134
reversal_12,3,15,5,3,52092,-56.1116213675,-55.6351931745,-57.1150088547,-55.5846620733,-12.9806125201,-12.8834025017,-13.2197774208,-12.8386576379,0.231334342241,0.34177992782,0.838698840513,-6.43251586186
ridge,3,15,5,3,52092,-102.892528895,-101.530805436,-106.650706584,-100.496074664,-23.0656857272,-23.0188887261,-23.3756404011,-22.8025280543,0.224265794653,0.220148967212,1.36730208093,-11.4301531669
tcn,3,15,5,3,52092,-122.054177197,-121.305233695,-123.565117364,-121.292180531,-23.9095061156,-23.8418502513,-24.0910708348,-23.7955972608,0.195898327887,0.191123397067,1.36489768103,-11.8483066265
transformer,3,15,5,3,52092,-82.5291633315,-83.7699883745,-83.8668228329,-79.950678787,-18.0315387836,-18.0868154067,-18.3425844424,-17.6652165017,0.218525416585,0.28593642018,1.04941257775,-8.93549199311
lightgbm,6,30,5,6,52092,-9.65973893397,-9.7067302652,-10.6699573702,-8.75124955559,-2.13594202469,-2.1421879676,-2.35123141379,-1.9524524899,0.221147313935,0.472299009445,0.26518467327,-1.05846168141
mlp,6,30,5,6,52092,-71.7216460793,-72.0144934521,-73.578947684,-69.2643349073,-12.5204981366,-12.5363995319,-12.6628012148,-12.3313166321,0.174630201909,0.239288182446,1.44890290256,-6.20450712454
momentum_12,6,30,5,6,52092,-50.2989372429,-50.1919583687,-52.9083928027,-48.7161290109,-11.344655183,-11.2596977695,-11.8960656031,-11.0121918036,0.225559937962,0.289526222837,1.13724756201,-5.621820565
reversal_12,6,30,5,6,52092,-38.1895340171,-38.5931311222,-38.8884963379,-36.306587081,-8.57737751578,-8.66327930437,-8.73637620763,-8.11576344261,0.224593691546,0.34870997466,1.13716117638,-4.2505018032
ridge,6,30,5,6,52092,-52.2293500853,-52.1908867358,-54.3588824135,-50.5897410136,-11.320554345,-11.2855029096,-11.7051492759,-11.0467123386,0.216818091899,0.281041234739,1.36938973355,-5.60987744426
tcn,6,30,5,6,52092,-64.0747032826,-63.8799001734,-67.2152485133,-62.126585326,-12.1255308597,-12.0716444855,-12.5435945616,-11.8895703916,0.189281608618,0.251055824311,1.3787337787,-6.00878190206
transformer,6,30,5,6,52092,-41.9981405129,-42.1039263355,-43.1832733357,-40.6652801106,-8.95377472393,-8.97372886935,-9.10460825891,-8.73855855016,0.213239753652,0.338977194195,1.05118828227,-4.43702466628
lightgbm,12,60,5,12,52092,-6.26324263347,-6.37211604738,-7.41555608941,-4.89426946084,-1.34556592769,-1.36300644972,-1.60209631387,-1.06105049293,0.2150011995,0.479267449896,0.335065845043,-0.666792430608
mlp,12,60,5,12,52092,-37.3915982433,-37.2327229081,-39.6828915813,-35.6859120928,-6.44092517403,-6.43462380576,-6.7028007222,-6.18144310937,0.172376127848,0.298395147048,1.48619749674,-3.19178723521
momentum_12,12,60,5,12,52092,-34.7805505063,-34.8277048821,-36.6464834918,-33.5153503547,-7.64685758408,-7.60157146532,-7.97721249433,-7.42187998671,0.219912233439,0.29317361591,1.55794075866,-3.78938456307
reversal_12,12,60,5,12,52092,-27.3586379708,-27.3654631794,-28.5116145257,-25.8491808559,-6.00145220668,-6.03355745156,-6.24801317969,-5.7336188742,0.219383853735,0.352664516624,1.55781597942,-2.97400730927
ridge,12,60,5,12,52092,-27.0916675534,-26.7662058092,-29.3293992682,-25.0269086078,-5.71915397999,-5.69196442889,-6.17528142379,-5.32901986167,0.21117241925,0.328303770253,1.39317457575,-2.8341150031
tcn,12,60,5,12,52092,-33.7336722812,-33.5348622449,-36.5762141871,-31.6221867574,-6.22778406831,-6.21203290589,-6.55743971718,-5.91538834292,0.184719887158,0.306016278891,1.40961184059,-3.08616559824
transformer,12,60,5,12,52092,-20.0664356896,-19.7132696458,-22.1492265385,-18.9142884313,-4.18050804987,-4.15696391953,-4.57171666697,-3.99412632906,0.208430654173,0.388946479306,1.00893131383,-2.07164217403
lightgbm,24,120,5,24,52056,-3.43071792333,-3.40122281238,-5.06521713862,-1.88192948325,-0.729964624207,-0.714941241088,-1.06835299622,-0.404787681928,0.212738727149,0.48251882588,0.395377093899,-0.361482481713
mlp,24,120,5,24,52056,-19.6433545026,-19.5906676217,-23.2856180278,-17.8610633078,-3.30322699694,-3.27811359145,-3.63080471601,-3.00261937199,0.168351148055,0.349392961426,1.51728427079,-1.63577610876
momentum_12,24,120,5,24,52056,-18.1200684264,-18.0750759858,-20.5043308327,-16.4752066205,-3.87938282869,-3.84663297306,-4.48215534212,-3.50201490708,0.214081642981,0.340325802981,1.54040840633,-1.92109163366
reversal_12,24,120,5,24,52056,-13.4349780013,-13.6716553202,-15.1742383145,-10.5948609273,-2.86746460874,-2.88415016382,-3.21660317506,-2.30397798685,0.213589612763,0.400395727678,1.54049004918,-1.41998418638
ridge,24,120,5,24,52056,-14.0152381598,-14.0352207227,-15.4671154311,-12.1846803064,-2.867982396,-2.81613630119,-3.1596484387,-2.52376754198,0.204698125386,0.369986168741,1.40664380667,-1.42024059747
tcn,24,120,5,24,52056,-17.6964991105,-17.6554096583,-20.4955410614,-15.1901008691,-3.18058908361,-3.17922440699,-3.5825375232,-2.79228151759,0.179860055666,0.358652220685,1.41349700323,-1.57504514209
transformer,24,120,5,24,52056,-10.3453907695,-10.1996094098,-12.0294180799,-8.51812627222,-2.12149216895,-2.10299225275,-2.44825592992,-1.76800488699,0.205166449816,0.420912094667,1.0669807515,-1.05057454668
lightgbm,3,15,10,3,52092,-30.373495759,-30.8714128362,-31.1264397905,-29.1226346504,-7.06917947326,-7.15609138091,-7.31998792115,-6.73145911771,0.232704819581,0.430872302849,0.210968094909,-3.50311736226
mlp,3,15,10,3,52092,-263.712217405,-263.259793444,-267.623991428,-260.252867344,-49.188787235,-49.1713365627,-49.4017715307,-48.9932536117,0.186541738317,0.0603163633571,1.41317284804,-24.3754024415
momentum_12,3,15,10,3,52092,-130.611736368,-129.93889229,-132.153188098,-129.743128715,-31.1113995269,-31.0255177998,-31.4483807016,-30.8603000793,0.238198706566,0.181966520771,0.838981993396,-15.417190108
reversal_12,3,15,10,3,52092,-116.491436785,-116.370163845,-117.399746923,-115.704399586,-27.6746162059,-27.5980771265,-27.9110904823,-27.5146810089,0.237567741823,0.213775627736,0.838698840513,-13.7140991952
ridge,3,15,10,3,52092,-204.023777334,-201.220720622,-210.327564454,-200.523046924,-47.0208181851,-46.8289620557,-47.4331006637,-46.800391836,0.230545522435,0.0975773631268,1.36730208093,-23.3010698335
tcn,3,15,10,3,52092,-235.18962032,-234.632046957,-237.040119864,-233.896694141,-47.8225134872,-47.7348461048,-48.0150929496,-47.7176014073,0.203339420412,0.0751171005145,1.36489768103,-23.6983482931
transformer,3,15,10,3,52092,-159.474444608,-160.655656215,-161.555116077,-156.212561534,-36.4172471457,-36.4508306106,-36.8233895564,-35.9775212702,0.228380995389,0.154553482301,1.04941257775,-18.0464919931
lightgbm,6,30,10,6,52092,-19.828842784,-19.9574452988,-20.7651761206,-18.6892521195,-4.45895976254,-4.47975189296,-4.65600335574,-4.23477453551,0.22488784504,0.438186285802,0.26518467327,-2.20962834808
mlp,6,30,10,6,52092,-141.58483943,-141.596812005,-145.501957566,-137.270412991,-25.212887563,-25.2058735955,-25.343965693,-25.0983778737,0.178133895933,0.103643553713,1.44890290256,-12.4941946245
momentum_12,6,30,10,6,52092,-92.7678746069,-92.9498314775,-95.5738091157,-90.6216403603,-21.3069438262,-21.2370370922,-21.8981250364,-20.8856057636,0.229692122067,0.181102664517,1.13724756201,-10.5586122317
reversal_12,6,30,10,6,52092,-81.375890719,-81.5278447569,-82.1178814397,-79.9707881145,-18.5389094209,-18.6146685017,-18.7165238936,-18.118327368,0.227817821352,0.215791292329,1.13716117638,-9.18691846986
ridge,6,30,10,6,52092,-106.057188297,-105.495046333,-109.840379407,-103.507412483,-23.3164084109,-23.3500519767,-23.7044927452,-23.0156104212,0.219920941479,0.151942716732,1.36938973355,-11.5543982776
tcn,6,30,10,6,52092,-125.358353655,-124.99807963,-129.7042357,-122.874588981,-24.2032387611,-24.1522027486,-24.6932766625,-24.0039380488,0.193101909158,0.123089917838,1.3787337787,-11.9938652354
transformer,6,30,10,6,52092,-83.2040472315,-82.8851272997,-85.5047134516,-81.7250515908,-18.1621840766,-18.1138330794,-18.4084293728,-17.986654611,0.218320890815,0.217019887891,1.05118828227,-9.00023299961
lightgbm,12,60,10,12,52092,-12.9364153595,-12.9848271614,-14.1947400074,-11.5396304491,-2.81315432898,-2.80925904128,-3.10775284462,-2.52760888961,0.217540360158,0.446460109038,0.335065845043,-1.39405284727
mlp,12,60,10,12,52092,-74.4265745729,-74.330327195,-78.8529912843,-70.9143200605,-12.9504702097,-12.9480296492,-13.2246217312,-12.641968334,0.174121286102,0.160120555939,1.48619749674,-6.41757890188
momentum_12,12,60,10,12,52092,-65.3072732423,-65.4528351567,-67.5936065292,-63.4113951157,-14.470638107,-14.4200338012,-14.8294757977,-14.2527023779,0.221624349697,0.181505797435,1.55794075866,-7.17089497973
reversal_12,12,60,10,12,52092,-58.1482435546,-58.1660359052,-59.4131910763,-56.2813547463,-12.8246861965,-12.8485641161,-13.0793400629,-12.5578828687,0.220581029717,0.215157797742,1.55781597942,-6.3552468926
ridge,12,60,10,12,52092,-55.5651489531,-55.2375089231,-58.1939408035,-53.387476121,-11.8212586218,-11.7815165782,-12.3035986318,-11.44144557,0.212807173888,0.205194655609,1.39317457575,-5.85800041976
tcn,12,60,10,12,52092,-66.4901403937,-66.2031835047,-70.2391691333,-63.0767248921,-12.4018839301,-12.4331766516,-12.7490706778,-12.0589787613,0.18661972714,0.177628042694,1.40961184059,-6.14572809824
transformer,12,60,10,12,52092,-40.7568640933,-40.5168364506,-42.9905502516,-38.9153990573,-8.59962720444,-8.57644042264,-8.99989565799,-8.38774761447,0.211067494297,0.287203409353,1.00893131383,-4.2615275907
lightgbm,24,120,10,24,52056,-7.44415400459,-7.52215972222,-9.19641860783,-5.8660903632,-1.59584045985,-1.5924690767,-1.96394082471,-1.26958021305,0.214383288031,0.453242661749,0.395377093899,-0.790268940047
mlp,24,120,10,24,52056,-39.2131086492,-39.1612820353,-44.3743664424,-36.7641383028,-6.62607954996,-6.59595676786,-6.94104676304,-6.31058963478,0.16914952913,0.222606423851,1.51728427079,-3.28127090042
momentum_12,24,120,10,24,52056,-33.7223065162,-33.8389912502,-35.8273632351,-31.8756401287,-7.25287723856,-7.21955048629,-7.87721066715,-6.86400315051,0.215094266303,0.240836791148,1.54040840633,-3.59166455033
reversal_12,24,120,10,24,52056,-29.1633640222,-29.3808868746,-30.96842017,-26.1933517955,-6.24113781644,-6.24689566866,-6.58035836179,-5.70029541423,0.214117131557,0.283195020747,1.54049004918,-3.09064564472
ridge,24,120,10,24,52056,-28.9572300232,-29.0379594632,-30.7629423242,-26.5432668705,-5.94853233261,-5.90941059883,-6.24746265139,-5.60716942174,0.205506141164,0.263965729215,1.40664380667,-2.94574580581
tcn,24,120,10,24,52056,-34.736733447,-34.9209151611,-37.9166631449,-31.7425957066,-6.27614752068,-6.26186409663,-6.66736809028,-5.8904903696,0.180777058469,0.24218149685,1.41349700323,-3.10798264209
transformer,24,120,10,24,52056,-21.5907887967,-21.4870637799,-23.5996638245,-19.5533913185,-4.45818001474,-4.44886189314,-4.77860171139,-4.14363008552,0.206571234916,0.337559551252,1.0669807515,-2.20771517168
