model,cost_bps,cohort,period_count,mean_net_return,annualized_net_return,annualized_volatility,annualized_sharpe,positive_fraction,mean_turnover,cumulative_net_log_return
lightgbm,0,0,4341,4.62908565932e-05,0.405507903756,0.216265499537,1.87504666544,0.515779774246,0.334830684174,0.200948608471
lightgbm,0,1,4341,2.51775660738e-05,0.220555478806,0.217649715318,1.01335064227,0.515549412578,0.336155263764,0.109295814326
lightgbm,0,2,4341,1.67512252526e-05,0.146740733213,0.213862744838,0.686144439621,0.518774475927,0.334427551255,0.0727170688214
lightgbm,0,3,4341,3.94859017352e-05,0.3458964992,0.21496291169,1.60909850207,0.514858327574,0.331778392076,0.171408299432
lightgbm,0,4,4341,9.45626758514e-06,0.0828369040458,0.210450559986,0.393616933362,0.509099285879,0.331605620825,0.0410496575871
lightgbm,0,5,4341,9.5497008746e-06,0.0836553796615,0.21501372363,0.389069954462,0.511633264225,0.328783690394,0.0414552514967
lightgbm,0,6,4341,-1.10091076615e-05,-0.0964397831151,0.21492284461,-0.448718158789,0.51739230592,0.343757198802,-0.0477905363587
lightgbm,0,7,4341,-3.76171445307e-06,-0.0329526186089,0.211467584603,-0.155828226207,0.514627965906,0.340820087537,-0.0163296024408
lightgbm,0,8,4341,1.49178621623e-07,0.00130680472542,0.211284532963,0.00618504680438,0.5132457959,0.335176226676,0.000647584396466
lightgbm,0,9,4341,-5.33555524248e-07,-0.00467394639241,0.213065619168,-0.021936652242,0.514397604239,0.333851647086,-0.00231616453076
lightgbm,0,10,4341,-5.68538292645e-06,-0.0498039544357,0.214051917641,-0.232672311393,0.512554710896,0.33529140751,-0.0246802472837
lightgbm,0,11,4341,4.12831372473e-05,0.361640282287,0.2168930765,1.66736664961,0.52269062428,0.334312370422,0.179210098791
lightgbm,1,0,4341,1.28077881758e-05,0.11219622442,0.216232994077,0.518867275082,0.507717115872,0.334830684174,0.055598608471
lightgbm,1,1,4341,-8.43796030262e-06,-0.0739165322509,0.217662586933,-0.339592271196,0.507717115872,0.336155263764,-0.0366291856737
lightgbm,1,2,4341,-1.6691529873e-05,-0.146217801687,0.213915150917,-0.68353176977,0.511402902557,0.334427551255,-0.0724579311786
lightgbm,1,3,4341,6.30806252761e-06,0.0552586277419,0.214857861913,0.257186901377,0.508408200875,0.331778392076,0.0273832994324
lightgbm,1,4,4341,-2.37042944973e-05,-0.207649619797,0.210528685781,-0.986324590526,0.501266989173,0.331605620825,-0.102900342413
lightgbm,1,5,4341,-2.33286681648e-05,-0.204359133124,0.215154263689,-0.949826090449,0.505643860862,0.328783690394,-0.101269748503
lightgbm,1,6,4341,-4.53848275417e-05,-0.397571089266,0.215003855918,-1.84913469374,0.510481455886,0.343757198802,-0.197015536359
lightgbm,1,7,4341,-3.78437232068e-05,-0.331511015292,0.211463339604,-1.56769970583,0.507717115872,0.340820087537,-0.164279602441
lightgbm,1,8,4341,-3.3368444046e-05,-0.292307569843,0.211298258108,-1.38338845033,0.506795669201,0.335176226676,-0.144852415604
lightgbm,1,9,4341,-3.39187202328e-05,-0.29712798924,0.21311008634,-1.39424648707,0.506334945865,0.333851647086,-0.147241164531
lightgbm,1,10,4341,-3.92145236774e-05,-0.343519227414,0.214098823552,-1.60448909394,0.505413499194,0.33529140751,-0.170230247284
lightgbm,1,11,4341,7.85190020517e-06,0.0687826457973,0.216943379817,0.317053444338,0.515088689242,0.334312370422,0.0340850987906
lightgbm,2,0,4341,-2.06752802416e-05,-0.181115454917,0.216269705461,-0.837451803665,0.501727712509,0.334830684174,-0.089751391529
lightgbm,2,1,4341,-4.2053486679e-05,-0.368388543308,0.217743858769,-1.69184355137,0.501727712509,0.336155263764,-0.182554185674
lightgbm,2,2,4341,-5.01342849985e-05,-0.439176336587,0.21403676745,-2.05187333849,0.503570605851,0.334427551255,-0.217632931179
lightgbm,2,3,4341,-2.68697766799e-05,-0.235379243716,0.214820853568,-1.09570016042,0.50057590417,0.331778392076,-0.116641700568
lightgbm,2,4,4341,-5.68648565798e-05,-0.498136143639,0.210673909829,-2.36448900599,0.493434692467,0.331605620825,-0.246850342413
lightgbm,2,5,4341,-5.62070372042e-05,-0.492373645909,0.215360544604,-2.28627600666,0.497581202488,0.328783690394,-0.243994748503
lightgbm,2,6,4341,-7.9760547422e-05,-0.698702395416,0.215156799496,-3.2474102471,0.500115180834,0.343757198802,-0.346240536359
lightgbm,2,7,4341,-7.19257319606e-05,-0.630069411974,0.211531889139,-2.97860249127,0.499654457498,0.340820087537,-0.312229602441
lightgbm,2,8,4341,-6.68860667136e-05,-0.585921944411,0.211380966329,-2.77187655345,0.500345542502,0.335176226676,-0.290352415604
lightgbm,2,9,4341,-6.73038849414e-05,-0.589582032087,0.213222923504,-2.76509684043,0.499654457498,0.333851647086,-0.292166164531
lightgbm,2,10,4341,-7.27436644284e-05,-0.637234500393,0.214213971019,-2.97475695615,0.498272287491,0.33529140751,-0.315780247284
lightgbm,2,11,4341,-2.5579336837e-05,-0.224074990692,0.217060286989,-1.03231684524,0.510942179221,0.334312370422,-0.111039901209
lightgbm,5,0,4341,-0.000121124485494,-1.06105049293,0.216794457562,-4.89426946084,0.483759502419,0.334830684174,-0.525801391529
lightgbm,5,1,4341,-0.000142900065808,-1.25180457648,0.218396990662,-5.73178491465,0.47938263073,0.336155263764,-0.620329185674
lightgbm,5,2,4341,-0.000150462550375,-1.31805194129,0.214815369803,-6.13574318493,0.485602395761,0.334427551255,-0.653157931179
lightgbm,5,3,4341,-0.000126403294303,-1.10729285809,0.215118105472,-5.14737174568,0.478691545727,0.331778392076,-0.548716700568
lightgbm,5,4,4341,-0.000156346542827,-1.36959571517,0.211510470114,-6.47530930469,0.47408431237,0.331605620825,-0.678700342413
lightgbm,5,5,4341,-0.000154842144322,-1.35641718426,0.216371652624,-6.26892279008,0.473623589035,0.328783690394,-0.672169748503
lightgbm,5,6,4341,-0.000182887707063,-1.60209631387,0.216045336931,-7.41555608941,0.475466482377,0.343757198802,-0.793915536359
lightgbm,5,7,4341,-0.000174171758222,-1.52574460202,0.21217322477,-7.19103272185,0.476387929049,0.340820087537,-0.756079602441
lightgbm,5,8,4341,-0.000167438934716,-1.46676506811,0.212041845592,-6.91733777368,0.475696844045,0.335176226676,-0.726852415604
lightgbm,5,9,4341,-0.000167459379067,-1.46694416063,0.213970245608,-6.85583248485,0.481686247408,0.333851647086,-0.726941164531
lightgbm,5,10,4341,-0.000173331086681,-1.51838031933,0.2149674412,-7.06330368383,0.478921907395,0.33529140751,-0.752430247284
lightgbm,5,11,4341,-0.000125873047963,-1.10264790016,0.217809253663,-5.0624474471,0.48790601244,0.334312370422,-0.546414901209
lightgbm,10,0,4341,-0.000288539827581,-2.52760888961,0.219037247403,-11.5396304491,0.451739230592,0.334830684174,-1.25255139153
lightgbm,10,1,4341,-0.00031097769769,-2.72416463177,0.22083403318,-12.3358007484,0.446901635568,0.336155263764,-1.34995418567
lightgbm,10,2,4341,-0.000317676326003,-2.78284461579,0.217473467882,-12.7962488614,0.456116102281,0.334427551255,-1.37903293118
lightgbm,10,3,4341,-0.00029229249034,-2.56048221538,0.216965013666,-11.8013599157,0.445749827229,0.331778392076,-1.26884170057
lightgbm,10,4,4341,-0.00032214935324,-2.82202833438,0.214221625734,-13.1734054614,0.439990785533,0.331605620825,-1.39845034241
lightgbm,10,5,4341,-0.000319233989519,-2.79648974819,0.219342794761,-12.7494032856,0.442524763879,0.328783690394,-1.3857947485
lightgbm,10,6,4341,-0.000354766306464,-3.10775284462,0.218936933187,-14.1947400074,0.443906933886,0.343757198802,-1.54004053636
lightgbm,10,7,4341,-0.000344581801991,-3.01853658544,0.214676971231,-14.0608308759,0.438147892191,0.340820087537,-1.49582960244
lightgbm,10,8,4341,-0.000335027048054,-2.93483694096,0.214502472244,-13.6820658067,0.441603317208,0.335176226676,-1.4543524156
lightgbm,10,9,4341,-0.00033438520261,-2.92921437487,0.216560519068,-13.5260775485,0.447823082239,0.333851647086,-1.45156616453
lightgbm,10,10,4341,-0.000340976790436,-2.98695668422,0.217565361269,-13.7290084543,0.448283805575,0.33529140751,-1.48018024728
lightgbm,10,11,4341,-0.000293029233174,-2.56693608261,0.220367882273,-11.6484129,0.454733932274,0.334312370422,-1.27203990121
mlp,0,0,4341,1.22092249475e-05,0.10695281054,0.176595084077,0.60563866259,0.500806265837,1.48951854411,0.0530002454972
mlp,0,1,4341,1.39818324663e-05,0.122480852404,0.173587358439,0.705586244909,0.511172540889,1.49798433541,0.060695134736
mlp,0,2,4341,-9.32126155772e-06,-0.0816542512456,0.167070961848,-0.488739936265,0.499654457498,1.49585348998,-0.0404635964221
mlp,0,3,4341,-2.06597846136e-05,-0.180979713215,0.173224470671,-1.04476990182,0.502418797512,1.48900023036,-0.0896841250076
mlp,0,4,4341,-5.70198894939e-06,-0.0499494231966,0.172735552587,-0.28916700962,0.510251094218,1.48139829532,-0.0247523340293
mlp,0,5,4341,4.43694545721e-06,0.0388676422051,0.180351300388,0.215510739992,0.507486754204,1.48329877908,0.0192607802297
mlp,0,6,4341,1.08735940097e-05,0.0952526835246,0.176392792907,0.540003261782,0.509560009214,1.48468094909,0.0472022715959
mlp,0,7,4341,2.78768746972e-05,0.244201422347,0.169842728074,1.43780911386,0.514858327574,1.48462335867,0.121013513061
mlp,0,8,4341,5.92222865803e-06,0.0518787230443,0.1719561536,0.301697391796,0.505413499194,1.48825155494,0.0257083946045
mlp,0,9,4341,3.18586889537e-05,0.279082115235,0.169815206926,1.64344595686,0.512554710896,1.47500575904,0.138298568748
mlp,0,10,4341,1.62229139325e-05,0.142112726049,0.168607577357,0.842860850481,0.510711817554,1.48398986409,0.0704236693812
mlp,0,11,4341,6.3005425106e-06,0.0551927523928,0.161564893868,0.341613521795,0.51531905091,1.48076480074,0.0273506550385
mlp,1,0,4341,-0.000136742629464,-1.1978654341,0.176554469267,-6.78467919321,0.457958995623,1.48951854411,-0.593599754503
mlp,1,1,4341,-0.000135816601074,-1.18975342541,0.173586674304,-6.85394446425,0.466252015665,1.49798433541,-0.589579865264
mlp,1,2,4341,-0.000158906610556,-1.39202190847,0.167124566029,-8.32924770752,0.45934116563,1.49585348998,-0.689813596422
mlp,1,3,4341,-0.00016955980765,-1.48534391501,0.173274349588,-8.57220886151,0.457958995623,1.48900023036,-0.736059125008
mlp,1,4,4341,-0.000153841818482,-1.3476543299,0.172723516112,-7.80237897096,0.467634185672,1.48139829532,-0.667827334029
mlp,1,5,4341,-0.000143892932451,-1.26050208827,0.180385684781,-6.98781663191,0.464869845658,1.48329877908,-0.62463921977
mlp,1,6,4341,-0.000137594500899,-1.20532782788,0.176396002397,-6.83307904658,0.471319972357,1.48468094909,-0.597297728404
mlp,1,7,4341,-0.00012058546117,-1.05632863985,0.169840595341,-6.21952977574,0.475696844045,1.48462335867,-0.523461486939
mlp,1,8,4341,-0.000142902926836,-1.25182963908,0.171981656576,-7.27885557102,0.466943100668,1.48825155494,-0.620341605396
mlp,1,9,4341,-0.00011564188695,-1.01302292969,0.169882575154,-5.96307731248,0.466943100668,1.47500575904,-0.502001431252
mlp,1,10,4341,-0.000132176072476,-1.15786239489,0.168644082877,-6.8657160995,0.473623589035,1.48398986409,-0.573776330619
mlp,1,11,4341,-0.000141775937563,-1.24195721305,0.161559051503,-7.6873267174,0.463948398986,1.48076480074,-0.615449344962
mlp,2,0,4341,-0.000285694483875,-2.50268367875,0.176560167657,-14.1746788755,0.416493895416,1.48951854411,-1.2401997545
mlp,2,1,4341,-0.000285615034615,-2.50198770323,0.173633285251,-14.4096087315,0.417645703755,1.49798433541,-1.23985486526
mlp,2,2,4341,-0.000308491959554,-2.70238956569,0.16722738174,-16.1599705597,0.415342087077,1.49585348998,-1.33916359642
mlp,2,3,4341,-0.000318459830686,-2.78970811681,0.173370764804,-16.0909950416,0.416493895416,1.48900023036,-1.38243412501
mlp,2,4,4341,-0.000301981648014,-2.6453592366,0.172759920579,-15.3123434402,0.422483298779,1.48139829532,-1.31090233403
mlp,2,5,4341,-0.000292222810359,-2.55987181875,0.180464545457,-14.1849015953,0.417645703755,1.48329877908,-1.26853921977
mlp,2,6,4341,-0.000286062595808,-2.50590833928,0.17644487332,-14.2022167725,0.430085233817,1.48468094909,-1.2417977284
mlp,2,7,4341,-0.000269047797037,-2.35685870205,0.169887186042,-13.8730810543,0.431006680488,1.48462335867,-1.16793648694
mlp,2,8,4341,-0.00029172808233,-2.55553800121,0.172055527842,-14.8529839946,0.4266298088,1.48825155494,-1.2663916054
mlp,2,9,4341,-0.000263142462855,-2.30512797461,0.169997851514,-13.5597476914,0.419718958765,1.47500575904,-1.14230143125
mlp,2,10,4341,-0.000280575058885,-2.45783751583,0.168729560701,-14.5667274046,0.428242340475,1.48398986409,-1.21797633062
mlp,2,11,4341,-0.000289852417637,-2.5391071785,0.161604568755,-15.7118526912,0.414651002073,1.48076480074,-1.25824934496
mlp,5,0,4341,-0.00073255004711,-6.41713841268,0.176854915343,-36.2847614398,0.299700529832,1.48951854411,-3.1799997545
mlp,5,1,4341,-0.000735010335237,-6.43869053668,0.174056315858,-36.9919959809,0.293020041465,1.49798433541,-3.19067986526
mlp,5,2,4341,-0.000757248006547,-6.63349253735,0.167829977169,-39.5250756107,0.286800276434,1.49585348998,-3.28721359642
mlp,5,3,4341,-0.000765159899794,-6.7028007222,0.173938267623,-38.5355150065,0.297396913154,1.48900023036,-3.32155912501
mlp,5,4,4341,-0.000746401136611,-6.53847395671,0.173159270841,-37.7598838627,0.298318359825,1.48139829532,-3.24012733403
mlp,5,5,4341,-0.000737212444084,-6.45798101018,0.180967239772,-35.6859120928,0.293020041465,1.48329877908,-3.20023921977
mlp,5,6,4341,-0.000731466880535,-6.40764987349,0.176864899351,-36.2290646534,0.310527528219,1.48468094909,-3.1752977284
mlp,5,7,4341,-0.000714434804639,-6.25844888864,0.170318689834,-36.7455203814,0.307763188205,1.48462335867,-3.10136148694
mlp,5,8,4341,-0.000738203548813,-6.4666630876,0.172566526861,-37.4734498353,0.300852338171,1.48825155494,-3.2045416054
mlp,5,9,4341,-0.000705644190567,-6.18144310937,0.170629956633,-36.2271856088,0.302464869846,1.47500575904,-3.06320143125
mlp,5,10,4341,-0.000725772018111,-6.35776287865,0.169278873629,-37.5579228663,0.302464869846,1.48398986409,-3.15057633062
mlp,5,11,4341,-0.000734081857858,-6.43055707484,0.162048601264,-39.6828915813,0.288412808109,1.48076480074,-3.18664934496
mlp,10,0,4341,-0.00147730931917,-12.9412296359,0.178264916962,-72.5954935857,0.159640635798,1.48951854411,-6.4129997545
mlp,10,1,4341,-0.00148400250294,-12.9998619258,0.175696258625,-73.990544975,0.156415572449,1.49798433541,-6.44205486526
mlp,10,2,4341,-0.00150517475154,-13.1853308235,0.169801811156,-77.6512967306,0.155494125777,1.49585348998,-6.53396359642
mlp,10,3,4341,-0.00150966001498,-13.2246217312,0.175800445348,-75.2251890204,0.165860400829,1.48900023036,-6.55343412501
mlp,10,4,4341,-0.00148710028427,-13.0269984902,0.174782940457,-74.5324369539,0.155724487445,1.48139829532,-6.45550233403
mlp,10,5,4341,-0.00147886183363,-12.9548296626,0.182682843909,-70.9143200605,0.158258465791,1.48329877908,-6.41973921977
mlp,10,6,4341,-0.00147380735508,-12.9105524305,0.178467791315,-72.3410781035,0.167472932504,1.48468094909,-6.3977977284
mlp,10,7,4341,-0.00145674648398,-12.7610991996,0.172000509238,-74.1922175474,0.162404975812,1.48462335867,-6.32373648694
mlp,10,8,4341,-0.00148232932628,-12.9852048982,0.174371927877,-74.4684368425,0.167012209168,1.48825155494,-6.4347916054
mlp,10,9,4341,-0.00144314707009,-12.641968334,0.172624862695,-73.2337632982,0.163096060815,1.47500575904,-6.26470143125
mlp,10,10,4341,-0.00146776695015,-12.8576384833,0.171158755026,-75.1211264733,0.162174614144,1.48398986409,-6.37157633062
mlp,10,11,4341,-0.00147446425823,-12.9163069021,0.16380237061,-78.8529912843,0.147892190739,1.48076480074,-6.40064934496
momentum_12,0,0,4341,-9.90355475304e-05,-0.867551396366,0.217679995207,-3.98544384172,0.464409122322,1.56139138447,-0.429913311829
momentum_12,0,1,4341,-0.000128418857414,-1.12494919095,0.216916868905,-5.1860844047,0.450587422253,1.56444367657,-0.557466260033
momentum_12,0,2,4341,-8.82221741751e-05,-0.772826245774,0.216003934727,-3.57783411099,0.460723335637,1.55712969362,-0.382972458094
momentum_12,0,3,4341,-8.10041475099e-05,-0.709596332187,0.223905119646,-3.16918314913,0.470859249021,1.55684174153,-0.35163900434
momentum_12,0,4,4341,-9.05698645121e-05,-0.793392013126,0.214812733234,-3.69341240243,0.46463948399,1.55632342778,-0.393163781847
momentum_12,0,5,4341,-7.95495878764e-05,-0.696854389798,0.221028836071,-3.15277591008,0.461875143976,1.55021884358,-0.345324760972
momentum_12,0,6,4341,-8.65439427831e-05,-0.75812493878,0.221717696777,-3.41932533938,0.458419718959,1.55327113568,-0.375687255622
momentum_12,0,7,4341,-0.000125146765911,-1.09628566938,0.221406702609,-4.95145655691,0.45934116563,1.55810873071,-0.543262110818
momentum_12,0,8,4341,-8.58069608268e-05,-0.751668976843,0.221525094292,-3.39315497978,0.467403824004,1.55217691776,-0.372488016949
momentum_12,0,9,4341,-9.16524767694e-05,-0.8028756965,0.220050023827,-3.64860536045,0.452660677263,1.56225524073,-0.397863401656
momentum_12,0,10,4341,-0.000104080169934,-0.911742288623,0.215998054665,-4.22106712968,0.463487675651,1.56357982032,-0.451812017684
momentum_12,0,11,4341,-6.74723282593e-05,-0.591057595551,0.218943615185,-2.6995881796,0.463026952315,1.55954849113,-0.292897376974
momentum_12,1,0,4341,-0.000255174685978,-2.23533024916,0.217761560068,-10.26503598,0.427320893803,1.56139138447,-1.10771331183
momentum_12,1,1,4341,-0.000284863225071,-2.49540185162,0.216993009447,-11.4999181678,0.415111725409,1.56444367657,-1.23659126003
momentum_12,1,2,4341,-0.000243935143537,-2.13687185738,0.216028762553,-9.89160809947,0.422483298779,1.55712969362,-1.05892245809
momentum_12,1,3,4341,-0.000236688321663,-2.07338969777,0.223977127824,-9.25714923622,0.428242340475,1.55684174153,-1.02746400434
momentum_12,1,4,4341,-0.00024620220729,-2.15673133586,0.214878924107,-10.03696079,0.427551255471,1.55632342778,-1.06876378185
momentum_12,1,5,4341,-0.000234571472235,-2.05484609678,0.221143283045,-9.29192181868,0.424095830454,1.55021884358,-1.01827476097
momentum_12,1,6,4341,-0.000241871056351,-2.11879045364,0.221773042675,-9.55386835156,0.419949320433,1.55327113568,-1.04996225562
momentum_12,1,7,4341,-0.000280957638981,-2.46118891748,0.221453706067,-11.1137851842,0.425708362129,1.55810873071,-1.21963711082
momentum_12,1,8,4341,-0.000241024652603,-2.1113759568,0.221582526211,-9.52862119998,0.432388850495,1.55217691776,-1.04628801695
momentum_12,1,9,4341,-0.000247878000842,-2.17141128738,0.220173461586,-9.8622752794,0.419949320433,1.56225524073,-1.07603840166
momentum_12,1,10,4341,-0.000260438151966,-2.28143821122,0.216043606958,-10.5600820285,0.424326192122,1.56357982032,-1.13056201768
momentum_12,1,11,4341,-0.000223427177372,-1.95722207378,0.219036419938,-8.93560109472,0.424556553789,1.55954849113,-0.969897376974
momentum_12,2,0,4341,-0.000411313824425,-3.60310910196,0.21788226224,-16.5369547063,0.387237963603,1.56139138447,-1.78551331183
momentum_12,2,1,4341,-0.000441307592728,-3.8658545123,0.217107479704,-17.8061783849,0.3800967519,1.56444367657,-1.91571626003
momentum_12,2,2,4341,-0.000399648112899,-3.50091746899,0.216092712427,-16.2009973852,0.388159410274,1.55712969362,-1.73487245809
momentum_12,2,3,4341,-0.000392372495817,-3.43718306335,0.22408571179,-15.3386980183,0.396913153651,1.55684174153,-1.70328900434
momentum_12,2,4,4341,-0.000401834550068,-3.5200706586,0.214984927951,-16.3735694969,0.392997005298,1.55632342778,-1.74436378185
momentum_12,2,5,4341,-0.000389593356593,-3.41283780376,0.221297434913,-15.4219492201,0.389771941949,1.55021884358,-1.69122476097
momentum_12,2,6,4341,-0.00039719816992,-3.4794559685,0.221866950903,-15.6826239976,0.383091453582,1.55327113568,-1.72423725562
momentum_12,2,7,4341,-0.000436768512052,-3.82609216558,0.221539449918,-17.270477863,0.389541580281,1.55810873071,-1.89601211082
momentum_12,2,8,4341,-0.000396242344379,-3.47108293676,0.221679491234,-15.6581148641,0.396913153651,1.55217691776,-1.72008801695
momentum_12,2,9,4341,-0.000404103524915,-3.53994687826,0.220335799915,-16.0661448554,0.386777240267,1.56225524073,-1.75421340166
momentum_12,2,10,4341,-0.000416796133998,-3.65113413382,0.216129084824,-16.8933030776,0.384703985257,1.56357982032,-1.80931201768
momentum_12,2,11,4341,-0.000379382026486,-3.32338655201,0.219169144964,-15.1635694548,0.389311218613,1.55954849113,-1.64689737697
momentum_12,5,0,4341,-0.000879731239767,-7.70644566036,0.218478438797,-35.2732548932,0.290255701451,1.56139138447,-3.81891331183
momentum_12,5,1,4341,-0.0009106406957,-7.97721249433,0.217680162849,-36.6464834918,0.292098594794,1.56444367657,-3.95309126003
momentum_12,5,2,4341,-0.000866787020985,-7.59305430383,0.216518841662,-35.0687923763,0.289564616448,1.55712969362,-3.76272245809
momentum_12,5,3,4341,-0.000859425018277,-7.52856316011,0.224630298667,-33.5153503547,0.297396913154,1.55684174153,-3.73076400434
momentum_12,5,4,4341,-0.000868731578403,-7.61008862681,0.215541119595,-35.3068994033,0.295093296475,1.55632342778,-3.77116378185
momentum_12,5,5,4341,-0.000854659009669,-7.4868129247,0.221997186247,-33.724809991,0.296245104815,1.55021884358,-3.71007476097
momentum_12,5,6,4341,-0.000863179510625,-7.56145251307,0.222379460739,-34.0024770631,0.292098594794,1.55327113568,-3.74706225562
momentum_12,5,7,4341,-0.000904201131264,-7.92080190987,0.222028573599,-35.6746961955,0.290255701451,1.55810873071,-3.92513711082
momentum_12,5,8,4341,-0.000861895419707,-7.55020387664,0.222206961884,-33.9782507831,0.295554019811,1.55217691776,-3.74148801695
momentum_12,5,9,4341,-0.000872780097133,-7.64555365089,0.221055258604,-34.5866173878,0.293711126469,1.56225524073,-3.78873840166
momentum_12,5,10,4341,-0.000885870080093,-7.76022190162,0.21662448885,-35.8233824016,0.289794978116,1.56357982032,-3.84556201768
momentum_12,5,11,4341,-0.000847246573825,-7.42187998671,0.219806009775,-33.7655917338,0.296014743147,1.55954849113,-3.67789737697
momentum_12,10,0,4341,-0.001660426932,-14.5453399244,0.220244720175,-66.041719015,0.180142824234,1.56139138447,-7.20791331183
momentum_12,10,1,4341,-0.00169286253399,-14.8294757977,0.219391693374,-67.5936065292,0.173923059203,1.56444367657,-7.34871626003
momentum_12,10,2,4341,-0.00164535186779,-14.4132823619,0.218004150899,-66.1147152585,0.184058972587,1.55712969362,-7.14247245809
momentum_12,10,3,4341,-0.00163784588904,-14.347529988,0.226261068091,-63.4113951157,0.180833909238,1.55684174153,-7.10988900434
momentum_12,10,4,4341,-0.00164689329229,-14.4267852405,0.217254636265,-66.4049591231,0.180833909238,1.55632342778,-7.14916378185
momentum_12,10,5,4341,-0.00162976843146,-14.2767714596,0.223945752545,-63.7510258504,0.187744759272,1.55021884358,-7.07482476097
momentum_12,10,6,4341,-0.00163981507847,-14.3647800874,0.223996458403,-64.1294964653,0.184058972587,1.55327113568,-7.11843725562
momentum_12,10,7,4341,-0.00168325549662,-14.7453181504,0.223610478799,-65.9419819212,0.176917760885,1.55810873071,-7.30701211082
momentum_12,10,8,4341,-0.00163798387859,-14.3487387764,0.223867840869,-64.0946851533,0.187744759272,1.55217691776,-7.11048801695
momentum_12,10,9,4341,-0.0016539077175,-14.4882316053,0.223020459026,-64.9636883923,0.179221377563,1.56225524073,-7.17961340166
momentum_12,10,10,4341,-0.00166765999025,-14.6087015146,0.218239997459,-66.9386990685,0.178069569224,1.56357982032,-7.23931201768
momentum_12,10,11,4341,-0.00162702081939,-14.2527023779,0.22165494046,-64.3013070146,0.184519695923,1.55954849113,-7.06289737697
reversal_12,0,0,4341,0.00010069024326,0.882046530958,0.217608086518,4.053372028,0.536051601014,1.56121861322,0.437096345992
reversal_12,0,1,4341,0.000127242392218,1.11464335583,0.216766623555,5.14213552596,0.548951854411,1.56455885741,0.552359224617
reversal_12,0,2,4341,8.84250275843e-05,0.774603241638,0.216074484642,3.5848899185,0.539507026031,1.55712969362,0.383853044743
reversal_12,0,3,4341,8.03829801251e-05,0.704154905896,0.223998038053,3.14357622065,0.529371112647,1.55649619903,0.348942516723
reversal_12,0,4,4341,8.93772857889e-05,0.782945023511,0.214730156302,3.64618103481,0.534899792674,1.55574752361,0.38798679761
reversal_12,0,5,4341,7.71212947834e-05,0.675582542303,0.221081786358,3.055803707,0.536973047685,1.54987330108,0.334783540655
reversal_12,0,6,4341,8.60640657198e-05,0.753921215706,0.221682547617,3.4009046892,0.541580281041,1.55315595485,0.37360410929
reversal_12,0,7,4341,0.000124502867611,1.09064512028,0.221457000043,4.9248618019,0.540428472702,1.55805114029,0.540466948301
reversal_12,0,8,4341,8.71179929957e-05,0.763153618642,0.221524916979,3.44500126239,0.533517622668,1.55229209859,0.378179207594
reversal_12,0,9,4341,9.34276001568e-05,0.818425777373,0.220022869696,3.71973049212,0.548260769408,1.56202487906,0.405569212281
reversal_12,0,10,4341,0.000104788397553,0.917946362562,0.215960553821,4.25052791504,0.536742686017,1.56357982032,0.454886433776
reversal_12,0,11,4341,6.65883223191e-05,0.583313703515,0.218997615605,2.66356189269,0.536512324349,1.55966367196,0.289059907187
reversal_12,1,0,4341,-5.54316180623e-05,-0.485580974225,0.217562949212,-2.23191024016,0.500806265837,1.56121861322,-0.240628654008
reversal_12,1,1,4341,-2.92134935229e-05,-0.255910203261,0.216727236062,-1.18079392286,0.507717115872,1.56455885741,-0.126815775383
reversal_12,1,2,4341,-6.72879417776e-05,-0.589442369972,0.216094867576,-2.72770184958,0.505183137526,1.55712969362,-0.292096955257
reversal_12,1,3,4341,-7.52666397781e-05,-0.659335764456,0.223961635594,-2.94396744652,0.491591799125,1.55649619903,-0.326732483277
reversal_12,1,4,4341,-6.61974665723e-05,-0.579889807173,0.214699329864,-2.7009390646,0.495507947478,1.55574752361,-0.28736320239
reversal_12,1,5,4341,-7.78660353249e-05,-0.682106469446,0.2210015728,-3.08643264753,0.496659755817,1.54987330108,-0.338016459345
reversal_12,1,6,4341,-6.92515297651e-05,-0.606643400742,0.22166618265,-2.73674312198,0.500806265837,1.55315595485,-0.30062089071
reversal_12,1,7,4341,-3.13022464177e-05,-0.274207678619,0.221450255804,-1.23823599852,0.498272287491,1.55805114029,-0.135883051699
reversal_12,1,8,4341,-6.81112168638e-05,-0.596654259727,0.221505431168,-2.69363264178,0.495968670813,1.55229209859,-0.295670792406
reversal_12,1,9,4341,-6.27748877492e-05,-0.549908016683,0.219935555709,-2.50031430757,0.508408200875,1.56202487906,-0.272505787719
reversal_12,1,10,4341,-5.15695844791e-05,-0.451749560037,0.215956684125,-2.09185264104,0.496429394149,1.56357982032,-0.223863566224
reversal_12,1,11,4341,-8.93780448774e-05,-0.782951673126,0.218946161943,-3.57600090441,0.501497350841,1.55966367196,-0.387990092813
reversal_12,2,0,4341,-0.000211553479385,-1.85320847941,0.217556996896,-8.51826650418,0.46463948399,1.56121861322,-0.918353654008
reversal_12,2,1,4341,-0.000185669379264,-1.62646376235,0.216726236022,-7.50469251994,0.467403824004,1.56455885741,-0.805990775383
reversal_12,2,2,4341,-0.00022300091114,-1.95348798158,0.216154502397,-9.03746144504,0.465560930661,1.55712969362,-0.968046955257
reversal_12,2,3,4341,-0.000230916259681,-2.02282643481,0.223961827917,-9.03201431076,0.453812485602,1.55649619903,-1.00240748328
reversal_12,2,4,4341,-0.000221772218933,-1.94272463786,0.214708233741,-9.04820743951,0.461184058973,1.55574752361,-0.96271320239
reversal_12,2,5,4341,-0.000232853365433,-2.03979548119,0.22096111136,-9.23146823727,0.462105505644,1.54987330108,-1.01081645935
reversal_12,2,6,4341,-0.00022456712525,-1.96720801719,0.221688462673,-8.87375009718,0.459571527298,1.55315595485,-0.97484589071
reversal_12,2,7,4341,-0.000187107360447,-1.63906047751,0.221482257291,-7.40041436077,0.460723335637,1.55805114029,-0.812233051699
reversal_12,2,8,4341,-0.000223340426723,-1.9564621381,0.221525377689,-8.83177430282,0.462796590647,1.55229209859,-0.969520792406
reversal_12,2,9,4341,-0.000218977375655,-1.91824181074,0.219887428335,-8.72374480553,0.46993780235,1.56202487906,-0.950580787719
reversal_12,2,10,4341,-0.000207927566511,-1.82144548264,0.215992739699,-8.4329014261,0.461184058973,1.56357982032,-0.902613566224
reversal_12,2,11,4341,-0.000245344412074,-2.14921704977,0.218934600874,-9.81670800866,0.456346463948,1.55966367196,-1.06504009281
reversal_12,5,0,4341,-0.000679919063351,-5.95609099496,0.217774176254,-27.349849727,0.359364201797,1.56121861322,-2.95152865401
reversal_12,5,1,4341,-0.000655037036485,-5.73812443961,0.216953464046,-26.448641716,0.355678415112,1.56455885741,-2.84351577538
reversal_12,5,2,4341,-0.000690139819225,-6.04562481641,0.216568487215,-27.9155332992,0.356139138447,1.55712969362,-2.99589695526
reversal_12,5,3,4341,-0.000697865119391,-6.11329844587,0.224181883035,-27.269368796,0.348076480074,1.55649619903,-3.02943248328
reversal_12,5,4,4341,-0.000688496476017,-6.03122912991,0.214973167756,-28.0557298982,0.345542501728,1.55574752361,-2.98876320239
reversal_12,5,5,4341,-0.000697815355758,-6.11286251644,0.221078350795,-27.6502086001,0.354065883437,1.54987330108,-3.02921645935
reversal_12,5,6,4341,-0.000690513911705,-6.04890186653,0.221986955415,-27.2489068343,0.349228288413,1.55315595485,-2.99752089071
reversal_12,5,7,4341,-0.000654522702534,-5.7336188742,0.221810466883,-25.8491808559,0.356139138447,1.55805114029,-2.8412830517
reversal_12,5,8,4341,-0.000689028056302,-6.0358857732,0.221821599718,-27.2105411775,0.352914075098,1.55229209859,-2.99107079241
reversal_12,5,9,4341,-0.000687584839373,-6.02324319291,0.21997831838,-27.3810766319,0.350149735084,1.56202487906,-2.98480578772
reversal_12,5,10,4341,-0.000677001512606,-5.93053325043,0.216340147895,-27.4130035877,0.35798203179,1.56357982032,-2.93886356622
reversal_12,5,11,4341,-0.000713243513663,-6.24801317969,0.219139227421,-28.5116145257,0.346694310067,1.55966367196,-3.09619009281
reversal_12,10,0,4341,-0.00146052836996,-12.7942285209,0.218916002798,-58.4435507562,0.217000691085,1.56121861322,-6.34015365401
reversal_12,10,1,4341,-0.00143731646519,-12.5908922351,0.218095990742,-57.7309660404,0.212623819396,1.56455885741,-6.23939077538
reversal_12,10,2,4341,-0.00146870466603,-12.8658528745,0.218036332427,-59.0078393415,0.212163096061,1.55712969362,-6.37564695526
reversal_12,10,3,4341,-0.00147611321891,-12.9307517976,0.225277022369,-57.3993373209,0.21008984105,1.55649619903,-6.40780748328
reversal_12,10,4,4341,-0.00146637023782,-12.8454032833,0.216204567548,-59.4131910763,0.20801658604,1.55574752361,-6.36551320239
reversal_12,10,5,4341,-0.0014727520063,-12.9013075752,0.222066620495,-58.0965637539,0.216539967749,1.54987330108,-6.39321645935
reversal_12,10,6,4341,-0.00146709188913,-12.8517249488,0.223252319843,-57.5659189469,0.2133149044,1.55315595485,-6.36864589071
reversal_12,10,7,4341,-0.00143354827268,-12.5578828687,0.223126876126,-56.2813547463,0.221147201106,1.55805114029,-6.2230330517
reversal_12,10,8,4341,-0.0014651741056,-12.834925165,0.223098853822,-57.5302156203,0.220225754434,1.55229209859,-6.36032079241
reversal_12,10,9,4341,-0.0014685972789,-12.8649121632,0.220911821542,-58.2355080564,0.215848882746,1.56202487906,-6.37518078772
reversal_12,10,10,4341,-0.00145879142277,-12.7790128634,0.217711501054,-58.6970040698,0.219765031099,1.56357982032,-6.33261356622
reversal_12,10,11,4341,-0.00149307534965,-13.0793400629,0.22027444784,-59.3774729259,0.215157797742,1.55966367196,-6.48144009281
ridge,0,0,4341,4.19305564733e-05,0.367311674706,0.211887881794,1.73351902712,0.497581202488,1.36103432389,0.182020545651
ridge,0,1,4341,8.94298911749e-05,0.783405846692,0.212587204929,3.68510347062,0.513015434232,1.39553098364,0.38821515759
ridge,0,2,4341,1.39777294214e-05,0.122444909732,0.208340400876,0.587715628926,0.506795669201,1.38971435153,0.0606773234184
ridge,0,3,4341,3.59122457001e-05,0.314591272333,0.212620957759,1.47958731655,0.499654457498,1.38372494817,0.155895058584
ridge,0,4,4341,5.16012797141e-05,0.452027210295,0.211775684403,2.13446228055,0.509560009214,1.39518544114,0.224001155239
ridge,0,5,4341,7.05266370072e-05,0.617813340183,0.213707074321,2.89093537098,0.516470859249,1.40520617369,0.306156131248
ridge,0,6,4341,4.02294819923e-05,0.352410262252,0.210277196135,1.67593190669,0.503109882516,1.38648928818,0.174636181329
ridge,0,7,4341,4.79627424167e-05,0.420153623571,0.213488000577,1.96804327379,0.508638562543,1.38896567611,0.208206264831
ridge,0,8,4341,2.97264876047e-05,0.260404031417,0.20945459526,1.24324811825,0.501727712509,1.40031098825,0.129042682692
ridge,0,9,4341,-5.36121184622e-06,-0.0469642157729,0.210763287372,-0.222829205022,0.503800967519,1.39915917991,-0.0232730206244
ridge,0,10,4341,3.27199201974e-05,0.286626500929,0.205859433388,1.39234086198,0.503109882516,1.41038931122,0.142037173577
ridge,0,11,4341,7.59341878128e-05,0.66518348524,0.20616952558,3.22639091966,0.51002073255,1.40238424326,0.329630309295
ridge,1,0,4341,-9.41728759156e-05,-0.82495439302,0.211927236767,-3.89263034617,0.460492973969,1.36103432389,-0.408804454349
ridge,1,1,4341,-5.01232071895e-05,-0.43907929498,0.212572944387,-2.0655464704,0.474775397374,1.39553098364,-0.21758484241
ridge,1,2,4341,-0.000124993705732,-1.09494486221,0.208313414799,-5.25623788207,0.469016355678,1.38971435153,-0.542597676582
ridge,1,3,4341,-0.000102460249117,-0.897551782263,0.212743559334,-4.21893750895,0.463487675651,1.38372494817,-0.444779941416
ridge,1,4,4341,-8.79172644002e-05,-0.770155236146,0.211824327953,-3.63582051028,0.471089610689,1.39518544114,-0.381648844761
ridge,1,5,4341,-6.99939803621e-05,-0.613147267972,0.213821822959,-2.86756168986,0.476848652384,1.40520617369,-0.303843868752
ridge,1,6,4341,-9.8419446826e-05,-0.862154354195,0.2103081251,-4.09948190915,0.463257313983,1.38648928818,-0.427238818671
ridge,1,7,4341,-9.09338251944e-05,-0.796580308703,0.213553061866,-3.73012824889,0.470628887353,1.38896567611,-0.394743735169
ridge,1,8,4341,-0.00011030461122,-0.966268394291,0.209604496858,-4.6099602288,0.461875143976,1.40031098825,-0.478832317308
ridge,1,9,4341,-0.000145277129837,-1.27262765738,0.210633269534,-6.0419118983,0.467864547339,1.39915917991,-0.630648020624
ridge,1,10,4341,-0.000108319010925,-0.948874535699,0.20587440674,-4.60899706149,0.465560930661,1.41038931122,-0.470212826423
ridge,1,11,4341,-6.43042365134e-05,-0.563305111857,0.206176108177,-2.73215513106,0.469707440682,1.40238424326,-0.279144690705
ridge,2,0,4341,-0.000230276308304,-2.01722046075,0.212007632193,-9.51484830939,0.424786915457,1.36103432389,-0.999629454349
ridge,2,1,4341,-0.000189676305554,-1.66156443665,0.21260028251,-7.815438517,0.436765722184,1.39553098364,-0.82338484241
ridge,2,2,4341,-0.000263965140885,-2.31233463415,0.20832843129,-11.0994674123,0.43400138217,1.38971435153,-1.14587267658
ridge,2,3,4341,-0.000240832743934,-2.10969483686,0.212908518573,-9.908926383,0.428472702142,1.38372494817,-1.04545494142
ridge,2,4,4341,-0.000227435808514,-1.99233768259,0.21191465276,-9.40160416773,0.433079935499,1.39518544114,-0.987298844761
ridge,2,5,4341,-0.000210514597731,-1.84410787613,0.213977511092,-8.61823219981,0.436535360516,1.40520617369,-0.913843868752
ridge,2,6,4341,-0.000237068375644,-2.07671897064,0.210380884813,-9.87123413084,0.430085233817,1.38648928818,-1.02911381867
ridge,2,7,4341,-0.000229830392806,-2.01331424098,0.213659896596,-9.42298612445,0.438608615526,1.38896567611,-0.997693735169
ridge,2,8,4341,-0.000250335710046,-2.19294082,0.209795922563,-10.4527332715,0.425938723796,1.40031098825,-1.08670731731
ridge,2,9,4341,-0.000285193047829,-2.49829109898,0.210546811296,-11.8657275482,0.423865468786,1.39915917991,-1.23802302062
ridge,2,10,4341,-0.000249357942046,-2.18437557233,0.205931482272,-10.6072930094,0.426860170468,1.41038931122,-1.08246282642
ridge,2,11,4341,-0.00020454266084,-1.79179370895,0.206225987376,-8.68849620627,0.431237042156,1.40238424326,-0.887919690705
ridge,5,0,4341,-0.000638586605471,-5.59401866393,0.212494476468,-26.3254779932,0.325040313292,1.36103432389,-2.77210445435
ridge,5,1,4341,-0.000608335600647,-5.32901986167,0.212931606743,-25.0269086078,0.335406588344,1.39553098364,-2.64078484241
ridge,5,2,4341,-0.000680879446345,-5.96450394998,0.208625278626,-28.5895553466,0.329186823313,1.38971435153,-2.95569767658
ridge,5,3,4341,-0.000655950228384,-5.74612400065,0.21365643521,-26.8942238739,0.320202718268,1.38372494817,-2.84747994142
ridge,5,4,4341,-0.000645991440857,-5.65888502191,0.21243506038,-26.6381877444,0.328726099977,1.39518544114,-2.80424884476
ridge,5,5,4341,-0.000632076449839,-5.53698970059,0.214689204711,-25.7907224914,0.336558396683,1.40520617369,-2.74384386875
ridge,5,6,4341,-0.000653015162099,-5.72041281999,0.210849590913,-27.1303007761,0.331720801659,1.38648928818,-2.83473881867
ridge,5,7,4341,-0.000646520095639,-5.6635160378,0.214230294287,-26.4365787138,0.336328035015,1.38896567611,-2.80654373517
ridge,5,8,4341,-0.000670429006521,-5.87295809712,0.21061808932,-27.8843954766,0.318590186593,1.40031098825,-2.91033231731
ridge,5,9,4341,-0.000704940801802,-6.17528142379,0.210549195615,-29.3293992682,0.326192121631,1.39915917991,-3.06014802062
ridge,5,10,4341,-0.000672474735412,-5.89087868221,0.206354843755,-28.5473244777,0.329647546648,1.41038931122,-2.91921282642
ridge,5,11,4341,-0.000625257933818,-5.47725950025,0.206634954972,-26.5069358715,0.32204561161,1.40238424326,-2.7142446907
ridge,10,0,4341,-0.00131910376742,-11.5553490026,0.214117748902,-53.9672636287,0.207095139369,1.36103432389,-5.72622945435
ridge,10,1,4341,-0.00130610109247,-11.44144557,0.214309542262,-53.387476121,0.206404054365,1.39553098364,-5.66978484241
ridge,10,2,4341,-0.00137573662211,-12.0514528097,0.209954280466,-57.4003672748,0.194655609307,1.38971435153,-5.97207267658
ridge,10,3,4341,-0.00134781270247,-11.8068392736,0.215736169905,-54.7281398331,0.21008984105,1.38372494817,-5.85085494142
ridge,10,4,4341,-0.00134358416143,-11.7697972541,0.214126335574,-54.9666028821,0.205252246026,1.39518544114,-5.83249884476
ridge,10,5,4341,-0.00133467953669,-11.6917927414,0.216681375882,-53.9584571759,0.207555862704,1.40520617369,-5.79384386875
ridge,10,6,4341,-0.00134625980619,-11.7932359022,0.212458523809,-55.508414964,0.211932734393,1.38648928818,-5.84411381867
ridge,10,7,4341,-0.00134100293369,-11.7471856992,0.216005891273,-54.383635696,0.213775627736,1.38896567611,-5.82129373517
ridge,10,8,4341,-0.00137058450065,-12.0063202257,0.212803645323,-56.4197112668,0.205482607694,1.40031098825,-5.94970731731
ridge,10,9,4341,-0.00140452039176,-12.3035986318,0.211424049685,-58.1939408035,0.200875374338,1.39915917991,-6.09702302062
ridge,10,10,4341,-0.00137766939102,-12.0683838653,0.207894232451,-58.0505948774,0.196037779314,1.41038931122,-5.98046282642
ridge,10,11,4341,-0.00132645005545,-11.6197024857,0.208174291125,-55.817182914,0.203178991016,1.40238424326,-5.7581196907
tcn,0,0,4341,1.13332996035e-05,0.0992797045268,0.188262577742,0.527346994382,0.500115180834,1.38792904861,0.0491978535789
tcn,0,1,4341,-3.90592257686e-05,-0.342158817733,0.183919790344,-1.86036976822,0.499884819166,1.39426399447,-0.169556099062
tcn,0,2,4341,-1.1779718848e-06,-0.0103190337108,0.183934629645,-0.0561016363843,0.508868924211,1.40774015204,-0.00511357595191
tcn,0,3,4341,6.40460090159e-06,0.0561043038979,0.192564201054,0.291353759374,0.507717115872,1.42478691546,0.0278023725138
tcn,0,4,4341,-3.8917594538e-05,-0.340918128153,0.186718737863,-1.82583779247,0.498041925824,1.41188666206,-0.168941277889
tcn,0,5,4341,2.25547448882e-05,0.19757956522,0.183236524074,1.07827610363,0.509099285879,1.41430545957,0.0979101475596
tcn,0,6,4341,-2.07178397264e-05,-0.181488276003,0.185917003833,-0.976179006013,0.49942409583,1.40157797742,-0.0899361422522
tcn,0,7,4341,2.83094820482e-05,0.247991062742,0.179703826817,1.37999878542,0.504031329187,1.40716424787,0.122891461571
tcn,0,8,4341,-4.32450049304e-06,-0.037882624319,0.18815114418,-0.201341450695,0.500806265837,1.41591799125,-0.0187726566403
tcn,0,9,4341,-1.74825944134e-05,-0.153147527062,0.178820994155,-0.856429234083,0.50057590417,1.41177148123,-0.0758919423487
tcn,0,10,4341,-4.17589904757e-05,-0.365808756567,0.178319576473,-2.05142230484,0.48997926745,1.41361437457,-0.181275777655
tcn,0,11,4341,2.12965809145e-05,0.186558048811,0.179378013572,1.04002739854,0.499654457498,1.42438378254,0.0924484577498
tcn,1,0,4341,-0.000127459605257,-1.11654614205,0.188330618822,-5.92864903771,0.460953697305,1.38792904861,-0.553302146421
tcn,1,1,4341,-0.000178485625216,-1.56353407689,0.183916933292,-8.50130571939,0.459571527298,1.39426399447,-0.774806099062
tcn,1,2,4341,-0.000141951987089,-1.2434994069,0.183992214041,-6.75843493365,0.463487675651,1.40774015204,-0.616213575952
tcn,1,3,4341,-0.000136074090644,-1.19200903404,0.192620756264,-6.18837272349,0.460723335637,1.42478691546,-0.590697627486
tcn,1,4,4341,-0.000180106260744,-1.57773084412,0.186727763718,-8.44936399763,0.458419718959,1.41188666206,-0.781841277889
tcn,1,5,4341,-0.000118875801069,-1.04135201736,0.183234086564,-5.6831784789,0.465100207326,1.41430545957,-0.51603985244
tcn,1,6,4341,-0.000160875637469,-1.40927058423,0.185883489396,-7.58147261389,0.45726791062,1.40157797742,-0.698361142252
tcn,1,7,4341,-0.000112406942739,-0.984684818391,0.179789894333,-5.47686410322,0.464869845658,1.40716424787,-0.487958538429
tcn,1,8,4341,-0.000145916299618,-1.27822678465,0.188111132698,-6.79506186753,0.455425017277,1.41591799125,-0.63342265664
tcn,1,9,4341,-0.000158659742536,-1.38985934462,0.178847663472,-7.77119095455,0.457958995623,1.41177148123,-0.688741942349
tcn,1,10,4341,-0.000183120427932,-1.60413494869,0.178409322263,-8.99131798909,0.442294402211,1.41361437457,-0.794925777655
tcn,1,11,4341,-0.000121141797339,-1.06120214469,0.179386479767,-5.91573091836,0.451048145589,1.42438378254,-0.52587654225
tcn,2,0,4341,-0.000266252510118,-2.33237198863,0.18844879281,-12.3766884035,0.421561852108,1.38792904861,-1.15580214642
tcn,2,1,4341,-0.000317912024663,-2.78490933605,0.183966826719,-15.138106069,0.415572448745,1.39426399447,-1.38005609906
tcn,2,2,4341,-0.000282726002293,-2.47667978008,0.184101254016,-13.4528131996,0.420870767104,1.40774015204,-1.22731357595
tcn,2,3,4341,-0.00027855278219,-2.44012237198,0.192725405723,-12.6611349595,0.418336788758,1.42478691546,-1.20919762749
tcn,2,4,4341,-0.00032129492695,-2.81454356008,0.186787103177,-15.0681899993,0.414420640405,1.41188666206,-1.39474127789
tcn,2,5,4341,-0.000260306347026,-2.28028359995,0.183281226568,-12.4414466372,0.421561852108,1.41430545957,-1.12998985244
tcn,2,6,4341,-0.000301033435211,-2.63705289245,0.185899881292,-14.1853393027,0.419949320433,1.40157797742,-1.30678614225
tcn,2,7,4341,-0.000253123367526,-2.21736069952,0.179928662606,-12.32355461,0.417645703755,1.40716424787,-1.09880853843
tcn,2,8,4341,-0.000287508098742,-2.51857094498,0.188121889429,-13.3879738963,0.41395991707,1.41591799125,-1.24807265664
tcn,2,9,4341,-0.000299836890659,-2.62657116217,0.178926857937,-14.6795802064,0.414420640405,1.41177148123,-1.30159194235
tcn,2,10,4341,-0.000324481865389,-2.84246114081,0.178550534494,-15.9196450958,0.402902557015,1.41361437457,-1.40857577765
tcn,2,11,4341,-0.000263580175593,-2.3089623382,0.179445779385,-12.8671866572,0.410043768717,1.42438378254,-1.14420154225
tcn,5,0,4341,-0.0006826312247,-5.97984952837,0.189102972993,-31.6221867574,0.311679336558,1.38792904861,-2.96330214642
tcn,5,1,4341,-0.000736191223004,-6.44903511352,0.184432355449,-34.966940035,0.302925593181,1.39426399447,-3.19580609906
tcn,5,2,4341,-0.000705048047904,-6.17622089964,0.18473598128,-33.4326905719,0.306841741534,1.40774015204,-3.06061357595
tcn,5,3,4341,-0.000705988856827,-6.1844623858,0.193326959108,-31.9896532503,0.302234508178,1.42478691546,-3.06469762749
tcn,5,4,4341,-0.000744860925568,-6.52498170797,0.187266322118,-34.8433270552,0.301773784842,1.41188666206,-3.23344127789
tcn,5,5,4341,-0.000684597984898,-5.9970783477,0.183719529349,-32.6425740854,0.310527528219,1.41430545957,-2.97183985244
tcn,5,6,4341,-0.000721506828439,-6.32039981712,0.186248162625,-33.9353673509,0.301543423174,1.40157797742,-3.13206114225
tcn,5,7,4341,-0.000675272641886,-5.91538834292,0.180659726965,-32.7432596201,0.309606081548,1.40716424787,-2.93135853843
tcn,5,8,4341,-0.000712283496116,-6.23960342598,0.188458476825,-33.1086376751,0.309606081548,1.41591799125,-3.09202265664
tcn,5,9,4341,-0.000723368335026,-6.33670661483,0.179478666345,-35.3061828677,0.309836443216,1.41177148123,-3.14014194235
tcn,5,10,4341,-0.00074856617776,-6.55743971718,0.179281532081,-36.5762141871,0.30200414651,1.41361437457,-3.24952577765
tcn,5,11,4341,-0.000690895310355,-6.05224291871,0.179927960755,-33.637033918,0.303616678185,1.42438378254,-2.99917654225
tcn,10,0,4341,-0.001376595749,-12.0589787613,0.191179532258,-63.0767248921,0.193964524303,1.38792904861,-5.97580214642
tcn,10,1,4341,-0.00143332322024,-12.5559114093,0.186250492455,-67.4141111995,0.172771250864,1.39426399447,-6.22205609906
tcn,10,2,4341,-0.00140891812392,-12.3421227656,0.186806233848,-66.0691161709,0.185671504262,1.40774015204,-6.11611357595
tcn,10,3,4341,-0.00141838231456,-12.4250290755,0.195277254132,-63.6276310354,0.178760654227,1.42478691546,-6.15719762749
tcn,10,4,4341,-0.0014508042566,-12.7090452878,0.189058988495,-67.2226451066,0.174153420871,1.41188666206,-6.29794127789
tcn,10,5,4341,-0.00139175071468,-12.1917362606,0.185430249396,-65.7483679192,0.178069569224,1.41430545957,-6.04158985244
tcn,10,6,4341,-0.00142229581715,-12.4593113582,0.187817722332,-66.3372508385,0.173001612532,1.40157797742,-6.17418614225
tcn,10,7,4341,-0.00137885476582,-12.0787677486,0.182912078099,-66.0359221444,0.183367887584,1.40716424787,-5.98560853843
tcn,10,8,4341,-0.00142024249174,-12.4413242276,0.190026019633,-65.4716877809,0.173462335867,1.41591799125,-6.16527265664
tcn,10,9,4341,-0.00142925407564,-12.5202657026,0.181433486338,-69.0074691023,0.178530292559,1.41177148123,-6.20439194235
tcn,10,10,4341,-0.00145537336504,-12.7490706778,0.181509417539,-70.2391691333,0.164478230822,1.41361437457,-6.31777577765
tcn,10,11,4341,-0.00140308720162,-12.2910438862,0.181735251161,-67.6315894013,0.17530522921,1.42438378254,-6.09080154225
transformer,0,0,4341,2.43725979316e-05,0.213503957881,0.212610411747,1.00420273931,0.505183137526,1.0023612071,0.105801447621
transformer,0,1,4341,2.66745798428e-05,0.233669319423,0.204634444747,1.14188654658,0.510481455886,1.02401520387,0.115794351098
transformer,0,2,4341,-1.6385579447e-05,-0.143537675956,0.205025770492,-0.700095776308,0.504261690855,1.01099976964,-0.0711298003793
transformer,0,3,4341,3.77777389653e-05,0.330932993336,0.210116882392,1.5749947818,0.515549412578,1.00673807878,0.163993164848
transformer,0,4,4341,4.56044470734e-05,0.399494956363,0.207357424814,1.92660068344,0.510251094218,1.00310988252,0.197968904745
transformer,0,5,4341,2.89423200442e-05,0.253534723587,0.209212724254,1.21185135603,0.504952775858,1.01434001382,0.125638611312
transformer,0,6,4341,3.68727843519e-05,0.323005590922,0.213124599822,1.5155716008,0.513476157567,0.997696383322,0.160064756871
transformer,0,7,4341,1.6582380175e-05,0.145261650333,0.204556166383,0.710130879462,0.504492052522,1.01238193965,0.0719841123396
transformer,0,8,4341,3.91419034475e-05,0.3428830742,0.205972250176,1.66470519163,0.509790370882,1.00817783921,0.169915002865
transformer,0,9,4341,3.55617818818e-05,0.311521209284,0.208358144735,1.49512374321,0.509560009214,1.01566459341,0.154373695149
transformer,0,10,4341,7.22425711509e-06,0.0632844923282,0.202366673964,0.312721907658,0.506795669201,1,0.0313605001366
transformer,0,11,4341,4.44953156067e-05,0.389778964715,0.204499673611,1.90601264947,0.50794747754,1.01169085464,0.193154165049
transformer,1,0,4341,-7.58635227779e-05,-0.664564459535,0.212622729089,-3.12555700128,0.479152269062,1.0023612071,-0.329323552379
transformer,1,1,4341,-7.57269405442e-05,-0.663367999167,0.204748881044,-3.2399102539,0.485602395761,1.02401520387,-0.328730648902
transformer,1,2,4341,-0.000117485556411,-1.02917347416,0.205174748108,-5.01608255231,0.479612992398,1.01099976964,-0.510004800379
transformer,1,3,4341,-6.28960689131e-05,-0.550969563679,0.210257873942,-2.62044675592,0.48997926745,1.00673807878,-0.273031835152
transformer,1,4,4341,-5.47065411782e-05,-0.479229300721,0.207455048621,-2.31003922974,0.481916609076,1.00310988252,-0.237481095255
transformer,1,5,4341,-7.2491681338e-05,-0.635027128521,0.209324232129,-3.03370098178,0.481686247408,1.01434001382,-0.314686388688
transformer,1,6,4341,-6.28968539803e-05,-0.550976440868,0.213171291751,-2.58466530058,0.488597097443,0.997696383322,-0.273035243129
transformer,1,7,4341,-8.46558137895e-05,-0.741584928796,0.204615025481,-3.62429360724,0.478691545727,1.01238193965,-0.36749088766
transformer,1,8,4341,-6.16758804733e-05,-0.540280712946,0.206054223534,-2.62203173359,0.485372034094,1.00817783921,-0.267734997135
transformer,1,9,4341,-6.60046774594e-05,-0.578200974544,0.20845533663,-2.77374033158,0.484450587422,1.01566459341,-0.286526304851
transformer,1,10,4341,-9.27757428849e-05,-0.812715507672,0.202506447611,-4.01328213131,0.481916609076,1,-0.402739499863
transformer,1,11,4341,-5.66737698575e-05,-0.496462223951,0.204631115965,-2.42613261239,0.485372034094,1.01169085464,-0.246020834951
transformer,2,0,4341,-0.000176099643487,-1.54263287695,0.212696100943,-7.25275578682,0.459801888966,1.0023612071,-0.764448552379
transformer,2,1,4341,-0.000178128460931,-1.56040531776,0.204925813601,-7.61448882569,0.461184058973,1.02401520387,-0.773255648902
transformer,2,2,4341,-0.000218585533375,-1.91480927236,0.205387411307,-9.32291448718,0.453351762267,1.01099976964,-0.948879800379
transformer,2,3,4341,-0.000163569876791,-1.43287212069,0.210461177698,-6.80824908598,0.463487675651,1.00673807878,-0.710056835152
transformer,2,4,4341,-0.00015501752943,-1.3579535578,0.207614743229,-6.54073760218,0.458189357291,1.00310988252,-0.672931095255
transformer,2,5,4341,-0.00017392568272,-1.52358898063,0.209494513537,-7.27269156076,0.457728633955,1.01434001382,-0.755011388688
transformer,2,6,4341,-0.000162666492313,-1.42495847266,0.21327831183,-6.68121601502,0.465560930661,0.997696383322,-0.706135243129
transformer,2,7,4341,-0.000185894007754,-1.62843150793,0.204738158035,-7.95372745146,0.455425017277,1.01238193965,-0.80696588766
transformer,2,8,4341,-0.000162493664394,-1.42344450009,0.206200518799,-6.90320523141,0.459110803962,1.00817783921,-0.705384997135
transformer,2,9,4341,-0.000167571136801,-1.46792315837,0.208612630971,-7.03659769564,0.460262612301,1.01566459341,-0.727426304851
transformer,2,10,4341,-0.000192775742885,-1.68871550767,0.202711018811,-8.33065472997,0.46141442064,1,-0.836839499863
transformer,2,11,4341,-0.000157842855322,-1.38270341262,0.204822777218,-6.75073071168,0.460262612301,1.01169085464,-0.685195834951
transformer,5,0,4341,-0.000476808005616,-4.1768381292,0.213281651304,-19.5836730617,0.384703985257,1.0023612071,-2.06982355238
transformer,5,1,4341,-0.000485333022092,-4.25151727353,0.205829692542,-20.6555100045,0.38539507026,1.02401520387,-2.1068306489
transformer,5,2,4341,-0.000521885464266,-4.57171666697,0.206405251173,-22.1492265385,0.3800967519,1.01099976964,-2.26550480038
transformer,5,3,4341,-0.000465591300427,-4.07857979174,0.211442889348,-19.2892738286,0.390002303617,1.00673807878,-2.02113183515
transformer,5,4,4341,-0.000455950494184,-3.99412632906,0.208464548161,-19.1597389786,0.386546878599,1.00310988252,-1.97928109525
transformer,5,5,4341,-0.000478227686867,-4.18927453695,0.210356325347,-19.9151346176,0.387929048606,1.01434001382,-2.07598638869
transformer,5,6,4341,-0.000461975407309,-4.04690456803,0.213960180565,-18.9142884313,0.399907855333,0.997696383322,-2.00543524313
transformer,5,7,4341,-0.000489608589648,-4.28897124531,0.205491739489,-20.8717452876,0.384934346925,1.01238193965,-2.12539088766
transformer,5,8,4341,-0.000464947016156,-4.07293586153,0.207023672656,-19.6737687496,0.387237963603,1.00817783921,-2.01833499713
transformer,5,9,4341,-0.000472270514824,-4.13708970986,0.209443515838,-19.752770542,0.395300621977,1.01566459341,-2.05012630485
transformer,5,10,4341,-0.000492775742885,-4.31671550767,0.203711256438,-21.1903631795,0.392997005298,1,-2.13913949986
transformer,5,11,4341,-0.000461350111714,-4.04142697862,0.205757127215,-19.6417350559,0.392305920295,1.01169085464,-2.00272083495
transformer,10,0,4341,-0.000977988609164,-8.56718021627,0.215462654781,-39.7617871412,0.291177148123,1.0023612071,-4.24544855238
transformer,10,1,4341,-0.000997340624027,-8.73670386648,0.208560256712,-41.8905500224,0.286109191431,1.02401520387,-4.3294556489
transformer,10,2,4341,-0.00102738534909,-8.99989565799,0.209345905212,-42.9905502516,0.280810873071,1.01099976964,-4.45987980038
transformer,10,3,4341,-0.000968960339818,-8.48809257681,0.21429815331,-39.6087994494,0.284266298088,1.00673807878,-4.20625683515
transformer,10,4,4341,-0.000957505435442,-8.38774761447,0.211098448439,-39.7338193459,0.288643169777,1.00310988252,-4.15653109525
transformer,10,5,4341,-0.000985397693777,-8.63208379749,0.21294547474,-40.5365918577,0.288412808109,1.01434001382,-4.27761138869
transformer,10,6,4341,-0.00096082359897,-8.41681472698,0.216284939404,-38.9153990573,0.293020041465,0.997696383322,-4.17093524313
transformer,10,7,4341,-0.00099579955947,-8.72320414096,0.20801085592,-41.9362927111,0.284266298088,1.01238193965,-4.32276588766
transformer,10,8,4341,-0.00096903593576,-8.48875479726,0.20965788158,-40.488603306,0.28403593642,1.00817783921,-4.20658499713
transformer,10,9,4341,-0.00098010281153,-8.585700629,0.212007888168,-40.4970810435,0.28726099977,1.01566459341,-4.25462630485
transformer,10,10,4341,-0.000992775742885,-8.69671550767,0.206644409622,-42.0854138932,0.289103893112,1,-4.30963949986
transformer,10,11,4341,-0.000967195539035,-8.47263292195,0.208493063671,-40.6374810403,0.28933425478,1.01169085464,-4.19859583495
