path,category,bytes,sha256
.gitignore,repository,221,48935bf69ddf06303f1e1bf365194e4c187617677219c099ba71045fabffd126
README.md,repository,7788,dbbb4a55739b470883903fdc11d05cb0f04554eb8c8c354af27542f217c4fff2
artifacts/evidence/ablation_feature_fold_metrics.csv,evidence,10461,66132e8048aa903e0d39d656822816d957c5e858d8571c097543d08d558a3830
artifacts/evidence/ablation_feature_summary.csv,evidence,7269,2a3c9220f55118e30be0ac34cee7316367e3ce729dcfb3db9afc3034def49c49
artifacts/evidence/ablation_manifest.json,evidence,6094,e4facf0c799139560f7015c97437a3ba538b7c7f8def9b0a44a2bdbf38f97d20
artifacts/evidence/ablation_model_family_summary.csv,evidence,2750,2f9244e1674ecc64e80d01035ba1f6e72ac5d451288b869bdf92ee7ef34ff1a8
artifacts/evidence/ablation_model_selection.csv,evidence,6001,e2f2a20590a88619b1726111cfcde6038fb5e1a79868c046eaab09736925c27a
artifacts/evidence/ablation_portfolio_cohort_metrics.csv,evidence,93256,4849cbb07a73369dc18f9ed9ac0f911eede79127b518ec4a1b002de5d460d5fc
artifacts/evidence/alignment_audit_manifest.json,evidence,6868,367d6c0e95580a7194007917f032db42addd2810409d7ef2fc18141e08949b09
artifacts/evidence/alignment_prediction_metrics.csv,evidence,3457,87e8086e4b55a00d50fa89800163c190900c1b126487e9662756c28b76f09cff
artifacts/evidence/alignment_split_metrics.csv,evidence,1462,f2957123ccc2085cb17cf40d726af16bd467814cb77b6fe9560b74d1c2cdae0f
artifacts/evidence/alignment_summary.json,evidence,703,f582cc5e64dc0850004fdb9c0ac99c36749d0b4a16a7f75dac223be49e4ba94b
artifacts/evidence/alignment_symbol_metrics.csv,evidence,3259,4ff0e63921db81d86fb2e8deddfc28aa4ffb8ceae8dcba0a05a5a43983528552
artifacts/evidence/baseline_fold_metrics.csv,evidence,3583,84195eed13a0cda9da2585943a57a1afb603e9bd956d525e5361293f4cab4b80
artifacts/evidence/baseline_model_selection.csv,evidence,542,37ece634a26b30aad19b3255e9048012f1aab095e9b0e61da9d6881ad71a0620
artifacts/evidence/baseline_run_manifest.json,evidence,12945,1521c45a451a3eb6c789e59ba54c8f0d981a2a803fddc8bc51a6c0f901fff96d
artifacts/evidence/baseline_summary.csv,evidence,1251,fd072f60d666c42d27abfa340a0a361239f769c7da9d6e8e826c92910643e05c
artifacts/evidence/bootstrap_manifest.json,evidence,8573,f2016748d3147967f2f87c45e3ae19d6813d097e37d094ff10b5400f4d2b6bf5
artifacts/evidence/bootstrap_portfolio_distribution.csv,evidence,2446916,012103bc85bef1910c90c3d407d2860c753c457e21b03c5255ea990a33514035
artifacts/evidence/bootstrap_portfolio_summary.csv,evidence,7566,3d89a82f70b6aef2a26c4175fb400fc773314c240a66f941085769c446b3f83a
artifacts/evidence/bootstrap_prediction_distribution.csv,evidence,743073,5e408fac0b40f752bfb6b56e7a558151c393abcfb91d50c9ca71ee92e6920c3e
artifacts/evidence/bootstrap_prediction_summary.csv,evidence,2860,9e359af1b71023ffa696dd8cdf6118dbfebfad00cbfe08aac6cf448de2a94298
artifacts/evidence/breadth_break_even.csv,evidence,9737,938691a12ca007b14356ce0d17bcdf4bb0d4054b45ffb39b55713ce2b205ae5d
artifacts/evidence/breadth_cohort_metrics.csv,evidence,606308,911ab25464932d54c04dd96fb9c18b482e2419fd65600f23b0dd7f19803af0fe
artifacts/evidence/breadth_sensitivity_manifest.json,evidence,7125,444d0958ef90e123dd06edd520a7b85735581fead5918f912609c4adc4e6d6a1
artifacts/evidence/breadth_summary.csv,evidence,80797,27390591875c6401495ba69d6c02d43816e2b407d4d42806f448fd84220a5719
artifacts/evidence/break_even_cohort_metrics.csv,evidence,9532,3160c96a648c7de307d08e3abc5aaa91a629acefb085a2ab40332e0cfaccacbf
artifacts/evidence/break_even_cost_curve.csv,evidence,156725,47fd4688ee52566729ca4f9919e7629fc2452e50637a0459a5922072f93b7a71
artifacts/evidence/break_even_model_summary.csv,evidence,2158,037d377a51ecd4ea4996f609e3664d0261eab317d4bd6ee59818eca22cc004cb
artifacts/evidence/break_even_run_manifest.json,evidence,1769,e20efcef5e4e036aeb6c8ea5164b9b2a9e615081b8d3524680c7525252bf7591
artifacts/evidence/horizon_break_even.csv,evidence,5027,b80bc43f820b1f7d2335e46bddd089c219b357c885f6a3b8613cc3d774d32577
artifacts/evidence/horizon_fold_metrics.csv,evidence,11997,6060e41e397cc384f62e0c3c9313fbd750bbf1a847cc28b84355f7d361d2bdf8
artifacts/evidence/horizon_model_metrics.csv,evidence,4061,07ab1b83773f402fc55a93a7312640da6fe1aa1631cbb6e49d5525b4b4572b5e
artifacts/evidence/horizon_portfolio_cohort_metrics.csv,evidence,293899,d3890389db33213c55281f2eab86dfce717f190c64b3ce0877917b31857789cf
artifacts/evidence/horizon_portfolio_summary.csv,evidence,40563,9729054b8eb1eec66c30e6875f156b10e626855a81438404fd02ae96b9a6f6f6
artifacts/evidence/horizon_sensitivity_manifest.json,evidence,8293,d56d547a72a66bbb93e43541ab93a442cf4dc595788b88825828087327c3d61c
artifacts/evidence/mlp_fold_metrics.csv,evidence,957,acabf947a32acd48a8648605aa69d2451f8e037602aee495b208a313a151b707
artifacts/evidence/mlp_run_manifest.json,evidence,8540,58887dd13d1d21a62dfcb657e4996f27fdacb9c4c58612c89759f8097ebfcbd7
artifacts/evidence/mlp_summary.csv,evidence,412,38066a43031fda7e63f375b5f43967ff5b0b2a0bb98c73257d62741a5e4d4a54
artifacts/evidence/mlp_training_history.csv,evidence,1542,46d180cd56ef5aa61157f6edb13730561791a417ff5bc9cd86a262c0b8a2068e
artifacts/evidence/null_alignment_checks.json,evidence,571,fe5dc5b7289105684dacb7a16d7349bb1b02280d3fd2f0113ffcf1d5d02efbd3
artifacts/evidence/null_observed_fold_metrics.csv,evidence,727,156724f4eb2a9d1f9f7cedc4f6f9cffbf320824f71448fa9fcd05bb683edd8fc
artifacts/evidence/null_permutation_metrics.csv,evidence,12398,3e2a0c8625df5223ecf5770cf9dab4df68895188b88286420a7a8438de1bdd0b
artifacts/evidence/null_test_manifest.json,evidence,6992,4bf81c80598ad3db2987965d2651103513194842ab6daf88d489e8e85c345193
artifacts/evidence/null_test_summary.csv,evidence,1107,193a557d2ad97b13e7a4233f0c4819e9f429cae5ba64f86031eb18e09f066a8c
artifacts/evidence/null_time_shift_metrics.csv,evidence,5586,c4a123a019342dcba96a66f6ccbbd954436df8e978093c74070bde4aa5270b43
artifacts/evidence/oos_model_metrics.csv,evidence,1052,20b3b13b1d48514aa549e43c8ed5786c7cb57f03b6389b7baed98c09b9058525
artifacts/evidence/portfolio_cohort_metrics.csv,evidence,52876,e3bb42397960d07365dd5e7fb477d06a31b89d2a6344980d3605b9df97b379f7
artifacts/evidence/portfolio_model_comparison.csv,evidence,2134,ec6e063b62275cd6771b5ae76f59e00b0a177bfd1c03eff8e5ca979ea42e078b
artifacts/evidence/portfolio_run_manifest.json,evidence,6498,ba93c5bc82c508e036364e856d6b2a4d74016a89f369bceecbc71228a8586d98
artifacts/evidence/portfolio_summary.csv,evidence,6176,4756e473349339a54691b415f07307901d05be71b12eb7ab19f4f4a3c7c03d53
artifacts/evidence/rebalance_cadence_summary.csv,evidence,23242,18464bc56895be76e81573687fad379f864332248d440cc698bb972ecb6813fa
artifacts/evidence/rebalance_phase_map.csv,evidence,588,6d194ed16d8c54f4bcf62fbf62f4bade4e6417846691dabc67545fa334e6e402
artifacts/evidence/rebalance_phase_metrics.csv,evidence,168849,ac26f99e51d2607ea88eb6ed4588e731b5048ac43d434baf65e9f54257e6b13a
artifacts/evidence/rebalance_sensitivity_manifest.json,evidence,1854,c57ec1349c360d14524ae1125d06b4bd7e2df4e809906f5a67e819c698a93689
artifacts/evidence/regime_assignments.csv,evidence,4901214,076bc309641ae5bee797dd2a34d6a2dfad35bfc970db6e16fe8dbb2dc1609bfe
artifacts/evidence/regime_manifest.json,evidence,8709,20e6e36409add436cb94643a01a2216fbe85e28fd4dbd1aece9fe421c63383fb
artifacts/evidence/regime_model_summary.csv,evidence,4489,59b827c5e1a668fcc615d85404df93042343d91a3548db79d5977ad26a742b92
artifacts/evidence/regime_portfolio_metrics.csv,evidence,122052,75d65b9097a1944025af4d93a8cbdda5b945b29002e2a9601fea99bef3a10e51
artifacts/evidence/regime_prediction_metrics.csv,evidence,28461,adae0771f3535d07c26d107ac973f71effbf90aa00d924220d009d8b5de2e94b
artifacts/evidence/regime_thresholds.csv,evidence,859,ea8e91e7b7d179d6afa93d6132cfda716e7f42c1aa3075b7f979ad75ba46127a
artifacts/evidence/release_environment.json,evidence,351,70bc258ec00210a8a1bdc267a6332727d862298e84c4569885f9354cef2e6cf1
artifacts/evidence/release_report_rebuild.json,evidence,599,a3fe17931d62eba0c6cc9c16414d4b6856ea47978d54005818cba4d12f32615b
artifacts/evidence/report_key_findings.csv,evidence,1496,9746030c0ccc42107e1bd8ba7841da692f8a8bd454312fc71762b34b484d3594
artifacts/evidence/report_manifest.json,evidence,15605,d5e87f29cd81ea2026722935a770a006f689d42593b3a92ac3464f7bddace949
artifacts/evidence/report_source_inventory.csv,evidence,13095,95ef64b2feac6fbcecf7e7e01447cc3ff72259263f5c18f5070dfd2f36e35d40
artifacts/evidence/sequence_dataset_manifest.json,evidence,5161,37a78ee3747eb4b3abaa6096687ee12df666402b6217eb2d9bbc99629d96777d
artifacts/evidence/stability_fold_portfolio_metrics.csv,evidence,12908,4b4d15f36a56e07477b18700c94788cde136cefb7dc6cec6b7579d60c2978e95
artifacts/evidence/stability_fold_prediction_metrics.csv,evidence,2969,543a8ea8f411b2743963c252bd851fe425494cd372fd635977bf3b6d14a51503
artifacts/evidence/stability_manifest.json,evidence,8271,cea30514766c88c6bd88792c83cdd9b72a47c9e3d8c719d6cc2ce4c9c3b24abf
artifacts/evidence/stability_model_summary.csv,evidence,2759,71618f17424654e21df9264a2daee80f2c2b30c3a2b4c8d0357b2eb4eb51701d
artifacts/evidence/stability_month_portfolio_metrics.csv,evidence,26334,d29f47039226354a49b82aecbb41c475be2f075a0b68f2609627e66d56061282
artifacts/evidence/stability_month_prediction_metrics.csv,evidence,6094,af40134f11bfc5fb6c68cc1166dd25b17cc770f2c266815208521560c3ce96ca
artifacts/evidence/symbol_contribution_metrics.csv,evidence,25979,f158ac23db0bf9be27a911b963926c6f43838e8a4c75619868510fea68180819
artifacts/evidence/symbol_dependence_manifest.json,evidence,8462,7a599db47c6c4d2b6867affcc5a82693757cf09537bf27adcdb8a1bef7b4b3aa
artifacts/evidence/symbol_dependence_model_summary.csv,evidence,2379,fa196dca27c53ca8579b5677202f988e7e6e47fdac40ae4ccef20fbae5b45e89
artifacts/evidence/symbol_exclusion_portfolio_cohort_metrics.csv,evidence,451070,bcbcdb8713884ec825e401ff399096bf4a7bbda21ea517270c83d90714227abc
artifacts/evidence/symbol_exclusion_prediction_metrics.csv,evidence,25310,3f2273c1b7a0e477190c9dfb84133517d9dd30509970e847c78cc4a43f40e1a8
artifacts/evidence/symbol_exclusion_summary.csv,evidence,49224,e75cbca758a1fbcee1267a2c3b226b92d726c972f9e7bf3e624a51cfa8207b00
artifacts/evidence/tcn_fold_metrics.csv,evidence,949,28cced688c6e31b7b065d8a91b091018b6e4cb81a8e86be727b290df6cfd8a5c
artifacts/evidence/tcn_run_manifest.json,evidence,8954,38def9eb034adfc8aa3bec3a0cabfcc6473751d2efeec9293eacc5fe83f1e5fe
artifacts/evidence/tcn_summary.csv,evidence,416,1d021fe29e5a875eab42faa66193462a213781014cc1d2038437109ee56121fd
artifacts/evidence/tcn_training_history.csv,evidence,945,b8ee40064417353ae79bdff4f7b9843d74167524e0ccab016d0bccae9c7f47e6
artifacts/evidence/transformer_fold_metrics.csv,evidence,1001,649864260a3f723c586cc472b9142f71ce127b14cbd98543115f64dc3f10e9d8
artifacts/evidence/transformer_run_manifest.json,evidence,9181,09fb166c28d7b4badedbc82404b9c6be938300272d840aeacf225623b051db07
artifacts/evidence/transformer_summary.csv,evidence,427,9454f81673d9e191acf0e9edbb8b91c7da1ae45d354acdf689bf25c2c9cf1c92
artifacts/evidence/transformer_training_history.csv,evidence,1116,5eabb3c443a9f200169cded4b849bf6d96e30fab444db12bed19ee2a2164e4ce
artifacts/reports/deep_temporal_alpha_research_report.html,report,37911,585df7f57e3789eb62fb5a9f5e52bbf4345c7518fc58ba454ec966d48fa097d6
configs/ablations.yaml,configuration,1525,05738ed587654b681df9f3e64eb899e30b55a478dd1b396ad59d0d46f58f863d
configs/alignment_audit.yaml,configuration,375,fbc16b8ac60a217b28216cd9f5aa187d8e5130f238e92f578f78ba6aae218a22
configs/baselines.yaml,configuration,490,e2d1fd4cb79140a17d86061e2baa0f703e57b46f1c1e3b4f7fe0ebdbd285d5bc
configs/bootstrap.yaml,configuration,743,daa1d0b53b30c5920fccb3d1e9ea6602f26696d45409a098c105ac2b2168b8e6
configs/breadth_sensitivity.yaml,configuration,575,c97deeebbedc7feb7eda34cdc11ce360d36771fc502a53cb4385dadeab815662
configs/break_even.yaml,configuration,468,5a03d3bece86991f593d52f92ae0526bc6da6274f1bdc9c6d175c82d10ff76cd
configs/data.yaml,configuration,590,d50f95fb26ba7a1cb66cfb6f80b7463736ada8f000ef4d152c0907a9da544ab1
configs/evaluation.yaml,configuration,653,c689e74f6bdba0b35b45ee2084652bfc9afa9b53e4499b98308353164ae1a242
configs/horizon_sensitivity.yaml,configuration,616,be070311ca42d2393990567e68ca1e3b1047c43657ed3eef6d78a91e92ed68a0
configs/neural.yaml,configuration,1475,511f8b0a74c1c0ade8dfbac2d80a99dcc07e0e24a6c8edc7f15a20cc8c0afa8f
configs/null_tests.yaml,configuration,327,9c480e1a37a060cf8986c0714cd8e796a7a71c671d46aaf2edd25f58a9bd7f0b
configs/rebalance_sensitivity.yaml,configuration,453,1e1316176a50d22d56d585ed90337e67358870e4e3ace38821207e2f2991798e
configs/regimes.yaml,configuration,672,3ca3027b96ea3df9fce17b40cbe4fcea8cac501b45268acdd6f8f9a841f086c1
configs/release_audit.yaml,configuration,1633,d471617896a2085488312308a5b29697c8a3c8aba12702ebf69e0b252c2610d4
configs/report.yaml,configuration,1377,ffaf1f8309dab39477edd94664857b52e97fe04343c4cd404633370c60ee5fba
configs/research.yaml,configuration,674,8fcc869ee0e6921f75ec1cbfc03f2744f62cafffba268641678479dd3aad1888
configs/stability.yaml,configuration,531,c6a9923444a3116e62f7c98e8c722fa540d98ab587b517cde67f2601cfb46768
configs/symbol_dependence.yaml,configuration,608,eb5c4629e5fe17a225e89fd148e4e0d126cc11561a60ac883819fd2c6103d872
data/manifests/download_manifest.json,repository,166021,8e9d0eb00efd9646fa1c0af9ddf2620ba6b4d550ee64a3a760edb7e05a70bf08
data/manifests/normalized_manifest.json,repository,33962,49109c3396e0cdaae20a633b3f5b809d331a7358fdde94071fcb0da4795e764a
data/manifests/research_dataset_manifest.json,repository,2704,d28aef2d0b7004dff4064023268d62cc72ce09b0cc04598b9f5c5e7afae0246f
docs/ablation_protocol.md,documentation,3273,a3d21d1f4750bcb716839fac64c79b62beaa5fd1be7cfcbf8ac0cae1b28d9e97
docs/alignment_audit_protocol.md,documentation,1873,57a1b47b6cde7f9d1089e16ee7dc313dd6847298cc2ecd0d025e49d4155a6fa3
docs/baseline_protocol.md,documentation,1225,b3fd70ff18aba84b99fe957b61bf289f534d60bf80e1506489e2a45801001367
docs/bootstrap_protocol.md,documentation,3442,9b58fb088db90aa667e21116b3807ea0f25af9e33dd0eca5f5f1180364ee2344
docs/breadth_sensitivity_protocol.md,documentation,2111,bfc56478a1ae65c844a4e039a6a26197cdfb02d6105587b467eb68863991f49d
docs/break_even_cost_protocol.md,documentation,2248,a93c3c290f21eeb0dc37427c50d2be19e20477078931bf87374054aca9ac16cb
docs/data_contract.md,documentation,1691,94a87c5ce1a8c679b5700829cea93e45c9a91b7558ffbac2f3c2f7a6789b528c
docs/horizon_sensitivity_protocol.md,documentation,2730,145fd418a532bef94676eac1c62305b97ff2630fb2ff9c9c3e7a6f15b0f4e374
docs/mlp_protocol.md,documentation,1545,5b72b8d44bce37192dd6f8e7cd392be624bb7c7fd9525391fe72e6bef431d839
docs/null_test_protocol.md,documentation,2367,7afb09b3f9ec7588cbb899c905ad8452fe75bc7267bd17e6b27f447c0d428af7
docs/portfolio_protocol.md,documentation,2532,6784fc3d50cd2d50faa0758db6de1ba433d3d2d5bdacfb2ad411e304efccf8ae
docs/rebalance_sensitivity_protocol.md,documentation,2202,d285b287192394532f4d34e51da47c0b1a9755e502066ace3b2b745676802eb3
docs/regime_protocol.md,documentation,2831,f06adb86d04cce3e6128b8dbf6b8a0a0a84505733740c16494833af6b69a5b5b
docs/report_protocol.md,documentation,2260,e8322fd894c549c30a1c7b693ec773bb5e147518e1b6aadb45fa34f082533e4d
docs/reproducibility_release_audit.md,documentation,4097,bdf8edd1add3bf8eaeb6fd29bbeb1f4806d8cf89e15dac22bb2d7e729769f143
docs/research_contract.md,documentation,2515,592bac690ce6c3c2e63e1cab8d9659bb9c2f70fec1d4dfe000be53164a228430
docs/sequence_protocol.md,documentation,1748,ffde547cdfab4d485963f7fbc42e5206981618ab320c4cd0da8c3999ad336691
docs/stability_protocol.md,documentation,2787,d4539a6cdba1a6e2320cc21e5aa1b9809d8000e155f09d6386c497098b9e2473
docs/symbol_dependence_protocol.md,documentation,2525,dd58b1eb8e88f9ea4e54a50fad1c11e5eec362eb9d0a7ece34f92bbad835fc21
docs/tcn_protocol.md,documentation,2074,5a23c9675be2587c97defc9e1ed99d525435ac7b166d2c369072ba9a5dd1836d
docs/transformer_protocol.md,documentation,2033,98b6344a514ec6257b40f983e9c98777413c3196b5cdf71de681e2d390e30345
pyproject.toml,repository,508,0a059ad9f39fc0fb8c607c78e732a4ac5fd8f4e027271f5138d3b7ac715d0bd0
requirements.lock.txt,repository,2040,30bcd26b4e931f37be2bcb35f2b7b703f94bc641b0b2660aee282b5dac9e1ccc
requirements.txt,repository,274,974c7087497883821e9b9b24dfa02dc5d50208ea345b5835421303da3f267170
scripts/analyze_bootstrap_uncertainty.py,script,35137,4b665200283632dd1487bfa0c757f9aa9fbcabb7926188e1af4c07ab56855fbe
scripts/analyze_break_even_costs.py,script,9914,633d76e144f28c30f37c473e7cb59d7b81f87b1a8995c5d623f120086303e0b5
scripts/analyze_horizon_sensitivity.py,script,27774,f3c1f027415bc46fa2588ac06cb41a1b7b8067744db8a8f992ecedd05612db01
scripts/analyze_market_regimes.py,script,31469,6a55a61ec7d6b5209d38e2a5d86ffed2c087896c87e689db108ebd501389d05b
scripts/analyze_model_feature_ablations.py,script,49601,2ed0160245b10e89b241ddb45a760e855cd484a73a4bb72852a37556db14d692
scripts/analyze_portfolio_breadth.py,script,19328,8d3d4653ebe073ba045713823a4341ecd1b5802f5fc5eb7b6758e39956e36d2e
scripts/analyze_rebalance_sensitivity.py,script,11488,c97c0e94092c31dc0df549fed3c97d9ef409357075342c5fd271627fbf542c2e
scripts/analyze_symbol_dependence.py,script,27582,aef8c2f1b0c3542f2529a4a135c7feac12ca200ffebad63fd229ee74e88efdce
scripts/analyze_temporal_stability.py,script,30203,42b3109010ce34eaa520224454106bbf59dbf9ddfda5b96e1da069f796698045
scripts/audit_label_execution_alignment.py,script,24234,ecd3f05991c57f94dbb126b0d705c8a1e57013faec2b8424b625f43ec4c94909
scripts/audit_reproducibility_release.py,script,16625,f49cd1e9feb6174e77e9b82c43d07ac6721d80fbe68d53fc39de129315f57d84
scripts/audit_sequence_dataset.py,script,5363,09140fe08fe160cfeda116e9f4f1270110f62af7b1a37287a79a94492b9634c6
scripts/build_research_dataset.py,script,5629,4002ac327c277ab65d00eba859f0bfe7973bb851122be9e7526201d20987520c
scripts/build_research_report.py,script,6831,3835df58be6ec0e25432e11fcdb9970f516165c318cef43e04959901d868f0a9
scripts/download_data.py,script,1229,a59e4e1cdb8ac28e7de047ba04e6c0032e40b987ff5746614da28f5c6dd9eacc
scripts/evaluate_portfolios.py,script,15219,f6a960a7b2c887eca163618c5606212b885e04888fe738750500c0aa472c5134
scripts/normalize_data.py,script,1063,b7d2368c988bd120cfd6b9359750a43fe1ba7888e58ff915306d0e188da26abf
scripts/run_baselines.py,script,16836,668f6d64821797a5be6071ad4592378404c6c744d70ae942efeebab18f50808a
scripts/run_mlp.py,script,21557,9574a7e0e3f3212fbcba4c2a6b88947569664a69ed4db0025b1edea76ef77efd
scripts/run_null_tests.py,script,21435,e153e2403abd5a3826c1b7105b6f12d85cfd3143caf82d9a5922d3685c48e4f7
scripts/run_tcn.py,script,29918,24ec7c334045c869cc969e9aa0a600db23681fbc4682e7daf5155f4fa00f45a9
scripts/run_transformer.py,script,25295,045fb366592f4105c71a64f23977aa4e09ee06da8a45d4ee990ae3efbdac075f
src/deep_alpha/__init__.py,source,0,e3b0c44298fc1c149afbf4c8996fb92427ae41e4649b934ca495991b7852b855
src/deep_alpha/config.py,source,510,e3ac1d716f272a7f66f0180e5bcfcd61c45faf3990f5f16796bdd89f05199a5a
src/deep_alpha/data/__init__.py,source,0,e3b0c44298fc1c149afbf4c8996fb92427ae41e4649b934ca495991b7852b855
src/deep_alpha/data/download.py,source,9819,5b60147ada61a1f8f32f21fbe7444541dc7911cd1a76efe12b8b9a869eb219bb
src/deep_alpha/data/features.py,source,7521,7dc3d1fb40166afcc373ba5d28a7833cc29e0050be28581f7878c53090f866f4
src/deep_alpha/data/normalize.py,source,11479,2527605907de374c0122ac54f5f06c8bfa79d5a590391918a1a6d7d053d327db
src/deep_alpha/data/scaling.py,source,2257,af75853f16e0a723641205c714be55f7328d9c011b69a6b9de30f3526c0bc12a
src/deep_alpha/data/sequences.py,source,10593,7ad4d7f73d598b2509bb0b4e2b07b70bf0cbb39db1c16809a102e13732920034
src/deep_alpha/data/splits.py,source,4087,c561d4fb133fa92708edd633703cd60592e7525aefda0b5ab61ee0356ef7c9c2
src/deep_alpha/evaluation/__init__.py,source,0,e3b0c44298fc1c149afbf4c8996fb92427ae41e4649b934ca495991b7852b855
src/deep_alpha/evaluation/ablations.py,source,10636,56ab55d4231c40e831345088e9f7b2b83a4f91ab6e97b0fc5c09f1609c642320
src/deep_alpha/evaluation/alignment.py,source,6635,af7b8861e9d2216d859069a3d4417492fa704b3d46f8f9d53fb593fe1ce5c84c
src/deep_alpha/evaluation/bootstrap.py,source,17747,5928530a3c69e5ff85e4b2a318b56e7ecaf0697c22d1a5b44800c565a1e6ab32
src/deep_alpha/evaluation/breadth.py,source,15842,3b6411b9d55391357cc8e5d6e4b3a0596c1d4d28e0f108012e713abb677ecf1c
src/deep_alpha/evaluation/costs.py,source,13831,8bd2a022cdb670f353b34fd9eafdd3e652eb702e4593914b2e1e1694f375a05e
src/deep_alpha/evaluation/horizons.py,source,14743,2a03f25dab8499753a8708554e7aecdf1495bc063eb605223c2e0e2b6e5c9195
src/deep_alpha/evaluation/metrics.py,source,3419,ee56638638530f0b471ae5dc8c649281fb898b440c0b0c227fd344c115dbab52
src/deep_alpha/evaluation/nulls.py,source,7661,42d4bdea5e015e6dd8e4d2d5c698e53e3ac71ce721f19714b5f4e0e46c056e70
src/deep_alpha/evaluation/portfolio.py,source,12097,5a129c753ea48ce35ee52f68b4400ecd3501c85fc3aa35023cda16b25b727f34
src/deep_alpha/evaluation/rebalance.py,source,18353,d0a0abe881892147b665412d4b4ca39bc20ea126456c660b177e69f3a174fc0c
src/deep_alpha/evaluation/regimes.py,source,21311,91f94b126d6e7f876e69afd948e0a94b889052897e55a7e515e4ae3fe5c03693
src/deep_alpha/evaluation/release_audit.py,source,12815,bfb52f7b0850539176cbc257484c893cbcb4c3f0ccf01937d2aef9c6cf1b17f2
src/deep_alpha/evaluation/stability.py,source,16283,f4eea3529afc13497596d9117b5e673e999dcd23208a764f33805964c33205b7
src/deep_alpha/evaluation/symbols.py,source,16855,a6642bfa9f245dd87abe40bee3c64bc38505485348bce0a189742c2c30cfcbc2
src/deep_alpha/models/__init__.py,source,0,e3b0c44298fc1c149afbf4c8996fb92427ae41e4649b934ca495991b7852b855
src/deep_alpha/models/baselines.py,source,1548,05665c3fd4a7fd26b135e319db66a622c8ed05f76e7a91f77e1b10a3c06789de
src/deep_alpha/models/mlp.py,source,1475,40f36403eed5e8625ad7d4c869680f19fae883075a7951ab578eb1155e382927
src/deep_alpha/models/tcn.py,source,6292,4a1d24b15e69810e1f11c0bd031c97aac7d58954ea748872398b5faf46d08602
src/deep_alpha/models/transformer.py,source,4914,64e8115ddb115387b0fb66204dd4d68b70556f71847778d5604a61cdf7a14b13
src/deep_alpha/reporting/__init__.py,source,48,6e4e4285270f985ebd47ed522c72238df750026fae798451995475dd0876d04d
src/deep_alpha/reporting/research_report.py,source,36363,7420d3731478a95d0ecdd79e261f8d925466636528567d51eb0b87b281cd4add
src/deep_alpha/training/__init__.py,source,0,e3b0c44298fc1c149afbf4c8996fb92427ae41e4649b934ca495991b7852b855
src/deep_alpha/training/engine.py,source,2658,b90816a65ef04a0e0f2b7c3fd8c8260f2d5f41eeed4ff59e02b613ec43000261
src/deep_alpha/training/sequence_engine.py,source,6447,d9e6991204a737cefdc247a8a234d63efa3031bbd323f5fc3ee7438e530cbf3b
src/deep_alpha/training/sequence_research.py,source,6710,5619e1537a71a52aa91d14d5b0a7c51d428dd0888336be18507559a1afb0b5aa
tests/test_ablations.py,test,4617,347325034374e764173fc49132742912e4d916d64387916bee7c40a551987677
tests/test_alignment.py,test,3909,3b50906b8d07ec19b5ab3bd03d276e0c20756ff7983ee0d23f32580a64afab52
tests/test_baselines.py,test,2728,aff9e76e9deca8b67d3e333cad24339ea62c3e529a9714241a13a9dfc30dc407
tests/test_bootstrap.py,test,5337,3269d3d99faf19ab8fd67dfde8bdcaba6092dbbf4771881c1599d7723d6f2d0f
tests/test_breadth.py,test,5079,4692b73fefa5e976b916bdf695b08e007373e774667db4d2209019dead5d94ea
tests/test_config.py,test,318,f4219036cd40ba84ffd7b35c991a17d9130c8bc45568b0b50948c859aec8e45a
tests/test_costs.py,test,3499,d2b94e68ef5b9f37097aa8f28181be27f34b7e90bb845840ceee417a28ec6c06
tests/test_download.py,test,2133,a4716b0e90e380a2de9753f963585da649a3d83a5dbe648a989cee85dd318347
tests/test_features.py,test,4159,96a217ac72b53ac6fcf745e7020d34ba6bcb4b04815868a547a19394316870d4
tests/test_horizons.py,test,5115,f6570ed82a6434d422a17afc223e1906dee14823ec939634699f04e196c12764
tests/test_metrics.py,test,1599,a64faf5109ad1a160d15277e123e706d2412220e0acc3619f715c629f73c7ac2
tests/test_mlp.py,test,2171,bd1a008e4dc23be27227d377c1b847abae64ed486d7008b1368f755dfc5f90c7
tests/test_normalize.py,test,3266,0a6068ecb7937aeb8335d2c045ccd4c7db5e4f523bcb3fe82a2e51c8341890fa
tests/test_nulls.py,test,4094,330498d08cc5dabd0c424862370e2681444d950356b5534b8a4b72035ae91056
tests/test_portfolio.py,test,3343,a1ef499676a83fe3791a9fc3624c33ae892129c0c21800d649a846b358561630
tests/test_rebalance.py,test,4618,b6aaa1694bc2229765c85b8e8f3596931eac8ef152dabca59828e744c53b75cc
tests/test_regimes.py,test,7104,c1d9754e084de4c0a69645c52f55c13fdf85eb19318a36baefea01fff07938a0
tests/test_release_audit.py,test,6428,04a702f010ea19007ac6b843bb583df9f1f87422e8d828c5e3cc06fb82dd3255
tests/test_research_report.py,test,9625,e45f067701b9698a48d1d4763be6ffac3cbaffb4bc5f7ad5ccd18a20af4cc82d
tests/test_scaling.py,test,1010,4a54cdc2604f0188e9447c0e222acabe603222f9988a1767fd0bebbd224ba8c4
tests/test_sequence_engine.py,test,2597,47a33c3a679c689b96d7e81745901684865c790b5259a0e4ae96c61565ce4477
tests/test_sequences.py,test,5308,d0b0f95403c27ceb83bafac69d45788f184282aca7c3a0c940284987dd765c13
tests/test_smoke.py,test,546,25302cbe0e3e5294380ae0693b59392dd23209d78e0860359f9be66a3743f054
tests/test_splits.py,test,2698,e4eb81c5a30a875377c7bd7038bf98d606d79be6d4ba086e7b92620f1a730194
tests/test_stability.py,test,7591,368b15f3bedf5e70c0c92459b89743ab8eeaefe66ef18326bc653fb56eb473b3
tests/test_symbols.py,test,6390,1efe7e81e7b2524727d385b5c4fc4bf85967e74d3f94b2a3b5878c2c39ebbc84
tests/test_tcn.py,test,1436,0fb327ec7b15f9b3cc6f3c1552fba89025a74fcf5326e398836af729f24b3f2a
tests/test_transformer.py,test,1994,c2525f0a247e43e00f3fdc7347643e685b52591191388b4efd5502e8354db9d6
