model,fold,month,cost_bps,period_count,cohort_count,total_gross_log_return,total_turnover,mean_turnover,break_even_cost_bps,pooled_gross_mean_return,pooled_net_mean_return,equal_weighted_net_mean_return,pooled_annualized_net_return,equal_weighted_annualized_net_return,worst_cohort_annualized_net_return,best_cohort_annualized_net_return,positive_cohort_fraction
lightgbm,1,2026-01,0,8928,12,-0.00334114794394,4473.75,0.501092069892,-0.00746833851676,-3.74232520602e-07,-3.74232520602e-07,-3.74232520602e-07,-0.00327827688047,-0.00327827688047,-0.712852332667,0.534736385347,0.416666666667
lightgbm,1,2026-01,0.5,8928,12,-0.00334114794394,4473.75,0.501092069892,-0.00746833851676,-3.74232520602e-07,-2.54288360152e-05,-2.54288360152e-05,-0.222756603493,-0.222756603493,-0.931410800409,0.318827111153,0.25
lightgbm,1,2026-01,1,8928,12,-0.00334114794394,4473.75,0.501092069892,-0.00746833851676,-3.74232520602e-07,-5.04834395098e-05,-5.04834395098e-05,-0.442234930106,-0.442234930106,-1.14996926815,0.102917836959,0.0833333333333
lightgbm,1,2026-02,0,8052,12,-0.754893276631,4971.5,0.617424242424,-1.51844167079,-9.3752269825e-05,-9.3752269825e-05,-9.3752269825e-05,-0.821269883667,-0.821269883667,-1.39701481579,-0.324668097739,0
lightgbm,1,2026-02,0.5,8052,12,-0.754893276631,4971.5,0.617424242424,-1.51844167079,-9.3752269825e-05,-0.000124623481946,-0.000124623481946,-1.09170170185,-1.09170170185,-1.67166235677,-0.593604014281,0
lightgbm,1,2026-02,1,8052,12,-0.754893276631,4971.5,0.617424242424,-1.51844167079,-9.3752269825e-05,-0.000155494694067,-0.000155494694067,-1.36213352003,-1.36213352003,-1.94630989776,-0.862539930824,0
lightgbm,2,2026-03,0,8928,12,1.01359592483,3345,0.374663978495,3.03018213701,0.000113530009502,0.000113530009502,0.000113530009502,0.994522883235,0.994522883235,0.420507303392,1.54169299878,1
lightgbm,2,2026-03,0.5,8928,12,1.01359592483,3345,0.374663978495,3.03018213701,0.000113530009502,9.4796810577e-05,9.4796810577e-05,0.830420060655,0.830420060655,0.256993190488,1.37979783749,1
lightgbm,2,2026-03,1,8928,12,1.01359592483,3345,0.374663978495,3.03018213701,0.000113530009502,7.60636116523e-05,7.60636116523e-05,0.666317238074,0.666317238074,0.0934790775853,1.2179026762,1
lightgbm,2,2026-04,0,8628,12,-0.798956121835,1953.75,0.226442976356,-4.08934675283,-9.26003850063e-05,-9.26003850063e-05,-9.26003850063e-05,-0.811179372655,-0.811179372655,-1.01143802778,-0.536780371173,0
lightgbm,2,2026-04,0.5,8628,12,-0.798956121835,1953.75,0.226442976356,-4.08934675283,-9.26003850063e-05,-0.000103922533824,-0.000103922533824,-0.910361396299,-0.910361396299,-1.10540395267,-0.635772026249,0
lightgbm,2,2026-04,1,8628,12,-0.798956121835,1953.75,0.226442976356,-4.08934675283,-9.26003850063e-05,-0.000115244682642,-0.000115244682642,-1.00954341994,-1.00954341994,-1.19936987757,-0.734763681326,0
lightgbm,3,2026-05,0,8928,12,-0.778251919946,806.5,0.090333781362,-9.64974482264,-8.71697939007e-05,-8.71697939007e-05,-8.71697939007e-05,-0.76360739457,-0.76360739457,-1.24045792291,-0.252219555878,0
lightgbm,3,2026-05,0.5,8928,12,-0.778251919946,806.5,0.090333781362,-9.64974482264,-8.71697939007e-05,-9.16864829688e-05,-9.16864829688e-05,-0.803173590807,-0.803173590807,-1.28152042291,-0.290191330071,0
lightgbm,3,2026-05,1,8928,12,-0.778251919946,806.5,0.090333781362,-9.64974482264,-8.71697939007e-05,-9.62031720369e-05,-9.62031720369e-05,-0.842739787043,-0.842739787043,-1.32258292291,-0.328163104265,0
lightgbm,3,2026-06,0,8628,12,2.04746237423,1903.75,0.220647890589,10.7548910006,0.000237304401279,0.000237304401279,0.000237304401279,2.0787865552,2.0787865552,1.39488346411,2.68373492523,1
lightgbm,3,2026-06,0.5,8628,12,2.04746237423,1903.75,0.220647890589,10.7548910006,0.000237304401279,0.000226272006749,0.000226272006749,1.98214277912,1.98214277912,1.30259278261,2.58093589881,1
lightgbm,3,2026-06,1,8628,12,2.04746237423,1903.75,0.220647890589,10.7548910006,0.000237304401279,0.00021523961222,0.00021523961222,1.88549900304,1.88549900304,1.21030210111,2.47813687238,1
mlp,1,2026-01,0,8928,12,0.608217630409,13330,1.49305555556,0.456277292129,6.81247345888e-05,6.81247345888e-05,6.81247345888e-05,0.596772674998,0.596772674998,-0.406352484946,1.69650466795,0.833333333333
mlp,1,2026-01,0.5,8928,12,0.608217630409,13330,1.49305555556,0.456277292129,6.81247345888e-05,-6.528043189e-06,-6.528043189e-06,-0.0571856583357,-0.0571856583357,-1.05878998495,1.04391999053,0.5
mlp,1,2026-01,1,8928,12,0.608217630409,13330,1.49305555556,0.456277292129,6.81247345888e-05,-8.11808209668e-05,-8.11808209668e-05,-0.711143991669,-0.711143991669,-1.71122748495,0.39133531311,0.0833333333333
mlp,1,2026-02,0,8052,12,-0.161048099714,12178.5,1.51248137109,-0.132239684455,-2.00010059257e-05,-2.00010059257e-05,-2.00010059257e-05,-0.175208811909,-0.175208811909,-1.41988313634,0.426647673889,0.416666666667
mlp,1,2026-02,0.5,8052,12,-0.161048099714,12178.5,1.51248137109,-0.132239684455,-2.00010059257e-05,-9.56250744801e-05,-9.56250744801e-05,-0.837675652446,-0.837675652446,-2.08079967881,-0.236390329092,0
mlp,1,2026-02,1,8052,12,-0.161048099714,12178.5,1.51248137109,-0.132239684455,-2.00010059257e-05,-0.000171249143035,-0.000171249143035,-1.50014249298,-1.50014249298,-2.74171622128,-0.899428332073,0
mlp,2,2026-03,0,8928,12,0.947832927211,13276.5,1.48706317204,0.713917769902,0.000106164082349,0.000106164082349,0.000106164082349,0.929997361376,0.929997361376,0.147276370364,2.34419165777,1
mlp,2,2026-03,0.5,8928,12,0.947832927211,13276.5,1.48706317204,0.713917769902,0.000106164082349,3.18109237467e-05,3.18109237467e-05,0.278663692021,0.278663692021,-0.510165161894,1.68807472229,0.666666666667
mlp,2,2026-03,1,8928,12,0.947832927211,13276.5,1.48706317204,0.713917769902,0.000106164082349,-4.25422348554e-05,-4.25422348554e-05,-0.372669977334,-0.372669977334,-1.16760669415,1.0319577868,0.25
mlp,2,2026-04,0,8628,12,0.239131269764,12742.75,1.47690658322,0.187660646065,2.77157243584e-05,2.77157243584e-05,2.77157243584e-05,0.242789745379,0.242789745379,-0.294523952201,1.06836810273,0.916666666667
mlp,2,2026-04,0.5,8628,12,0.239131269764,12742.75,1.47690658322,0.187660646065,2.77157243584e-05,-4.61296048025e-05,-4.61296048025e-05,-0.40409533807,-0.40409533807,-0.939340363884,0.421267268241,0.0833333333333
mlp,2,2026-04,1,8628,12,0.239131269764,12742.75,1.47690658322,0.187660646065,2.77157243584e-05,-0.000119974933963,-0.000119974933963,-1.05098042152,-1.05098042152,-1.58415677557,-0.225833566252,0
mlp,3,2026-05,0,8928,12,-0.792737829932,13126,1.47020609319,-0.603944712732,-8.87923196609e-05,-8.87923196609e-05,-8.87923196609e-05,-0.777820720229,-0.777820720229,-1.3609340704,0.0820061729236,0.0833333333333
mlp,3,2026-05,0.5,8928,12,-0.792737829932,13126,1.47020609319,-0.603944712732,-8.87923196609e-05,-0.00016230262432,-0.00016230262432,-1.42177098905,-1.42177098905,-1.9958574575,-0.554388988367,0
mlp,3,2026-05,1,8928,12,-0.792737829932,13126,1.47020609319,-0.603944712732,-8.87923196609e-05,-0.00023581292898,-0.00023581292898,-2.06572125786,-2.06572125786,-2.6307808446,-1.19078414966,0
mlp,3,2026-06,0,8628,12,-0.433342720304,12765.25,1.47951437181,-0.339470609901,-5.02251646157e-05,-5.02251646157e-05,-5.02251646157e-05,-0.439972442033,-0.439972442033,-1.15416754775,0.724708789851,0.25
mlp,3,2026-06,0.5,8628,12,-0.433342720304,12765.25,1.47951437181,-0.339470609901,-5.02251646157e-05,-0.000124200883206,-0.000124200883206,-1.08799973689,-1.08799973689,-1.81649786764,0.074714353133,0.0833333333333
mlp,3,2026-06,1,8628,12,-0.433342720304,12765.25,1.47951437181,-0.339470609901,-5.02251646157e-05,-0.000198176601797,-0.000198176601797,-1.73602703174,-1.73602703174,-2.47882818753,-0.575280083585,0
momentum_12,1,2026-01,0,8928,12,-0.734559834383,14090.75,1.57826500896,-0.521306413344,-8.22759671127e-05,-8.22759671127e-05,-8.22759671127e-05,-0.720737471908,-0.720737471908,-1.44943038334,0.220114395747,0.0833333333333
momentum_12,1,2026-01,0.5,8928,12,-0.734559834383,14090.75,1.57826500896,-0.521306413344,-8.22759671127e-05,-0.000161189217561,-0.000161189217561,-1.41201754583,-1.41201754583,-2.1419001414,-0.471030765543,0
momentum_12,1,2026-01,1,8928,12,-0.734559834383,14090.75,1.57826500896,-0.521306413344,-8.22759671127e-05,-0.000240102468009,-0.000240102468009,-2.10329761976,-2.10329761976,-2.83436989947,-1.16217592683,0
momentum_12,1,2026-02,0,8052,12,-0.360297857991,12552,1.55886736215,-0.287044182593,-4.47463807738e-05,-4.47463807738e-05,-4.47463807738e-05,-0.391978295578,-0.391978295578,-1.11967248492,1.1411786493,0.166666666667
momentum_12,1,2026-02,0.5,8052,12,-0.360297857991,12552,1.55886736215,-0.287044182593,-4.47463807738e-05,-0.000122689748881,-0.000122689748881,-1.0747622002,-1.0747622002,-1.802130011,0.473244968228,0.0833333333333
momentum_12,1,2026-02,1,8052,12,-0.360297857991,12552,1.55886736215,-0.287044182593,-4.47463807738e-05,-0.000200633116988,-0.000200633116988,-1.75754610482,-1.75754610482,-2.48458753708,-0.194688712845,0
momentum_12,2,2026-03,0,8928,12,-1.55491453727,14095.25,1.57876904122,-1.1031478954,-0.000174161574515,-0.000174161574515,-0.000174161574515,-1.52565539275,-1.52565539275,-2.27407664858,-0.68133219677,0
momentum_12,2,2026-03,0.5,8928,12,-1.55491453727,14095.25,1.57876904122,-1.1031478954,-0.000174161574515,-0.000253100026576,-0.000253100026576,-2.2171562328,-2.2171562328,-2.967723826,-1.36659026129,0
momentum_12,2,2026-03,1,8928,12,-1.55491453727,14095.25,1.57876904122,-1.1031478954,-0.000174161574515,-0.000332038478637,-0.000332038478637,-2.90865707286,-2.90865707286,-3.66137100342,-2.0518483258,0
momentum_12,2,2026-04,0,8628,12,-1.02975130617,13555,1.57104775151,-0.759683737494,-0.000119349942765,-0.000119349942765,-0.000119349942765,-1.04550549862,-1.04550549862,-1.88614138323,-0.54361009662,0
momentum_12,2,2026-04,0.5,8628,12,-1.02975130617,13555,1.57104775151,-0.759683737494,-0.000119349942765,-0.00019790233034,-0.00019790233034,-1.73362441378,-1.73362441378,-2.57908296876,-1.23000300343,0
momentum_12,2,2026-04,1,8628,12,-1.02975130617,13555,1.57104775151,-0.759683737494,-0.000119349942765,-0.000276454717915,-0.000276454717915,-2.42174332894,-2.42174332894,-3.2720245543,-1.91639591025,0
momentum_12,3,2026-05,0,8928,12,-0.0643734977233,13631.75,1.52685371864,-0.0472232088494,-7.21029320377e-06,-7.21029320377e-06,-7.21029320377e-06,-0.063162168465,-0.063162168465,-1.50760037614,1.03445752594,0.416666666667
momentum_12,3,2026-05,0.5,8928,12,-0.0643734977233,13631.75,1.52685371864,-0.0472232088494,-7.21029320377e-06,-8.35529791357e-05,-8.35529791357e-05,-0.731924097228,-0.731924097228,-2.18741287614,0.370687364645,0.166666666667
momentum_12,3,2026-05,1,8928,12,-0.0643734977233,13631.75,1.52685371864,-0.0472232088494,-7.21029320377e-06,-0.000159895665068,-0.000159895665068,-1.40068602599,-1.40068602599,-2.86722537614,-0.293082796645,0
momentum_12,3,2026-06,0,8628,12,-1.15059272328,13231.5,1.53355354659,-0.869586005576,-0.000133355670292,-0.000133355670292,-0.000133355670292,-1.16819567176,-1.16819567176,-1.86809345311,-0.7369899343,0
momentum_12,3,2026-06,0.5,8628,12,-1.15059272328,13231.5,1.53355354659,-0.869586005576,-0.000133355670292,-0.000210033347621,-0.000210033347621,-1.83989212516,-1.83989212516,-2.54184588704,-1.40449827922,0
momentum_12,3,2026-06,1,8628,12,-1.15059272328,13231.5,1.53355354659,-0.869586005576,-0.000133355670292,-0.000286711024951,-0.000286711024951,-2.51158857857,-2.51158857857,-3.21559832098,-2.07200662415,0
reversal_12,1,2026-01,0,8928,12,0.727351508934,14088.5,1.57801299283,0.516273207889,8.14685829899e-05,8.14685829899e-05,8.14685829899e-05,0.713664786992,0.713664786992,-0.19676815533,1.46709527827,0.916666666667
reversal_12,1,2026-01,0.5,8928,12,0.727351508934,14088.5,1.57801299283,0.516273207889,8.14685829899e-05,2.56793334834e-06,2.56793334834e-06,0.0224950961314,0.0224950961314,-0.887913316621,0.774772697625,0.666666666667
reversal_12,1,2026-01,1,8928,12,0.727351508934,14088.5,1.57801299283,0.516273207889,8.14685829899e-05,-7.63327162932e-05,-7.63327162932e-05,-0.668674594729,-0.668674594729,-1.57905847791,0.0824501169797,0.0833333333333
reversal_12,1,2026-02,0,8052,12,0.352161834207,12551.5,1.55880526577,0.280573504527,4.37359456292e-05,4.37359456292e-05,4.37359456292e-05,0.383126883712,0.383126883712,-1.12719386879,1.07380569266,0.833333333333
reversal_12,1,2026-02,0.5,8052,12,0.352161834207,12551.5,1.55880526577,0.280573504527,4.37359456292e-05,-3.42043176594e-05,-3.42043176594e-05,-0.299629822696,-0.299629822696,-1.79447479278,0.391511355844,0.5
reversal_12,1,2026-02,1,8052,12,0.352161834207,12551.5,1.55880526577,0.280573504527,4.37359456292e-05,-0.000112144580948,-0.000112144580948,-0.982386529105,-0.982386529105,-2.46175571678,-0.290782980966,0
reversal_12,2,2026-03,0,8928,12,1.55570540677,14093.5,1.57857302867,1.10384603311,0.000174250157568,0.000174250157568,0.000174250157568,1.5264313803,1.5264313803,0.704546565833,2.25959545272,1
reversal_12,2,2026-03,0.5,8928,12,1.55570540677,14093.5,1.57857302867,1.10384603311,0.000174250157568,9.53215061345e-05,9.53215061345e-05,0.835016393738,0.835016393738,0.0191413238975,1.56580109788,1
reversal_12,2,2026-03,1,8928,12,1.55570540677,14093.5,1.57857302867,1.10384603311,0.000174250157568,1.63928547008e-05,1.63928547008e-05,0.143601407179,0.143601407179,-0.666263918038,0.872006743041,0.666666666667
reversal_12,2,2026-04,0,8628,12,1.02928914883,13553,1.57081594808,0.759454843082,0.000119296377936,0.000119296377936,0.000119296377936,1.04503627072,1.04503627072,0.524872749646,1.89309797339,1
reversal_12,2,2026-04,0.5,8628,12,1.02928914883,13553,1.57081594808,0.759454843082,0.000119296377936,4.07555805319e-05,4.07555805319e-05,0.35701888546,0.35701888546,-0.161367862315,1.20015638785,0.75
reversal_12,2,2026-04,1,8628,12,1.02928914883,13553,1.57081594808,0.759454843082,0.000119296377936,-3.77852168719e-05,-3.77852168719e-05,-0.330998499797,-0.330998499797,-0.847608474276,0.507214802319,0.166666666667
reversal_12,3,2026-05,0,8928,12,0.0643257358906,13631.75,1.52685371864,0.0471881716511,7.20494353613e-06,7.20494353613e-06,7.20494353613e-06,0.0631153053765,0.0631153053765,-1.07455063445,1.51121399768,0.583333333333
reversal_12,3,2026-05,0.5,8928,12,0.0643257358906,13631.75,1.52685371864,0.0471881716511,7.20494353613e-06,-6.91377423958e-05,-6.91377423958e-05,-0.605646623387,-0.605646623387,-1.73817361832,0.831254320261,0.0833333333333
reversal_12,3,2026-05,1,8928,12,0.0643257358906,13631.75,1.52685371864,0.0471881716511,7.20494353613e-06,-0.000145480428328,-0.000145480428328,-1.27440855215,-1.27440855215,-2.40179660219,0.151294642841,0.0833333333333
reversal_12,3,2026-06,0,8628,12,1.15795365414,13231.5,1.53355354659,0.875149192563,0.000134208814805,0.000134208814805,0.000134208814805,1.17566921769,1.17566921769,0.759291071397,1.91298945033,1
reversal_12,3,2026-06,0.5,8628,12,1.15795365414,13231.5,1.53355354659,0.875149192563,0.000134208814805,5.75311374756e-05,5.75311374756e-05,0.503972764286,0.503972764286,0.0917827264734,1.23893242668,1
reversal_12,3,2026-06,1,8628,12,1.15795365414,13231.5,1.53355354659,0.875149192563,0.000134208814805,-1.9146539854e-05,-1.9146539854e-05,-0.167723689121,-0.167723689121,-0.57572561845,0.564875403039,0.25
ridge,1,2026-01,0,8928,12,0.0377282210823,12601,1.41140232975,0.0299406563624,4.22583121441e-06,4.22583121441e-06,4.22583121441e-06,0.0370182814382,0.0370182814382,-0.710150692391,0.958018148473,0.666666666667
ridge,1,2026-01,0.5,8928,12,0.0377282210823,12601,1.41140232975,0.0299406563624,4.22583121441e-06,-6.6344285273e-05,-6.6344285273e-05,-0.581175938992,-0.581175938992,-1.33079786981,0.336340729118,0.0833333333333
ridge,1,2026-01,1,8928,12,0.0377282210823,12601,1.41140232975,0.0299406563624,4.22583121441e-06,-0.00013691440176,-0.00013691440176,-1.19937015942,-1.19937015942,-1.95144504723,-0.285336690237,0
ridge,1,2026-02,0,8052,12,0.267385530534,11285.25,1.4015461997,0.236933635084,3.32073435834e-05,3.32073435834e-05,3.32073435834e-05,0.290896329791,0.290896329791,-0.662738115355,1.18181844133,0.666666666667
ridge,1,2026-02,0.5,8052,12,0.267385530534,11285.25,1.4015461997,0.236933635084,3.32073435834e-05,-3.68699664017e-05,-3.68699664017e-05,-0.322980905679,-0.322980905679,-1.27143409151,0.563820676798,0.333333333333
ridge,1,2026-02,1,8052,12,0.267385530534,11285.25,1.4015461997,0.236933635084,3.32073435834e-05,-0.000106947276387,-0.000106947276387,-0.936858141148,-0.936858141148,-1.88013006767,-0.0541770877321,0
ridge,2,2026-03,0,8928,12,0.581798335095,12611.75,1.41260640681,0.461314516301,6.51655841281e-05,6.51655841281e-05,6.51655841281e-05,0.570850516962,0.570850516962,-0.112963433002,1.09443460865,0.916666666667
ridge,2,2026-03,0.5,8928,12,0.581798335095,12611.75,1.41260640681,0.461314516301,6.51655841281e-05,-5.46473621244e-06,-5.46473621244e-06,-0.0478710892209,-0.0478710892209,-0.731991658808,0.460099931232,0.5
ridge,2,2026-03,1,8928,12,0.581798335095,12611.75,1.41260640681,0.461314516301,6.51655841281e-05,-7.60950565529e-05,-7.60950565529e-05,-0.666592695404,-0.666592695404,-1.35101988461,-0.166476363192,0
ridge,2,2026-04,0,8628,12,0.281198115979,12355.5,1.43202364395,0.227589426554,3.25913439939e-05,3.25913439939e-05,3.25913439939e-05,0.285500173386,0.285500173386,-1.20475584545,0.984935081697,0.75
ridge,2,2026-04,0.5,8628,12,0.281198115979,12355.5,1.43202364395,0.227589426554,3.25913439939e-05,-3.90098382036e-05,-3.90098382036e-05,-0.341726182664,-0.341726182664,-1.83936850191,0.358241757636,0.25
ridge,2,2026-04,1,8628,12,0.281198115979,12355.5,1.43202364395,0.227589426554,3.25913439939e-05,-0.000110611020401,-0.000110611020401,-0.968952538714,-0.968952538714,-2.47398115838,-0.268451566425,0
ridge,3,2026-05,0,8928,12,0.704954503454,12072.75,1.35223454301,0.583922058731,7.89599578242e-05,7.89599578242e-05,7.89599578242e-05,0.69168923054,0.69168923054,-0.0810858696819,2.05371462536,0.916666666667
ridge,3,2026-05,0.5,8928,12,0.704954503454,12072.75,1.35223454301,0.583922058731,7.89599578242e-05,1.13482306737e-05,1.13482306737e-05,0.0994105007012,0.0994105007012,-0.657285466456,1.45764607698,0.416666666667
ridge,3,2026-05,1,8928,12,0.704954503454,12072.75,1.35223454301,0.583922058731,7.89599578242e-05,-5.62634964769e-05,-5.62634964769e-05,-0.492868229138,-0.492868229138,-1.23348506323,0.861577528591,0.166666666667
ridge,3,2026-06,0,8628,12,0.404180256685,11647,1.34990727863,0.347025205362,4.68451850585e-05,4.68451850585e-05,4.68451850585e-05,0.410363821112,0.410363821112,-0.218595659772,1.58533157327,0.666666666667
ridge,3,2026-06,0.5,8628,12,0.404180256685,11647,1.34990727863,0.347025205362,4.68451850585e-05,-2.06501788729e-05,-2.06501788729e-05,-0.180895566926,-0.180895566926,-0.814220833625,0.997930321527,0.333333333333
ridge,3,2026-06,1,8628,12,0.404180256685,11647,1.34990727863,0.347025205362,4.68451850585e-05,-8.81455428043e-05,-8.81455428043e-05,-0.772154954965,-0.772154954965,-1.40984600748,0.410529069788,0.0833333333333
tcn,1,2026-01,0,8928,12,0.264843321031,13116,1.46908602151,0.20192384952,2.96643504739e-05,2.96643504739e-05,2.96643504739e-05,0.259859710151,0.259859710151,-1.51398780622,0.803381023014,0.833333333333
tcn,1,2026-01,0.5,8928,12,0.264843321031,13116,1.46908602151,0.20192384952,2.96643504739e-05,-4.37899506014e-05,-4.37899506014e-05,-0.383599967268,-0.383599967268,-2.15126603203,0.142554410111,0.166666666667
tcn,1,2026-01,1,8928,12,0.264843321031,13116,1.46908602151,0.20192384952,2.96643504739e-05,-0.000117244251677,-0.000117244251677,-1.02705964469,-1.02705964469,-2.78854425784,-0.518272202792,0
tcn,1,2026-02,0,8052,12,-0.257720998016,11784.5,1.46354942871,-0.218694894154,-3.20070787402e-05,-3.20070787402e-05,-3.20070787402e-05,-0.280382009764,-0.280382009764,-1.26302625673,1.04213555526,0.25
tcn,1,2026-02,0.5,8052,12,-0.257720998016,11784.5,1.46354942871,-0.218694894154,-3.20070787402e-05,-0.000105184550176,-0.000105184550176,-0.92141665954,-0.92141665954,-1.90272819414,0.388562529923,0.0833333333333
tcn,1,2026-02,1,8052,12,-0.257720998016,11784.5,1.46354942871,-0.218694894154,-3.20070787402e-05,-0.000178362021611,-0.000178362021611,-1.56245130932,-1.56245130932,-2.54243013154,-0.265010495412,0
tcn,2,2026-03,0,8928,12,-0.0293695425793,13366.5,1.4971438172,-0.0219725003398,-3.28959930323e-06,-3.28959930323e-06,-3.28959930323e-06,-0.0288168898963,-0.0288168898963,-0.670416852434,0.494653926794,0.416666666667
tcn,2,2026-03,0.5,8928,12,-0.0293695425793,13366.5,1.4971438172,-0.0219725003398,-3.28959930323e-06,-7.81467901634e-05,-7.81467901634e-05,-0.684565881832,-0.684565881832,-1.33345112663,-0.160574787386,0
tcn,2,2026-03,1,8928,12,-0.0293695425793,13366.5,1.4971438172,-0.0219725003398,-3.28959930323e-06,-0.000153003981024,-0.000153003981024,-1.34031487377,-1.34031487377,-1.99648540082,-0.814778416418,0
tcn,2,2026-04,0,8628,12,0.223672280854,13018,1.50880853037,0.171817699227,2.59240010262e-05,2.59240010262e-05,2.59240010262e-05,0.22709424899,0.22709424899,-0.304881674365,0.979252704474,0.666666666667
tcn,2,2026-04,0.5,8628,12,0.223672280854,13018,1.50880853037,0.171817699227,2.59240010262e-05,-4.95164254921e-05,-4.95164254921e-05,-0.433763887311,-0.433763887311,-0.966602814838,0.313115013236,0.25
tcn,2,2026-04,1,8628,12,0.223672280854,13018,1.50880853037,0.171817699227,2.59240010262e-05,-0.00012495685201,-0.00012495685201,-1.09462202361,-1.09462202361,-1.62832395531,-0.353022678002,0
tcn,3,2026-05,0,8928,12,-0.437539274113,11219.5,1.25666442652,-0.389981081254,-4.90075351829e-05,-4.90075351829e-05,-4.90075351829e-05,-0.429306008202,-0.429306008202,-1.16024731997,0.587364642337,0.25
tcn,3,2026-05,0.5,8928,12,-0.437539274113,11219.5,1.25666442652,-0.389981081254,-4.90075351829e-05,-0.000111840756509,-0.000111840756509,-0.979725027019,-0.979725027019,-1.71348723933,0.021467464918,0.0833333333333
tcn,3,2026-05,1,8928,12,-0.437539274113,11219.5,1.25666442652,-0.389981081254,-4.90075351829e-05,-0.000174673977835,-0.000174673977835,-1.53014404584,-1.53014404584,-2.26672715868,-0.544429712501,0
tcn,3,2026-06,0,8628,12,-0.0831229660035,10925,1.26622624015,-0.07608509474,-9.6340943444e-06,-9.6340943444e-06,-9.6340943444e-06,-0.084394666457,-0.084394666457,-1.09788454222,1.06532382081,0.5
tcn,3,2026-06,0.5,8628,12,-0.0831229660035,10925,1.26622624015,-0.07608509474,-9.6340943444e-06,-7.29454063518e-05,-7.29454063518e-05,-0.639001759642,-0.639001759642,-1.66259386072,0.502898925126,0.333333333333
tcn,3,2026-06,1,8628,12,-0.0831229660035,10925,1.26622624015,-0.07608509474,-9.6340943444e-06,-0.000136256718359,-0.000136256718359,-1.19360885283,-1.19360885283,-2.22730317922,-0.0595259705625,0
transformer,1,2026-01,0,8928,12,0.726909260197,7869,0.881384408602,0.923763197607,8.14190479612e-05,8.14190479612e-05,8.14190479612e-05,0.71323086014,0.71323086014,0.161059227305,1.23697932744,1
transformer,1,2026-01,0.5,8928,12,0.726909260197,7869,0.881384408602,0.923763197607,8.14190479612e-05,3.73498275311e-05,3.73498275311e-05,0.327184489172,0.327184489172,-0.226164563017,0.853582150021,0.75
transformer,1,2026-01,1,8928,12,0.726909260197,7869,0.881384408602,0.923763197607,8.14190479612e-05,-6.71939289904e-06,-6.71939289904e-06,-0.0588618817956,-0.0588618817956,-0.61338835334,0.470184972602,0.416666666667
transformer,1,2026-02,0,8052,12,0.124267256201,6893.25,0.856091654247,0.180273827587,1.54330919276e-05,1.54330919276e-05,1.54330919276e-05,0.135193885286,0.135193885286,-0.626850498497,0.764316824447,0.75
transformer,1,2026-02,0.5,8052,12,0.124267256201,6893.25,0.856091654247,0.180273827587,1.54330919276e-05,-2.73714907848e-05,-2.73714907848e-05,-0.239774259274,-0.239774259274,-1.00626555066,0.391102964537,0.166666666667
transformer,1,2026-02,1,8052,12,0.124267256201,6893.25,0.856091654247,0.180273827587,1.54330919276e-05,-7.01760734971e-05,-7.01760734971e-05,-0.614742403835,-0.614742403835,-1.38568060282,0.0178891046259,0.0833333333333
transformer,2,2026-03,0,8928,12,0.865252062209,7926.25,0.887796818996,1.09162852826,9.69144334911e-05,9.69144334911e-05,9.69144334911e-05,0.848970437382,0.848970437382,-0.00749243101119,1.43019175159,0.916666666667
transformer,2,2026-03,0.5,8928,12,0.865252062209,7926.25,0.887796818996,1.09162852826,9.69144334911e-05,5.25245925413e-05,5.25245925413e-05,0.460115430662,0.460115430662,-0.396040818108,1.0416433645,0.833333333333
transformer,2,2026-03,1,8928,12,0.865252062209,7926.25,0.887796818996,1.09162852826,9.69144334911e-05,8.13475159148e-06,8.13475159148e-06,0.0712604239413,0.0712604239413,-0.784589205205,0.6530949774,0.5
transformer,2,2026-04,0,8628,12,0.196385441846,6769.5,0.784596662031,0.290103319072,2.27614095788e-05,2.27614095788e-05,2.27614095788e-05,0.19938994791,0.19938994791,-0.235756030548,0.795469661289,0.75
transformer,2,2026-04,0.5,8628,12,0.196385441846,6769.5,0.784596662031,0.290103319072,2.27614095788e-05,-1.64684235227e-05,-1.64684235227e-05,-0.144263390059,-0.144263390059,-0.569434055583,0.447019035419,0.333333333333
transformer,2,2026-04,1,8628,12,0.196385441846,6769.5,0.784596662031,0.290103319072,2.27614095788e-05,-5.56982566243e-05,-5.56982566243e-05,-0.487916728029,-0.487916728029,-0.911150913835,0.0985684095501,0.0833333333333
transformer,3,2026-05,0,8928,12,-0.322630026645,11598.25,1.29908714158,-0.278171298812,-3.61368757443e-05,-3.61368757443e-05,-3.61368757443e-05,-0.31655903152,-0.31655903152,-1.13408555884,1.43636707801,0.166666666667
transformer,3,2026-05,0.5,8928,12,-0.322630026645,11598.25,1.29908714158,-0.278171298812,-3.61368757443e-05,-0.000101091232823,-0.000101091232823,-0.885559199531,-0.885559199531,-1.70586983303,0.872677561879,0.0833333333333
transformer,3,2026-05,1,8928,12,-0.322630026645,11598.25,1.29908714158,-0.278171298812,-3.61368757443e-05,-0.000166045589902,-0.000166045589902,-1.45455936754,-1.45455936754,-2.27765410722,0.308988045749,0.0833333333333
transformer,3,2026-06,0,8628,12,-0.171265082152,11501,1.33298562819,-0.148913209418,-1.98499168002e-05,-1.98499168002e-05,-1.98499168002e-05,-0.17388527117,-0.17388527117,-1.17715984542,0.741972789916,0.416666666667
transformer,3,2026-06,0.5,8628,12,-0.171265082152,11501,1.33298562819,-0.148913209418,-1.98499168002e-05,-8.64991982096e-05,-8.64991982096e-05,-0.757732976316,-0.757732976316,-1.76669322512,0.161881691167,0.0833333333333
transformer,3,2026-06,1,8628,12,-0.171265082152,11501,1.33298562819,-0.148913209418,-1.98499168002e-05,-0.000153148479619,-0.000153148479619,-1.34158068146,-1.34158068146,-2.35622660481,-0.418209407581,0
