model,fold,cost_bps,period_count,cohort_count,total_gross_log_return,total_turnover,mean_turnover,break_even_cost_bps,pooled_gross_mean_return,pooled_net_mean_return,equal_weighted_net_mean_return,pooled_annualized_net_return,equal_weighted_annualized_net_return,worst_cohort_annualized_net_return,best_cohort_annualized_net_return,positive_cohort_fraction
lightgbm,1,0,16980,12,-0.758234424575,9445.25,0.556257361602,-0.802767978163,-4.46545597512e-05,-4.46545597512e-05,-4.46545597512e-05,-0.39117394342,-0.39117394342,-0.823531489054,0.0102368228332,0.0833333333333
lightgbm,1,0.5,16980,12,-0.758234424575,9445.25,0.556257361602,-0.802767978163,-4.46545597512e-05,-7.24674278313e-05,-7.24674278313e-05,-0.634814667802,-0.634814667802,-1.06559226644,-0.228109466919,0
lightgbm,1,1,16980,12,-0.758234424575,9445.25,0.556257361602,-0.802767978163,-4.46545597512e-05,-0.000100280295911,-0.000100280295911,-0.878455392183,-0.878455392183,-1.30765304382,-0.466455756672,0
lightgbm,2,0,17556,12,0.214639802997,5298.75,0.301819890636,0.405076297234,1.2226008373e-05,1.2226008373e-05,1.2226008373e-05,0.107099833348,0.107099833348,-0.137749426001,0.359979943481,0.583333333333
lightgbm,2,0.5,17556,12,0.214639802997,5298.75,0.301819890636,0.405076297234,1.2226008373e-05,-2.86498615875e-06,-2.86498615875e-06,-0.0250972787507,-0.0250972787507,-0.269329056897,0.228325466379,0.5
lightgbm,2,1,17556,12,0.214639802997,5298.75,0.301819890636,0.405076297234,1.2226008373e-05,-1.79559806905e-05,-1.79559806905e-05,-0.157294390849,-0.157294390849,-0.400908687792,0.0966709892769,0.25
lightgbm,3,0,17556,12,1.26921045429,2710.25,0.154377420825,4.68300139945,7.22949677766e-05,7.22949677766e-05,7.22949677766e-05,0.633303917723,0.633303917723,0.126593227494,1.19067263272,1
lightgbm,3,0.5,17556,12,1.26921045429,2710.25,0.154377420825,4.68300139945,7.22949677766e-05,6.45760967354e-05,6.45760967354e-05,0.565686607402,0.565686607402,0.0580341024085,1.12084112213,1
lightgbm,3,1,17556,12,1.26921045429,2710.25,0.154377420825,4.68300139945,7.22949677766e-05,5.68572256941e-05,5.68572256941e-05,0.49806929708,0.49806929708,-0.010525022677,1.05100961153,0.916666666667
mlp,1,0,16980,12,0.447169530695,25508.5,1.50226737338,0.175302166217,2.63350724791e-05,2.63350724791e-05,2.63350724791e-05,0.230695234917,0.230695234917,-0.358766932277,0.693935144752,0.833333333333
mlp,1,0.5,16980,12,0.447169530695,25508.5,1.50226737338,0.175302166217,2.63350724791e-05,-4.877829619e-05,-4.877829619e-05,-0.427297874624,-0.427297874624,-1.02087435277,0.0328337313247,0.0833333333333
mlp,1,1,16980,12,0.447169530695,25508.5,1.50226737338,0.175302166217,2.63350724791e-05,-0.000123891664859,-0.000123891664859,-1.08529098416,-1.08529098416,-1.68298177327,-0.628267682103,0
mlp,2,0,17556,12,1.18696419697,26019.25,1.48207165641,0.456186937354,6.76101729878e-05,6.76101729878e-05,6.76101729878e-05,0.592265115374,0.592265115374,0.114333104323,1.24675011185,1
mlp,2,0.5,17556,12,1.18696419697,26019.25,1.48207165641,0.456186937354,6.76101729878e-05,-6.49340983284e-06,-6.49340983284e-06,-0.0568822701357,-0.0568822701357,-0.538999431562,0.594540269061,0.416666666667
mlp,2,1,17556,12,1.18696419697,26019.25,1.48207165641,0.456186937354,6.76101729878e-05,-8.05969926535e-05,-8.05969926535e-05,-0.706029655645,-0.706029655645,-1.19233196745,-0.0576695737281,0
mlp,3,0,17556,12,-1.22608055024,25891.25,1.47478070175,-0.473550156998,-6.98382632853e-05,-6.98382632853e-05,-6.98382632853e-05,-0.611783186379,-0.611783186379,-1.13596659121,-0.0837573162267,0
mlp,3,0.5,17556,12,-1.22608055024,25891.25,1.47478070175,-0.473550156998,-6.98382632853e-05,-0.000143577298373,-0.000143577298373,-1.25773713375,-1.25773713375,-1.79034697398,-0.727210152864,0
mlp,3,1,17556,12,-1.22608055024,25891.25,1.47478070175,-0.473550156998,-6.98382632853e-05,-0.000217316333461,-0.000217316333461,-1.90369108112,-1.90369108112,-2.44472735676,-1.3706629895,0
momentum_12,1,0,16980,12,-1.09485769237,26642.75,1.56906654888,-0.410940196629,-6.44792516121e-05,-6.44792516121e-05,-6.44792516121e-05,-0.564838244122,-0.564838244122,-0.928452873656,0.656887621284,0.0833333333333
momentum_12,1,0.5,16980,12,-1.09485769237,26642.75,1.56906654888,-0.410940196629,-6.44792516121e-05,-0.000142932579056,-0.000142932579056,-1.25208939253,-1.25208939253,-1.61663909274,-0.0232505412601,0
momentum_12,1,1,16980,12,-1.09485769237,26642.75,1.56906654888,-0.410940196629,-6.44792516121e-05,-0.0002213859065,-0.0002213859065,-1.93934054094,-1.93934054094,-2.30482531182,-0.703388703804,0
momentum_12,2,0,17556,12,-2.58466584344,27650.25,1.57497436774,-0.934771238395,-0.000147224074017,-0.000147224074017,-0.000147224074017,-1.28968288839,-1.28968288839,-1.66324421499,-0.796431960663,0
momentum_12,2,0.5,17556,12,-2.58466584344,27650.25,1.57497436774,-0.934771238395,-0.000147224074017,-0.000225972792404,-0.000225972792404,-1.97952166146,-1.97952166146,-2.35639493269,-1.48000236394,0
momentum_12,2,1,17556,12,-2.58466584344,27650.25,1.57497436774,-0.934771238395,-0.000147224074017,-0.000304721510791,-0.000304721510791,-2.66936043453,-2.66936043453,-3.0495456504,-2.16357276722,0
momentum_12,3,0,17556,12,-1.214966221,26863.25,1.5301463887,-0.45227819456,-6.92051846093e-05,-6.92051846093e-05,-6.92051846093e-05,-0.606237417178,-0.606237417178,-1.68476683023,0.0642036555634,0.0833333333333
momentum_12,3,0.5,17556,12,-1.214966221,26863.25,1.5301463887,-0.45227819456,-6.92051846093e-05,-0.000145712504044,-0.000145712504044,-1.27644153543,-1.27644153543,-2.36160107494,-0.604771737465,0
momentum_12,3,1,17556,12,-1.214966221,26863.25,1.5301463887,-0.45227819456,-6.92051846093e-05,-0.000222219823479,-0.000222219823479,-1.94664565368,-1.94664565368,-3.03843531964,-1.27374713049,0
reversal_12,1,0,16980,12,1.07951334314,26640,1.56890459364,0.405222726404,6.35755796903e-05,6.35755796903e-05,6.35755796903e-05,0.556922078087,0.556922078087,-0.637980631464,0.925897943249,0.916666666667
reversal_12,1,0.5,16980,12,1.07951334314,26640,1.56890459364,0.405222726404,6.35755796903e-05,-1.48696499917e-05,-1.48696499917e-05,-0.130258133928,-0.130258133928,-1.31780925337,0.237479568691,0.5
reversal_12,1,1,16980,12,1.07951334314,26640,1.56890459364,0.405222726404,6.35755796903e-05,-9.33148796737e-05,-9.33148796737e-05,-0.817438345942,-0.817438345942,-1.99763787528,-0.450938805867,0
reversal_12,2,0,17556,12,2.5849945556,27646.5,1.57476076555,0.935016930027,0.000147242797653,0.000147242797653,0.000147242797653,1.28984690744,1.28984690744,0.809031264484,1.67049146463,1
reversal_12,2,0.5,17556,12,2.5849945556,27646.5,1.57476076555,0.935016930027,0.000147242797653,6.85047593756e-05,6.85047593756e-05,0.600101692131,0.600101692131,0.125386014996,0.977340746925,1
reversal_12,2,1,17556,12,2.5849945556,27646.5,1.57476076555,0.935016930027,0.000147242797653,-1.02332789019e-05,-1.02332789019e-05,-0.0896435231804,-0.0896435231804,-0.558259234491,0.284190029221,0.416666666667
reversal_12,3,0,17556,12,1.22227939003,26863.25,1.5301463887,0.455000563979,6.96217469828e-05,6.96217469828e-05,6.96217469828e-05,0.609886503569,0.609886503569,-0.0856203786414,1.70866891938,0.916666666667
reversal_12,3,0.5,17556,12,1.22227939003,26863.25,1.5301463887,0.455000563979,6.96217469828e-05,-6.88557245216e-06,-6.88557245216e-06,-0.0603176146809,-0.0603176146809,-0.754296386844,1.03161013606,0.25
reversal_12,3,1,17556,12,1.22227939003,26863.25,1.5301463887,0.455000563979,6.96217469828e-05,-8.33928918871e-05,-8.33928918871e-05,-0.730521732931,-0.730521732931,-1.42297239505,0.35455135274,0.0833333333333
ridge,1,0,16980,12,0.305113751616,23886.25,1.40672850412,0.127736145948,1.79690077512e-05,1.79690077512e-05,1.79690077512e-05,0.157408507901,0.157408507901,-0.581064053594,0.612209707071,0.75
ridge,1,0.5,16980,12,0.305113751616,23886.25,1.40672850412,0.127736145948,1.79690077512e-05,-5.23674174549e-05,-5.23674174549e-05,-0.458738576905,-0.458738576905,-1.19457359423,-0.00749064628628,0
ridge,1,1,16980,12,0.305113751616,23886.25,1.40672850412,0.127736145948,1.79690077512e-05,-0.000122703842661,-0.000122703842661,-1.07488566171,-1.07488566171,-1.80808313487,-0.619984826363,0
ridge,2,0,17556,12,0.862996451075,24967.25,1.42214912281,0.345651383743,4.91567812186e-05,4.91567812186e-05,4.91567812186e-05,0.430613403475,0.430613403475,-0.0556711326664,0.718149657152,0.916666666667
ridge,2,0.5,17556,12,0.862996451075,24967.25,1.42214912281,0.345651383743,4.91567812186e-05,-2.19506749217e-05,-2.19506749217e-05,-0.192287912314,-0.192287912314,-0.678092185298,0.116236465081,0.25
ridge,2,1,17556,12,0.862996451075,24967.25,1.42214912281,0.345651383743,4.91567812186e-05,-9.30581310621e-05,-9.30581310621e-05,-0.815189228104,-0.815189228104,-1.30051323793,-0.48567672699,0
ridge,3,0,17556,12,1.10913476014,23719.75,1.35109079517,0.467599683866,6.31769628696e-05,6.31769628696e-05,6.31769628696e-05,0.553430194738,0.553430194738,0.126672059974,1.35505666429,1
ridge,3,0.5,17556,12,1.10913476014,23719.75,1.35109079517,0.467599683866,6.31769628696e-05,-4.37757688886e-06,-4.37757688886e-06,-0.0383475735464,-0.0383475735464,-0.465436279055,0.765268557662,0.416666666667
ridge,3,1,17556,12,1.10913476014,23719.75,1.35109079517,0.467599683866,6.31769628696e-05,-7.19321166474e-05,-7.19321166474e-05,-0.630125341831,-0.630125341831,-1.05754461808,0.175480451032,0.0833333333333
tcn,1,0,16980,12,0.00712232301523,24900.5,1.46646054181,0.00286031325284,4.19453652252e-07,4.19453652252e-07,4.19453652252e-07,0.00367441399372,0.00367441399372,-0.935746436355,0.916599603322,0.583333333333
tcn,1,0.5,16980,12,0.00712232301523,24900.5,1.46646054181,0.00286031325284,4.19453652252e-07,-7.29035734384e-05,-7.29035734384e-05,-0.638635303321,-0.638635303321,-1.57162028795,0.259212677527,0.0833333333333
tcn,1,1,16980,12,0.00712232301523,24900.5,1.46646054181,0.00286031325284,4.19453652252e-07,-0.000146226600529,-0.000146226600529,-1.28094502064,-1.28094502064,-2.20749413954,-0.398174248268,0
tcn,2,0,17556,12,0.194302738275,26384.5,1.50287650946,0.0736427593,1.10675973043e-05,1.10675973043e-05,1.10675973043e-05,0.096952152386,0.096952152386,-0.490772427942,0.732291560288,0.583333333333
tcn,2,0.5,17556,12,0.194302738275,26384.5,1.50287650946,0.0736427593,1.10675973043e-05,-6.40762281684e-05,-6.40762281684e-05,-0.561307758755,-0.561307758755,-1.1531613548,0.0722228658249,0.0833333333333
tcn,2,1,17556,12,0.194302738275,26384.5,1.50287650946,0.0736427593,1.10675973043e-05,-0.000139220053641,-0.000139220053641,-1.2195676699,-1.2195676699,-1.81555028167,-0.587845828638,0
tcn,3,0,17556,12,-0.520662240116,22144.5,1.26136363636,-0.235120341447,-2.9657224887e-05,-2.9657224887e-05,-2.9657224887e-05,-0.25979729001,-0.25979729001,-0.949592525807,0.392580085469,0.25
tcn,3,0.5,17556,12,-0.520662240116,22144.5,1.26136363636,-0.235120341447,-2.9657224887e-05,-9.27254067052e-05,-9.27254067052e-05,-0.812274562737,-0.812274562737,-1.50098452854,-0.164275690334,0
tcn,3,1,17556,12,-0.520662240116,22144.5,1.26136363636,-0.235120341447,-2.9657224887e-05,-0.000155793588523,-0.000155793588523,-1.36475183546,-1.36475183546,-2.05237653128,-0.721131466137,0
transformer,1,0,16980,12,0.851176516398,14762.25,0.869390459364,0.576589961827,5.01281811778e-05,5.01281811778e-05,5.01281811778e-05,0.439122867117,0.439122867117,-0.192623940044,0.666195972177,0.916666666667
transformer,1,0.5,16980,12,0.851176516398,14762.25,0.869390459364,0.576589961827,5.01281811778e-05,6.65865820957e-06,6.65865820957e-06,0.0583298459158,0.0583298459158,-0.573668463012,0.289098092318,0.833333333333
transformer,1,1,16980,12,0.851176516398,14762.25,0.869390459364,0.576589961827,5.01281811778e-05,-3.68108647586e-05,-3.68108647586e-05,-0.322463175286,-0.322463175286,-0.95471298598,-0.0879997875406,0
transformer,2,0,17556,12,1.06163750405,14695.75,0.837078491684,0.722411244104,6.0471491459e-05,6.0471491459e-05,6.0471491459e-05,0.529730265181,0.529730265181,-0.0475287482973,0.915655098068,0.916666666667
transformer,2,0.5,17556,12,1.06163750405,14695.75,0.837078491684,0.722411244104,6.0471491459e-05,1.86175668748e-05,1.86175668748e-05,0.163089885824,0.163089885824,-0.409035925331,0.550779841746,0.833333333333
transformer,2,1,17556,12,1.06163750405,14695.75,0.837078491684,0.722411244104,6.0471491459e-05,-2.32363577094e-05,-2.32363577094e-05,-0.203550493534,-0.203550493534,-0.770543102364,0.185904585423,0.166666666667
transformer,3,0,17556,12,-0.493895108797,23099.25,1.31574675325,-0.21381434843,-2.81325534744e-05,-2.81325534744e-05,-2.81325534744e-05,-0.246441168436,-0.246441168436,-1.15525467166,0.242034975189,0.25
transformer,3,0.5,17556,12,-0.493895108797,23099.25,1.31574675325,-0.21381434843,-2.81325534744e-05,-9.39198911368e-05,-9.39198911368e-05,-0.822738246358,-0.822738246358,-1.73576184869,-0.333083274982,0
transformer,3,1,17556,12,-0.493895108797,23099.25,1.31574675325,-0.21381434843,-2.81325534744e-05,-0.000159707228799,-0.000159707228799,-1.39903532428,-1.39903532428,-2.31626902572,-0.908201525153,0
