model,excluded_symbol,remaining_symbol_count,full_mean_rank_ic,mean_rank_ic,median_rank_ic,rank_ic_std,rank_ic_ir,positive_timestamp_fraction,rmse,mae,n_rows,n_timestamps,rank_ic_delta,cohort_count,total_periods,pooled_break_even_cost_bps,equal_weighted_break_even_cost_bps,mean_individual_break_even_cost_bps,median_individual_break_even_cost_bps,worst_individual_break_even_cost_bps,best_individual_break_even_cost_bps,mean_turnover,focus_cost_bps,pooled_annualized_net_return_at_focus_cost,positive_cohort_fraction_at_focus_cost,full_break_even_cost_bps,break_even_delta_bps
lightgbm,ADAUSDT,19,0.013537118644,0.0137535444489,0.0196831605774,0.319815513548,0.043004619433,0.510620244156,0.00443728610782,0.00284064370288,989748,52092,0.000216425804905,12,52092,0.135673653842,0.135673653842,0.139726110754,0.168210390828,-0.812934446505,0.972111541707,0.32479555402,1,-0.245918914502,0,0.415724441158,-0.280050787316
lightgbm,APTUSDT,19,0.013537118644,0.0126697956797,0.0170996392014,0.315829918987,0.0401158817391,0.508239302871,0.00434304318541,0.00277035511129,989748,52092,-0.000867322964269,12,52092,0.140378371082,0.140378371082,0.143353710687,0.0273621268639,-0.612121437064,0.963116088036,0.331020118252,1,-0.249267598653,0,0.415724441158,-0.275346070076
lightgbm,ARBUSDT,19,0.013537118644,0.0140268959688,0.0204289724843,0.315399917678,0.0444733659796,0.511509523676,0.00436637445118,0.00278418484977,989748,52092,0.000489777324833,12,52092,0.139608876539,0.139608876539,0.142312782522,0.0869579569192,-0.598360524218,0.98575549693,0.331922368118,1,-0.250170759865,0,0.415724441158,-0.276115564619
lightgbm,ATOMUSDT,19,0.013537118644,0.0128761026588,0.0166594511581,0.321318329966,0.0400727299317,0.50899961587,0.00434170535344,0.00276459978648,989748,52092,-0.000661015985182,12,52092,0.610972997295,0.610972997295,0.614218743789,0.539506241076,-0.0645239158884,1.52433826047,0.327137564309,1,-0.111484443197,0.25,0.415724441158,0.195248556137
lightgbm,AVAXUSDT,19,0.013537118644,0.014131164295,0.0205195670417,0.319091044761,0.0442856812405,0.511516446197,0.00443635190005,0.00284619465061,989748,52092,0.000594045650986,12,52092,0.416006739188,0.416006739188,0.419281675719,0.346345655739,-0.264682257912,1.31098209048,0.328442947094,1,-0.168024217673,0.25,0.415724441158,0.000282298030293
lightgbm,BCHUSDT,19,0.013537118644,0.0139348006852,0.019744962592,0.323520564821,0.0430723799362,0.509845443045,0.00432096332369,0.00276848228053,989748,52092,0.000397682041154,12,52092,0.393732069726,0.393732069726,0.397571953856,0.241221836547,-0.46003366,1.27174762734,0.323542962451,1,-0.171830660647,0.25,0.415724441158,-0.0219923714322
lightgbm,BNBUSDT,19,0.013537118644,0.0133418589184,0.0180668369007,0.318209421171,0.0419279192591,0.510031938416,0.00443270423739,0.00283063413957,989748,52092,-0.000195259725645,12,52092,0.43394144268,0.43394144268,0.436928518586,0.293903638075,-0.282174948238,1.47776344227,0.330108269984,1,-0.163689895294,0.25,0.415724441158,0.0182170015216
lightgbm,BTCUSDT,19,0.013537118644,0.0126490498928,0.0113536002093,0.311173935089,0.0406494518546,0.506045188468,0.00444374417645,0.00284069374723,989748,52092,-0.000888068751194,12,52092,0.474489867173,0.474489867173,0.476561658746,0.325284517955,-0.289706998092,1.34738697193,0.334605121708,1,-0.154034422591,0.25,0.415724441158,0.0587654260146
lightgbm,DOGEUSDT,19,0.013537118644,0.0134089599603,0.0183503228928,0.319925149997,0.0419128035431,0.509125235997,0.00443211854995,0.00283636164728,989748,52092,-0.000128158683709,12,52092,0.346712030846,0.346712030846,0.350162633581,0.239322296297,-0.552918241349,1.30282256522,0.320385087921,1,-0.183350061729,0.25,0.415724441158,-0.0690124103123
lightgbm,DOTUSDT,19,0.013537118644,0.0132524852495,0.0180539165735,0.317814596041,0.0416987936191,0.510515045025,0.00440300523396,0.00281383288419,989748,52092,-0.000284633394536,12,52092,0.539168627865,0.539168627865,0.541820265309,0.493826715171,-0.173714284463,1.40748737609,0.322218382861,1,-0.130075785403,0.25,0.415724441158,0.123444186707
lightgbm,ETCUSDT,19,0.013537118644,0.0140757395475,0.0193891683582,0.318388028458,0.0442093869411,0.510764174199,0.00444185111868,0.00284628835624,989748,52092,0.00053862090351,12,52092,0.443911427668,0.443911427668,0.446774954557,0.304604836827,-0.311718003643,1.48331547922,0.331452046379,1,-0.161461425054,0.25,0.415724441158,0.0281869865104
lightgbm,ETHUSDT,19,0.013537118644,0.0137675525278,0.0199204768222,0.313909066485,0.0438584099593,0.511192500068,0.00444597657947,0.00284392190441,989748,52092,0.000230433883829,12,52092,0.605912323862,0.605912323862,0.60870058706,0.487816207046,-0.180629400448,1.47892671562,0.331130499885,1,-0.114313137497,0.333333333333,0.415724441158,0.190187882704
lightgbm,FILUSDT,19,0.013537118644,0.0131455579605,0.019744962592,0.316747209955,0.0415017324457,0.510503257695,0.00430137050341,0.00276564927828,989748,52092,-0.000391560683506,12,52092,0.642951825029,0.642951825029,0.644690238509,0.541973358331,0.0382072026619,1.56854207762,0.307523228135,1,-0.0961853320532,0.25,0.415724441158,0.227227383871
lightgbm,LINKUSDT,19,0.013537118644,0.0135610562498,0.0203692385187,0.319520540684,0.042441891907,0.510691755196,0.00446564831674,0.0028660539959,989748,52092,2.39376057945e-05,12,52092,0.401013444994,0.401013444994,0.403956166428,0.29065522831,-0.41663355916,1.30216259136,0.331226483913,1,-0.173798584421,0.25,0.415724441158,-0.0147109961645
lightgbm,LTCUSDT,19,0.013537118644,0.0134797682728,0.0165890867264,0.319368254681,0.0422076022749,0.509239798007,0.00445036257848,0.00284634994795,989748,52092,-5.7350371202e-05,12,52092,0.407780446155,0.407780446155,0.4103250917,0.25306215048,-0.2278991596,1.38573570835,0.333059778853,1,-0.172786193945,0.25,0.415724441158,-0.00794399500298
lightgbm,NEARUSDT,19,0.013537118644,0.0155363624358,0.0235702260396,0.314635729434,0.0493788879723,0.515822211486,0.00418078239926,0.00270768534593,989748,52092,0.00199924379181,12,52092,0.764783720202,0.764783720202,0.766462621238,0.678476187355,0.210754878785,1.62571887855,0.305022844199,1,-0.0628497926712,0.25,0.415724441158,0.349059279044
lightgbm,SOLUSDT,19,0.013537118644,0.0133862551891,0.0174451213587,0.317635956657,0.0421433874489,0.509508824737,0.00443891894431,0.00283638051235,989748,52092,-0.000150863454911,12,52092,0.81197861914,0.81197861914,0.813744655869,0.704153091468,0.206317812094,1.63799450087,0.333909237503,1,-0.0549970985035,0.333333333333,0.415724441158,0.396254177982
lightgbm,TRXUSDT,19,0.013537118644,0.0141755008237,0.0172348163184,0.319687805098,0.044341700239,0.509275196022,0.00428815932075,0.00273448960192,989748,52092,0.000638382179718,12,52092,0.262791918392,0.262791918392,0.264339019077,0.0678130977774,-0.226631305581,1.20414317823,0.3519014436,1,-0.22725593922,0.0833333333333,0.415724441158,-0.152932522766
lightgbm,XLMUSDT,19,0.013537118644,0.0133056662739,0.0197889870894,0.320584395732,0.0415044102305,0.51098947606,0.00426737351378,0.00277332181007,989748,52092,-0.000231452370051,12,52092,0.761269924804,0.761269924804,0.76376913268,0.684208412012,-0.130925931409,1.83910923869,0.327295937956,1,-0.0684465962784,0.333333333333,0.415724441158,0.345545483646
lightgbm,XRPUSDT,19,0.013537118644,0.0137254210218,0.019744962592,0.319400017469,0.0429725118068,0.510488937449,0.00443467293419,0.00284006859775,989748,52092,0.000188302377754,12,52092,0.87656546096,0.87656546096,0.879243987805,0.768966523881,0.197849219462,1.78797775561,0.34874356907,1,-0.0377091734815,0.333333333333,0.415724441158,0.460841019802
mlp,ADAUSDT,19,0.0112871142428,0.0111012428209,0.0140350877193,0.269598839931,0.0411768938758,0.518083390924,0.00446824895068,0.00287886097858,989748,52092,-0.000185871421917,12,52092,0.054087003306,0.054087003306,0.0542137921522,0.0590033232146,-0.111436891237,0.227480705954,1.46256622898,1,-1.21191131436,0,0.052707110326,0.00137989298004
mlp,APTUSDT,19,0.0112871142428,0.0110078052474,0.0122807017544,0.266683853816,0.0412766093255,0.516566843277,0.00437469720125,0.00280949480493,989748,52092,-0.000279308995418,12,52092,0.0224577314607,0.0224577314607,0.0227157932326,0.046610792967,-0.22378221353,0.226684173289,1.46293576749,1,-1.25275143682,0,0.052707110326,-0.0302493788653
mlp,ARBUSDT,19,0.0112871142428,0.011146497542,0.0122860915733,0.267090133622,0.0417330935846,0.517449896337,0.00439729069242,0.00282296338364,989748,52092,-0.000140616700849,12,52092,0.0593689380492,0.0593689380492,0.0594771254362,0.0696199525782,-0.0920874814104,0.165264633803,1.46309414113,1,-1.20557905304,0,0.052707110326,0.0066618277232
mlp,ATOMUSDT,19,0.0112871142428,0.0116300188955,0.0140350877193,0.271072294797,0.0429037534219,0.517373109115,0.00437319808298,0.00280398310024,989748,52092,0.000342904652672,12,52092,0.0723106730882,0.0723106730882,0.0724875969433,0.0931152584135,-0.13807596585,0.282780954755,1.46379482454,1,-1.18956142791,0,0.052707110326,0.0196035627622
mlp,AVAXUSDT,19,0.0112871142428,0.0112371690871,0.0140350877193,0.269527075158,0.0416921716697,0.517507486754,0.00446730902911,0.00288411515413,989748,52092,-4.99451556762e-05,12,52092,0.0389991011726,0.0389991011726,0.0392233435342,0.051256941575,-0.182313509498,0.223757513748,1.4626190202,1,-1.23128649711,0,0.052707110326,-0.0137080091534
mlp,BCHUSDT,19,0.0112871142428,0.0118237406406,0.0140350877193,0.270935252514,0.0436404658712,0.517641864394,0.00435282200462,0.00280741696451,989748,52092,0.000536626397832,12,52092,0.0399912276195,0.0399912276195,0.0402303643183,0.0548311340082,-0.10799393352,0.206508013423,1.46256142978,1,-1.22996689919,0,0.052707110326,-0.0127158827065
mlp,BNBUSDT,19,0.0112871142428,0.0114185439649,0.015354149583,0.265978630655,0.042930305855,0.519849497044,0.00446306968829,0.00286883922057,989748,52092,0.000131429722094,12,52092,0.0565404331041,0.0565404331041,0.0566481188905,0.0762810897002,-0.125307456596,0.185489542976,1.46548894264,1,-1.21118349729,0,0.052707110326,0.00383332277811
mlp,BTCUSDT,19,0.0112871142428,0.0105264196115,0.0122807017544,0.263753550029,0.0399100585009,0.517161944252,0.00447445295095,0.0028791905209,989748,52092,-0.000760694631315,12,52092,0.0472623849929,0.0472623849929,0.04739226115,0.0527333721837,-0.116921024271,0.254797914823,1.47496256623,1,-1.23100103019,0,0.052707110326,-0.00544472533313
mlp,DOGEUSDT,19,0.0112871142428,0.0118228774835,0.0140350877193,0.270088276405,0.0437741231899,0.518294555786,0.00446281807281,0.00287417530997,989748,52092,0.000535763240674,12,52092,0.053020520147,0.053020520147,0.0531243062969,0.0406256403127,-0.126728852031,0.207902192128,1.46321892037,1,-1.2138191439,0,0.052707110326,0.000313409821019
mlp,DOTUSDT,19,0.0112871142428,0.0104398483371,0.0140350877193,0.26789379942,0.0389701006882,0.517315518698,0.00443441855005,0.00285234095121,989748,52092,-0.000847265905665,12,52092,0.0172346570097,0.0172346570097,0.0174045979063,0.00976638706647,-0.142761954742,0.170288194,1.46138562543,1,-1.25811045139,0,0.052707110326,-0.0354724533163
mlp,ETCUSDT,19,0.0112871142428,0.0111715852396,0.0140350877193,0.26958352305,0.0414401633795,0.518908853567,0.00447240804243,0.00288421432291,989748,52092,-0.000115529003167,12,52092,0.0394156289741,0.0394156289741,0.0396340402546,0.0504845487244,-0.180376554067,0.262663904575,1.4640059894,1,-1.23191991472,0,0.052707110326,-0.0132914813519
mlp,ETHUSDT,19,0.0112871142428,0.0105788007086,0.0122807017544,0.265060300674,0.0399109209555,0.516182907164,0.00447655117585,0.00288199847947,989748,52092,-0.00070831353416,12,52092,0.0347707784949,0.0347707784949,0.0348117053427,0.0618155352753,-0.128099643832,0.182237079259,1.4717902941,1,-1.24445873981,0,0.052707110326,-0.0179363318311
mlp,FILUSDT,19,0.0112871142428,0.0108995551253,0.0122807017544,0.268585389578,0.0405813404164,0.517872226062,0.00433296483687,0.00280474074117,989748,52092,-0.000387559117453,12,52092,0.0469972364768,0.0469972364768,0.0471483546568,0.0599670339085,-0.129754154123,0.265276187512,1.46180795516,1,-1.2203617504,0,0.052707110326,-0.00570987384922
mlp,LINKUSDT,19,0.0112871142428,0.0115293298555,0.0122807017544,0.269531643261,0.0427754222696,0.516451662443,0.00449616814642,0.00290356340175,989748,52092,0.000242215612716,12,52092,0.0555832346954,0.0555832346954,0.0557923205667,0.0640962311621,-0.136050870295,0.220011225313,1.46340608923,1,-1.21068915472,0,0.052707110326,0.00287612436938
mlp,LTCUSDT,19,0.0112871142428,0.0115018546491,0.0140350877193,0.270705409262,0.0424884551824,0.518947247178,0.00448089080201,0.00288456502421,989748,52092,0.000214740406287,12,52092,0.0482090718211,0.0482090718211,0.0482846244392,0.0520328099243,-0.0978524970003,0.19668395745,1.4623070721,1,-1.21922609037,0,0.052707110326,-0.00449803850489
mlp,NEARUSDT,19,0.0112871142428,0.0107468700913,0.0122807017544,0.269255097729,0.0399133393647,0.516739614528,0.00421287341128,0.00274689085481,989748,52092,-0.000540244151457,12,52092,0.0964835336529,0.0964835336529,0.0968103621385,0.112542017483,-0.19428962599,0.325976767677,1.46459149198,1,-1.15919549582,0,0.052707110326,0.0437764233269
mlp,SOLUSDT,19,0.0112871142428,0.011215814911,0.0140350877193,0.267881357813,0.0418685906423,0.51871688551,0.00446909289164,0.00287442185763,989748,52092,-7.12993318473e-05,12,52092,0.0587428617029,0.0587428617029,0.0588591009582,0.0576987566189,-0.182343273015,0.236688808032,1.4656809107,1,-1.20851437482,0,0.052707110326,0.00603575137687
mlp,TRXUSDT,19,0.0112871142428,0.0116475110255,0.0140350877193,0.270934155972,0.0429901906748,0.517008369807,0.00432051430865,0.00277416792842,989748,52092,0.000360396782724,12,52092,0.0372863896031,0.0372863896031,0.0375975646826,0.0382430045305,-0.116284162758,0.270694242334,1.46759579206,1,-1.23767801257,0,0.052707110326,-0.0154207207229
mlp,XLMUSDT,19,0.0112871142428,0.0119287281977,0.0140350877193,0.271185605328,0.0439873207255,0.518640098288,0.00429862869918,0.00281229863617,989748,52092,0.000641613954918,12,52092,0.134089220384,0.134089220384,0.134302317314,0.149719009296,-0.0792243026179,0.365743809171,1.46285418106,1,-1.10963025505,0,0.052707110326,0.0813821100576
mlp,XRPUSDT,19,0.0112871142428,0.0118512398395,0.0140350877193,0.268109249652,0.0442030249043,0.518428933425,0.00446517225059,0.0028777623355,989748,52092,0.000564125596651,12,52092,0.0678410897939,0.0678410897939,0.0679696318289,0.0773260753449,-0.0689447193161,0.216963232766,1.46462028718,1,-1.19596675327,0,0.052707110326,0.0151339794679
momentum_12,ADAUSDT,19,-0.0440668064672,-0.0429952343638,-0.0456140350877,0.316379456163,-0.135897680858,0.444290869999,0.00888839068382,0.00592531828267,989748,52092,0.00107157210341,12,52092,-0.593624136092,-0.593624136092,-0.593436166679,-0.559286311536,-0.833443601628,-0.430204648884,1.5414507026,1,-2.15188790678,0,-0.603094617706,0.00947048161372
momentum_12,APTUSDT,19,-0.0440668064672,-0.0439655251941,-0.0473684210526,0.31224795433,-0.140803244935,0.441468939568,0.00873869883484,0.00582549558505,989748,52092,0.00010128127312,12,52092,-0.558837450977,-0.558837450977,-0.558611889198,-0.521014794799,-0.774989823095,-0.429048838271,1.54170506028,1,-2.10526240562,0,-0.603094617706,0.0442571667293
momentum_12,ARBUSDT,19,-0.0440668064672,-0.0448488688234,-0.0473684210526,0.312469541512,-0.143530369733,0.439318897335,0.00877152419836,0.00584247730422,989748,52092,-0.000782062356225,12,52092,-0.64274646096,-0.64274646096,-0.642494802262,-0.622597699767,-0.899813955589,-0.476265519878,1.54324080473,1,-2.22079435245,0,-0.603094617706,-0.0396518432542
momentum_12,ATOMUSDT,19,-0.0440668064672,-0.0441606078239,-0.0482667883236,0.320548988047,-0.137765550573,0.442947093604,0.00883856057745,0.00588219642248,989748,52092,-9.38013567456e-05,12,52092,-0.539899363317,-0.539899363317,-0.539746885039,-0.534666610498,-0.743641907402,-0.369878928107,1.54260731014,1,-2.08090297291,0,-0.603094617706,0.0631952543886
momentum_12,AVAXUSDT,19,-0.0440668064672,-0.0441362873765,-0.0473684210526,0.316067149018,-0.139642121979,0.444175689165,0.00889385035513,0.00593500755148,989748,52092,-6.9480909325e-05,12,52092,-0.611612941671,-0.611612941671,-0.611455167805,-0.582932602052,-0.806275046506,-0.505195581126,1.54359594563,1,-2.17920698156,0,-0.603094617706,-0.00851832396521
momentum_12,BCHUSDT,19,-0.0440668064672,-0.0432005791619,-0.0465116323846,0.315850017763,-0.136775610994,0.443906933886,0.00885905535664,0.00591496054343,989748,52092,0.000866227305254,12,52092,-0.540553349001,-0.540553349001,-0.540400473529,-0.554467496579,-0.7652184419,-0.389690185243,1.54385030331,1,-2.08346416949,0,-0.603094617706,0.0625412687049
momentum_12,BNBUSDT,19,-0.0440668064672,-0.0448409807812,-0.0482667883236,0.310960844711,-0.144201373079,0.44106580665,0.00899388262233,0.00601340197173,989748,52092,-0.000774174314049,12,52092,-0.624285135666,-0.624285135666,-0.624143139523,-0.583483260837,-0.837060670415,-0.465501072072,1.54260731014,1,-2.19493549266,0,-0.603094617706,-0.02119051796
momentum_12,BTCUSDT,19,-0.0440668064672,-0.0444534637731,-0.0491228070175,0.309575709342,-0.143594805508,0.441430545957,0.00899820605781,0.00601987014452,989748,52092,-0.000386657305939,12,52092,-0.596966918747,-0.596966918747,-0.596794009516,-0.565911035623,-0.828571199283,-0.457919751756,1.54228096445,1,-2.15756319136,0,-0.603094617706,0.0061276989588
momentum_12,DOGEUSDT,19,-0.0440668064672,-0.0440268944498,-0.0473684210526,0.317026300546,-0.138874580355,0.442908699992,0.00890711128502,0.00594380349098,989748,52092,3.99120174196e-05,12,52092,-0.616527029005,-0.616527029005,-0.616328862183,-0.596946357208,-0.819998181294,-0.427003019796,1.5434951624,1,-2.18570904467,0,-0.603094617706,-0.0134324112985
momentum_12,DOTUSDT,19,-0.0440668064672,-0.0431082410109,-0.0456140350877,0.312590228507,-0.137906553307,0.443062274438,0.00883450000772,0.00588572797631,989748,52092,0.000958565456313,12,52092,-0.592118187542,-0.592118187542,-0.591900224517,-0.553747637846,-0.83601406761,-0.412358595789,1.53951662443,1,-2.14715695798,0,-0.603094617706,0.010976430164
momentum_12,ETCUSDT,19,-0.0440668064672,-0.0436015089159,-0.0473684210526,0.316155512437,-0.137911588445,0.442793519158,0.00891734891535,0.0059506842047,989748,52092,0.000465297551292,12,52092,-0.592328284045,-0.592328284045,-0.592152912489,-0.589407026726,-0.787570471832,-0.366421731545,1.54295285265,1,-2.15223342216,0,-0.603094617706,0.010766333661
momentum_12,ETHUSDT,19,-0.0440668064672,-0.0439777145172,-0.0473684210526,0.314458779779,-0.139852080289,0.444041311526,0.00894231702074,0.00597694578926,989748,52092,8.90919499641e-05,12,52092,-0.589321066436,-0.589321066436,-0.589197287165,-0.568568363823,-0.780835530293,-0.444575783372,1.54271769178,1,-2.14784138494,0,-0.603094617706,0.0137735512697
momentum_12,FILUSDT,19,-0.0440668064672,-0.0429272800686,-0.0438596491228,0.31463187513,-0.136436526181,0.446287337787,0.00871545620104,0.00582683097715,989748,52092,0.00113952639856,12,52092,-0.638897994221,-0.638897994221,-0.638734744823,-0.628339436961,-0.81454819138,-0.510224710331,1.54104756968,1,-2.21244291936,0,-0.603094617706,-0.0358033765152
momentum_12,LINKUSDT,19,-0.0440668064672,-0.0428426644032,-0.0456140350877,0.315553429662,-0.135769921592,0.444079705137,0.00892970443125,0.00595710265821,989748,52092,0.00122414206405,12,52092,-0.578819380282,-0.578819380282,-0.578653371388,-0.581782030793,-0.806939634755,-0.37085101372,1.54400387775,1,-2.135428043,0,-0.603094617706,0.0242752374241
momentum_12,LTCUSDT,19,-0.0440668064672,-0.0445341050606,-0.0473684210526,0.316569265736,-0.140677285766,0.444367657222,0.00896260026504,0.00598660613303,989748,52092,-0.000467298593418,12,52092,-0.575754558908,-0.575754558908,-0.5755829759,-0.544042738762,-0.801655908268,-0.455652194606,1.54169066267,1,-2.12808965496,0,-0.603094617706,0.0273400587977
momentum_12,NEARUSDT,19,-0.0440668064672,-0.0430975928681,-0.0456140350877,0.316928238263,-0.135985335685,0.44534669431,0.00857778236136,0.00575573400114,989748,52092,0.000969213599079,12,52092,-0.509801978961,-0.509801978961,-0.509635062467,-0.480341781393,-0.705569987145,-0.305355407348,1.54478614759,1,-2.04311335604,0,-0.603094617706,0.0932926387448
momentum_12,SOLUSDT,19,-0.0440668064672,-0.0439188935531,-0.0473684210526,0.316944941977,-0.138569472916,0.443695769024,0.00890437283899,0.00594470933245,989748,52092,0.000147912914128,12,52092,-0.585086470367,-0.585086470367,-0.584884231984,-0.550541497935,-0.808189964152,-0.441236183669,1.54283767181,1,-2.14228526073,0,-0.603094617706,0.0180081473393
momentum_12,TRXUSDT,19,-0.0440668064672,-0.0460148688191,-0.0491228070175,0.304757031392,-0.150988702735,0.437245642325,0.00897982779516,0.00599182057076,989748,52092,-0.00194806235195,12,52092,-0.625941882303,-0.625941882303,-0.625801826703,-0.594088938253,-0.831784748757,-0.485812302248,1.54974372264,1,-2.20733886552,0,-0.603094617706,-0.0228472645967
momentum_12,XLMUSDT,19,-0.0440668064672,-0.0453187994911,-0.0508771929825,0.319192397162,-0.14197957061,0.440893035399,0.00874865450262,0.00586381742578,989748,52092,-0.0012519930239,12,52092,-0.633460009919,-0.633460009919,-0.63330437374,-0.603102004266,-0.88292950762,-0.477471315632,1.54398468095,1,-2.20930461546,0,-0.603094617706,-0.0303653922133
momentum_12,XRPUSDT,19,-0.0440668064672,-0.0434549469735,-0.0473684210526,0.315595956508,-0.137691710167,0.44313906166,0.00893312416727,0.00596784254123,989748,52092,0.000611859493651,12,52092,-0.627326679589,-0.627326679589,-0.627192221937,-0.598473532012,-0.833026416384,-0.460404558904,1.54370632727,1,-2.20061229483,0,-0.603094617706,-0.0242320618831
reversal_12,ADAUSDT,19,0.0440668064672,0.0429952343638,0.0456140350877,0.316379456163,0.135897680858,0.553655071796,0.00880786942576,0.00583016448719,989748,52092,-0.00107157210341,12,52092,0.592743735641,0.592743735641,0.592545429972,0.567456598598,0.426669201404,0.827920531996,1.54137871458,1,-0.549896856243,0,0.602193757685,-0.00945002204446
reversal_12,APTUSDT,19,0.0440668064672,0.0439655251941,0.0473684210526,0.31224795433,0.140803244935,0.556381018199,0.0086801880911,0.00573723356472,989748,52092,-0.00010128127312,12,52092,0.556755306107,0.556755306107,0.556515174976,0.522673103628,0.428705077246,0.766784180219,1.54155628503,1,-0.598559099862,0,0.602193757685,-0.0454384515778
reversal_12,ARBUSDT,19,0.0440668064672,0.0448488688234,0.0473684210526,0.312469541512,0.143530369733,0.558319895569,0.00869850460921,0.0057482551283,989748,52092,0.000782062356225,12,52092,0.642126616702,0.642126616702,0.641866987535,0.618377219153,0.468461903105,0.896689036929,1.54307283268,1,-0.483748833089,0,0.602193757685,0.0399328590166
reversal_12,ATOMUSDT,19,0.0440668064672,0.0441606078239,0.0482667883236,0.320548988047,0.137765550573,0.555574752361,0.00878967502643,0.00579767626138,989748,52092,9.38013567456e-05,12,52092,0.538078842466,0.538078842466,0.537915908184,0.528964292728,0.368475843319,0.743487951453,1.54251612532,1,-0.62416825069,0,0.602193757685,-0.0641149152192
reversal_12,AVAXUSDT,19,0.0440668064672,0.0441362873765,0.0473684210526,0.316067149018,0.139642121979,0.554039007909,0.00881072669852,0.0058350829984,989748,52092,6.9480909325e-05,12,52092,0.611569346054,0.611569346054,0.611391745067,0.58203469579,0.501203033745,0.81097622853,1.54341357598,1,-0.525170010694,0,0.602193757685,0.00937558836874
reversal_12,BCHUSDT,19,0.0440668064672,0.0432005791619,0.0465116323846,0.315850017763,0.136775610994,0.554134991937,0.00877035174792,0.00581855313934,989748,52092,-0.000866227305254,12,52092,0.540044516235,0.540044516235,0.539893183361,0.557144603474,0.385038995176,0.764394973588,1.54374472088,1,-0.622007172514,0,0.602193757685,-0.0621492414503
reversal_12,BNBUSDT,19,0.0440668064672,0.0448409807812,0.0482667883236,0.310960844711,0.144201373079,0.557148890425,0.00890623709295,0.00590850740914,989748,52092,0.000774174314049,12,52092,0.624531588092,0.624531588092,0.624377768064,0.585320636517,0.460410368035,0.834920792354,1.54256411733,1,-0.507365271075,0,0.602193757685,0.0223378304068
reversal_12,BTCUSDT,19,0.0440668064672,0.0444534637731,0.0491228070175,0.309575709342,0.143594805508,0.556764954312,0.00891328529906,0.00591738783478,989748,52092,0.000386657305939,12,52092,0.595812016716,0.595812016716,0.5956323825,0.563727559077,0.447576163315,0.821551694165,1.54217058282,1,-0.546034292348,0,0.602193757685,-0.00638174096933
reversal_12,DOGEUSDT,19,0.0440668064672,0.0440268944498,0.0473684210526,0.317026300546,0.138874580355,0.555171619443,0.00882431029985,0.0058423908712,989748,52092,-3.99120174196e-05,12,52092,0.615403039321,0.615403039321,0.615197052358,0.593798805427,0.422724084983,0.813692563677,1.54341357598,1,-0.519986741264,0,0.602193757685,0.013209281636
reversal_12,DOTUSDT,19,0.0440668064672,0.0431082410109,0.0456140350877,0.312590228507,0.137906553307,0.554979651386,0.00876737889722,0.00579716286399,989748,52092,-0.000958565456313,12,52092,0.592075932044,0.592075932044,0.591850519338,0.554449088977,0.413657660876,0.833205455168,1.53943983721,1,-0.550105715233,0,0.602193757685,-0.010117825641
reversal_12,ETCUSDT,19,0.0440668064672,0.0436015089159,0.0473684210526,0.316155512437,0.137911588445,0.55496045458,0.00884558224895,0.0058522206325,989748,52092,-0.000465297551292,12,52092,0.591747347612,0.591747347612,0.591564444779,0.592382985774,0.36234331675,0.787022151959,1.54283287261,1,-0.551762276493,0,0.602193757685,-0.0104464100734
reversal_12,ETHUSDT,19,0.0440668064672,0.0439777145172,0.0473684210526,0.314458779779,0.139852080289,0.554115795132,0.00885034548802,0.00586996165642,989748,52092,-8.90919499641e-05,12,52092,0.58843489942,0.58843489942,0.588301561758,0.567067200337,0.432854171243,0.77095800568,1.54253532212,1,-0.556131845578,0,0.602193757685,-0.0137588582652
reversal_12,FILUSDT,19,0.0440668064672,0.0429272800686,0.0438596491228,0.31463187513,0.136436526181,0.551831375259,0.00862746076239,0.00573550952468,989748,52092,-0.00113952639856,12,52092,0.63958347705,0.63958347705,0.639412189387,0.631791439694,0.50703581036,0.817564656844,1.54090359364,1,-0.486501593109,0,0.602193757685,0.0373897193654
reversal_12,LINKUSDT,19,0.0440668064672,0.0428426644032,0.0456140350877,0.315553429662,0.135769921592,0.55407740152,0.00884861691102,0.0058608425423,989748,52092,-0.00122414206405,12,52092,0.579007344859,0.579007344859,0.578824627481,0.577065673967,0.366123377728,0.798645350916,1.54391749213,1,-0.569380661713,0,0.602193757685,-0.0231864128258
reversal_12,LTCUSDT,19,0.0440668064672,0.0445341050606,0.0473684210526,0.316569265736,0.140677285766,0.553866236658,0.00888414800307,0.0058918292526,989748,52092,0.000467298593418,12,52092,0.572472741414,0.572472741414,0.572287488816,0.546793303055,0.44952539296,0.795257281937,1.54163307226,1,-0.577362981148,0,0.602193757685,-0.0297210162713
reversal_12,NEARUSDT,19,0.0440668064672,0.0430975928681,0.0456140350877,0.316928238263,0.135985335685,0.55288719957,0.00853293299977,0.00567599711209,989748,52092,-0.000969213599079,12,52092,0.511025528478,0.511025528478,0.510848794512,0.481727887527,0.304461811144,0.709677416606,1.54470456116,1,-0.661661280491,0,0.602193757685,-0.0911682292067
reversal_12,SOLUSDT,19,0.0440668064672,0.0439188935531,0.0473684210526,0.316944941977,0.138569472916,0.554595715273,0.00882615586617,0.00584589969664,989748,52092,-0.000147912914128,12,52092,0.584626659383,0.584626659383,0.584414037167,0.552275692252,0.434562355436,0.799901573721,1.54273688858,1,-0.56135111499,0,0.602193757685,-0.0175670983018
reversal_12,TRXUSDT,19,0.0440668064672,0.0460148688191,0.0491228070175,0.304757031392,0.150988702735,0.560911464332,0.00889134863542,0.00588182611705,989748,52092,0.00194806235195,12,52092,0.624382099396,0.624382099396,0.624236481482,0.59264353989,0.486124010501,0.819554074272,1.54965253782,1,-0.509899656039,0,0.602193757685,0.0221883417108
reversal_12,XLMUSDT,19,0.0440668064672,0.0453187994911,0.0508771929825,0.319192397162,0.14197957061,0.557340858481,0.00863836838424,0.00575803683675,989748,52092,0.0012519930239,12,52092,0.633184989174,0.633184989174,0.633016612662,0.598277937762,0.467133039327,0.882499932195,1.54397988175,1,-0.496126977405,0,0.602193757685,0.0309912314891
reversal_12,XRPUSDT,19,0.0440668064672,0.0434549469735,0.0473684210526,0.315595956508,0.137691710167,0.555229209859,0.00884798124945,0.00586706339014,989748,52092,-0.000611859493651,12,52092,0.625396039471,0.625396039471,0.625247075928,0.594352047198,0.45834430684,0.83102817058,1.54364393765,1,-0.506551496237,0,0.602193757685,0.0232022817858
ridge,ADAUSDT,19,0.00971280700294,0.00918784005787,0.00877192982456,0.297943296726,0.0308375457975,0.511134147278,0.00443971665089,0.00284240614744,989748,52092,-0.000524966945072,12,52092,0.299955619588,0.299955619588,0.299954957462,0.289049398751,-0.0571147951887,0.652291513917,1.36944252476,1,-0.839795396332,0,0.313785721713,-0.0138301021246
ridge,APTUSDT,19,0.00971280700294,0.00949136509878,0.00877192982456,0.293388246064,0.0323508703096,0.509943945327,0.00434528413458,0.00277205894102,989748,52092,-0.000221441904162,12,52092,0.311647945994,0.311647945994,0.31150543633,0.358252740105,-0.020105522101,0.601017446434,1.37153977578,1,-0.827033546306,0,0.313785721713,-0.00213777571916
ridge,ARBUSDT,19,0.00971280700294,0.00970378343479,0.0105263157895,0.293634298748,0.033047172882,0.511230131306,0.00436859158346,0.00278590128638,989748,52092,-9.02356815203e-06,12,52092,0.34977967159,0.34977967159,0.349433061875,0.321110396949,-0.0089545841964,0.67037382373,1.37701566459,1,-0.784338494028,0,0.313785721713,0.0359939498769
ridge,ATOMUSDT,19,0.00971280700294,0.00956892115406,0.0105263157895,0.301046383314,0.0317855376594,0.512573907702,0.00434414520352,0.00276622099562,989748,52092,-0.00014388584888,12,52092,0.265595637222,0.265595637222,0.265815267315,0.271634371777,-0.103192046755,0.508645415616,1.36826672042,1,-0.880258278853,0,0.313785721713,-0.0481900844915
ridge,AVAXUSDT,19,0.00971280700294,0.00951170248108,0.0105263157895,0.299458359603,0.0317630220566,0.511806035476,0.00443876660127,0.00284785743469,989748,52092,-0.000201104521855,12,52092,0.295277096925,0.295277096925,0.295302167657,0.311807403151,0.00838892411385,0.547931128433,1.37035437303,1,-0.845970818116,0,0.313785721713,-0.018508624788
ridge,BCHUSDT,19,0.00971280700294,0.00921219131673,0.00877192982456,0.297674351688,0.0309472121616,0.510174306995,0.00432306820874,0.00277017327245,989748,52092,-0.000500615686207,12,52092,0.323620585452,0.323620585452,0.323753319636,0.351728790581,0.0427666934327,0.684318400873,1.3732914843,1,-0.813686694974,0,0.313785721713,0.00983486373863
ridge,BNBUSDT,19,0.00971280700294,0.0108002075941,0.0122807017544,0.291485296947,0.0370523237613,0.514416801044,0.00443498830313,0.00283196313036,989748,52092,0.0010874005912,12,52092,0.315820840803,0.315820840803,0.31570417137,0.306495026217,-0.00204790751746,0.672696455852,1.38050468402,1,-0.827392979767,0,0.313785721713,0.00203511909027
ridge,BTCUSDT,19,0.00971280700294,0.0103841161544,0.0105263157895,0.290998755858,0.0356844005184,0.513591338401,0.00444613548009,0.0028421220354,989748,52092,0.000671309151434,12,52092,0.319972417644,0.319972417644,0.319668491872,0.303661725908,-0.023688204372,0.602858982577,1.3767085157,1,-0.820110992863,0,0.313785721713,0.00618669593123
ridge,DOGEUSDT,19,0.00971280700294,0.00950849449727,0.0105263157895,0.299298368356,0.0317692827712,0.511153344084,0.00443457553271,0.00283804978139,989748,52092,-0.000204312505674,12,52092,0.321887377049,0.321887377049,0.32190142719,0.304853307052,-0.00361252360741,0.673950025943,1.37145818936,1,-0.814682724406,0,0.313785721713,0.00810165533623
ridge,DOTUSDT,19,0.00971280700294,0.00843440781276,0.0105263157895,0.295454698084,0.0285472116959,0.511575673808,0.00440573818876,0.0028157690501,989748,52092,-0.00127839919018,12,52092,0.272629476857,0.272629476857,0.272739999829,0.272480397976,-0.112330208417,0.585389982524,1.36984085848,1,-0.872830510986,0,0.313785721713,-0.0411562448557
ridge,ETCUSDT,19,0.00971280700294,0.00989409849945,0.0105263157895,0.299455430797,0.0330403041051,0.511018966444,0.0044442934647,0.00284792778352,989748,52092,0.000181291496508,12,52092,0.313020880665,0.313020880665,0.312855509783,0.320914732838,-0.0765379520603,0.635343015632,1.37043595946,1,-0.824719738355,0,0.313785721713,-0.000764841048148
ridge,ETHUSDT,19,0.00971280700294,0.00962263655285,0.0105263157895,0.296158273237,0.0324915338264,0.511863625893,0.00444833871192,0.00284542401549,989748,52092,-9.01704500888e-05,12,52092,0.287269518259,0.287269518259,0.287115952815,0.243535567995,-0.0451952794999,0.584640036328,1.3736562236,1,-0.857644875908,0,0.313785721713,-0.0265162034536
ridge,FILUSDT,19,0.00971280700294,0.00928479086774,0.0105263157895,0.293852417216,0.031596782343,0.511594870614,0.00430333485606,0.00276731476562,989748,52092,-0.000428016135202,12,52092,0.365598632026,0.365598632026,0.365855393579,0.377994023722,0.0835133746356,0.677672525635,1.38208362129,1,-0.768073068238,0,0.313785721713,0.0518129103134
ridge,LINKUSDT,19,0.00971280700294,0.00974679437696,0.0105263157895,0.298522173831,0.0326501520871,0.512074790755,0.00446811627896,0.00286766409137,989748,52092,3.3987374019e-05,12,52092,0.305610620008,0.305610620008,0.305299417076,0.278490630656,0.00625451997798,0.642544672481,1.37081509637,1,-0.833846393689,0,0.313785721713,-0.00817510170491
ridge,LTCUSDT,19,0.00971280700294,0.0104948108827,0.0105263157895,0.297153096522,0.0353178580521,0.511633264225,0.00445273151171,0.002847852073,989748,52092,0.000782003879761,12,52092,0.301973772139,0.301973772139,0.301899754849,0.294975763799,-0.0460061974162,0.632103849107,1.37314750825,1,-0.839639846524,0,0.313785721713,-0.0118119495742
ridge,NEARUSDT,19,0.00971280700294,0.00867770667089,0.00877192982456,0.295708158849,0.0293455097914,0.510539046303,0.00418405734352,0.00270958817343,989748,52092,-0.00103510033205,12,52092,0.172435093346,0.172435093346,0.172281772765,0.145312773578,-0.0875714643985,0.483565663543,1.38294267834,1,-1.00255994977,0,0.313785721713,-0.141350628367
ridge,SOLUSDT,19,0.00971280700294,0.00970281565324,0.0105263157895,0.298473471349,0.0325081341715,0.512247562006,0.00444131613172,0.0028380462486,989748,52092,-9.99134970003e-06,12,52092,0.303977625003,0.303977625003,0.303792302654,0.284931138019,-0.00263606499963,0.627661142785,1.37328188589,1,-0.83731138971,0,0.313785721713,-0.0098080967097
ridge,TRXUSDT,19,0.00971280700294,0.0114364817002,0.0122807017544,0.286082264536,0.0399761995688,0.51501190202,0.00429030790727,0.00273578513718,989748,52092,0.00172367469723,12,52092,0.345284166872,0.345284166872,0.345207326413,0.352435747981,0.0463398567431,0.700941704116,1.39997984335,1,-0.802931937285,0,0.313785721713,0.0314984451593
ridge,XLMUSDT,19,0.00971280700294,0.00965774008421,0.00877192982456,0.299969609833,0.0321957283926,0.51090378561,0.00427041671986,0.00277501412681,989748,52092,-5.50669187287e-05,12,52092,0.226162243871,0.226162243871,0.226047512644,0.228043527089,-0.0959998560597,0.644934196988,1.3726387929,1,-0.930486957766,0,0.313785721713,-0.0876234778419
ridge,XRPUSDT,19,0.00971280700294,0.00947937437943,0.0105263157895,0.297370777903,0.0318772895114,0.512497120479,0.00443725125738,0.00284174848914,989748,52092,-0.000233432623513,12,52092,0.306147205981,0.306147205981,0.305924852874,0.276012452374,-0.0131928297677,0.569883592813,1.37342586194,1,-0.834788905593,0,0.313785721713,-0.00763851573153
tcn,ADAUSDT,19,0.00161125713583,0.00153481621095,0.00350877192982,0.277341459706,0.00553403091114,0.503685786685,0.00449981126188,0.00291146453396,989748,52092,-7.6440924878e-05,12,52092,-0.0594466062421,-0.0594466062421,-0.0596486997759,-0.0657722418911,-0.316522933219,0.181432595261,1.38736754204,1,-1.28758144661,0,-0.0434753305995,-0.0159712756426
tcn,APTUSDT,19,0.00161125713583,0.000982002975713,0.00175438596491,0.272850846669,0.00359904683347,0.502015664593,0.00440520306662,0.00284091881251,989748,52092,-0.000629254160117,12,52092,-0.0750251061618,-0.0750251061618,-0.0755702817395,-0.0415646928981,-0.393132969142,0.2402270374,1.38644129617,1,-1.3056422606,0,-0.0434753305995,-0.0315497755623
tcn,ARBUSDT,19,0.00161125713583,0.000918158639637,0.00175438596491,0.273943050551,0.00335164056103,0.500959840283,0.00442756959715,0.00285426471882,989748,52092,-0.000693098496193,12,52092,-0.0676784840422,-0.0676784840422,-0.0680340070796,-0.0566612745845,-0.372337173818,0.12688716432,1.38694041312,1,-1.29718643945,0,-0.0434753305995,-0.0242031534427
tcn,ATOMUSDT,19,0.00161125713583,0.00197288981561,0.00350877192982,0.278400254686,0.00708652302722,0.504242494049,0.00439988082318,0.002831874591,989748,52092,0.000361632679783,12,52092,-0.00461828381421,-0.00461828381421,-0.0049784280558,0.0626424745297,-0.304805789887,0.306461101279,1.39072698303,1,-1.22390318533,0,-0.0434753305995,0.0388570467853
tcn,AVAXUSDT,19,0.00161125713583,0.00146474041818,0.00350877192982,0.277160165937,0.00528481577873,0.502495584735,0.0044988589966,0.00291639551823,989748,52092,-0.000146516717652,12,52092,-0.0597743364613,-0.0597743364613,-0.0600433056861,-0.0506309085226,-0.325048932175,0.182689609085,1.38714677878,1,-1.28777479998,0,-0.0434753305995,-0.0162990058618
tcn,BCHUSDT,19,0.00161125713583,0.00158728060621,0.00350877192982,0.27913141747,0.00568649928625,0.504108116409,0.00438448339929,0.00283940046586,989748,52092,-2.39765296165e-05,12,52092,-0.0865251565597,-0.0865251565597,-0.0871718238646,-0.11648740846,-0.363097409524,0.233563761929,1.38498713814,1,-1.31822526958,0,-0.0434753305995,-0.0430498259602
tcn,BNBUSDT,19,0.00161125713583,0.0015349830362,0.00350877192982,0.273819723792,0.00560581617329,0.502821930431,0.00449533049761,0.0029014608431,989748,52092,-7.62740996342e-05,12,52092,-0.0576111145327,-0.0576111145327,-0.0578567931216,-0.0318728859639,-0.286514376513,0.127247394855,1.38832738232,1,-1.28623997186,0,-0.0434753305995,-0.0141357839332
tcn,BTCUSDT,19,0.00161125713583,0.00114897070282,0.00350877192982,0.269374037573,0.00426533571375,0.502783536819,0.00450700631592,0.00291258848536,989748,52092,-0.00046228643301,12,52092,-0.0550770888805,-0.0550770888805,-0.055228561008,-0.0271537455752,-0.300397900469,0.248024558146,1.42420141288,1,-1.31631463788,0,-0.0434753305995,-0.011601758281
tcn,DOGEUSDT,19,0.00161125713583,0.00197051897934,0.00350877192982,0.277197187412,0.00710872645478,0.504530446134,0.00449471214374,0.00290726761129,989748,52092,0.000359261843515,12,52092,-0.0393911938492,-0.0393911938492,-0.0397581503585,-0.0222572615171,-0.290972681664,0.180224631969,1.38794344621,1,-1.2637317873,0,-0.0434753305995,0.00408413675031
tcn,DOTUSDT,19,0.00161125713583,0.00131525128757,0.00175438596491,0.274308802027,0.00479478338958,0.502284419873,0.00446502030908,0.00288460379862,989748,52092,-0.000296005848258,12,52092,-0.0526869276353,-0.0526869276353,-0.0528764215984,-0.037961061593,-0.342689079409,0.197621102011,1.38585099439,1,-1.27796768949,0,-0.0434753305995,-0.00921159703576
tcn,ETCUSDT,19,0.00161125713583,0.00173807074865,0.00350877192982,0.277547469198,0.00626224679211,0.5033978346,0.00450140126993,0.00291350232904,989748,52092,0.000126813612816,12,52092,-0.0271652668762,-0.0271652668762,-0.027496873094,-0.0126964942879,-0.285084025391,0.230762980873,1.38703639714,1,-1.24805087527,0,-0.0434753305995,0.0163100637233
tcn,ETHUSDT,19,0.00161125713583,0.00198750622399,0.00526315789474,0.27238710672,0.00729662372026,0.50560546725,0.00450885717114,0.00291555502339,989748,52092,0.000376249088157,12,52092,-0.0152726836002,-0.0152726836002,-0.0155571211066,0.00469163713753,-0.313720520591,0.308472086417,1.41782807341,1,-1.26098633096,0,-0.0434753305995,0.0282026469993
tcn,FILUSDT,19,0.00161125713583,0.00198024172209,0.0043878898476,0.275186262518,0.00719600500391,0.504492052522,0.00436415435566,0.00283615230517,989748,52092,0.000368984586258,12,52092,-0.0432336564057,-0.0432336564057,-0.0433588500036,-0.0592236952166,-0.313415671624,0.24630471814,1.38599497044,1,-1.26662294227,0,-0.0434753305995,0.000241674193755
tcn,LINKUSDT,19,0.00161125713583,0.00155885764031,0.00350877192982,0.277341518567,0.00562071502443,0.503301850572,0.00452752448667,0.00293562499441,989748,52092,-5.23994955195e-05,12,52092,-0.0474963599733,-0.0474963599733,-0.0477819775895,-0.0327177219361,-0.300567616888,0.225820258094,1.38733874683,1,-1.27303148372,0,-0.0434753305995,-0.00402102937379
tcn,LTCUSDT,19,0.00161125713583,0.00192323248546,0.00350877192982,0.27833977413,0.00690965741952,0.504319281272,0.0045118426883,0.00291577427163,989748,52092,0.000311975349635,12,52092,-0.0429916634155,-0.0429916634155,-0.0431253284245,-0.00270058117541,-0.293377680754,0.16454414938,1.38545745988,1,-1.26583802867,0,-0.0434753305995,0.000483667183982
tcn,NEARUSDT,19,0.00161125713583,0.00229424729,0.00350877192982,0.276151963632,0.00830791590189,0.503378637795,0.00424510064663,0.00277869647007,989748,52092,0.000682990154167,12,52092,0.0458301353702,0.0458301353702,0.0458258936659,0.0628493217209,-0.230447895114,0.28658402991,1.38685882669,1,-1.15920983546,0,-0.0434753305995,0.0893054659697
tcn,SOLUSDT,19,0.00161125713583,0.00109527496516,0.00350877192982,0.27540277921,0.00397699314545,0.503148276127,0.00450188984258,0.00290824574085,989748,52092,-0.000515982170674,12,52092,-0.075163676962,-0.075163676962,-0.0753838990397,-0.0484328730255,-0.387729312136,0.229570912452,1.39600130538,1,-1.31481458937,0,-0.0434753305995,-0.0316883463625
tcn,TRXUSDT,19,0.00161125713583,0.00269813575363,0.00350877192982,0.278558649872,0.00968605984726,0.503935345159,0.00435093957629,0.00280521638804,989748,52092,0.0010868786178,12,52092,-0.0271397599151,-0.0271397599151,-0.0270157791569,-0.0426635684603,-0.339171175542,0.241947622581,1.38786665899,1,-1.24876693157,0,-0.0434753305995,0.0163355706844
tcn,XLMUSDT,19,0.00161125713583,0.000709420924519,0.00175438596491,0.278665074311,0.00254578341499,0.501132611533,0.00433063936179,0.00284377428225,989748,52092,-0.000901836211311,12,52092,-0.0549360370436,-0.0549360370436,-0.0550334275705,-0.0719263546781,-0.242606090274,0.233109918546,1.38643169777,1,-1.28123476252,0,-0.0434753305995,-0.0114607064441
tcn,XRPUSDT,19,0.00161125713583,0.00173457574551,0.00350877192982,0.27512007041,0.00630479536779,0.504453658911,0.00449757222452,0.00291138631132,989748,52092,0.000123318609681,12,52092,-0.0585321996683,-0.0585321996683,-0.058742849855,0.0304841181396,-0.351457753101,0.168263866706,1.38990152039,1,-1.28881983,0,-0.0434753305995,-0.0150568690688
transformer,ADAUSDT,19,0.0168335729212,0.0165462114272,0.0175438596491,0.332723570555,0.0497296040663,0.518217768563,0.00454010561991,0.00294650218594,989748,52092,-0.000287361493963,12,52092,0.278167051785,0.278167051785,0.278268065525,0.344543688983,-0.212987908,0.453531906858,0.986571834447,1,-0.623834688955,0,0.269975866632,0.0081911851525
transformer,APTUSDT,19,0.0168335729212,0.0164536309138,0.0157894736842,0.325914114942,0.0504845606847,0.517795438839,0.00444550800158,0.00287641834488,989748,52092,-0.000379942007414,12,52092,0.24544991346,0.24544991346,0.245173923027,0.25276928208,-0.0754751297167,0.514319653228,0.981854219458,1,-0.648991771165,0,0.269975866632,-0.0245259531718
transformer,ARBUSDT,19,0.0168335729212,0.0157825092068,0.0157894736842,0.325960666242,0.0484184468905,0.516778008139,0.00446816788795,0.00288932053062,989748,52092,-0.00105106371436,12,52092,0.204471472493,0.204471472493,0.204320909458,0.275642425328,-0.173524563366,0.44949050577,0.981820625048,1,-0.684214092921,0,0.269975866632,-0.0655043941388
transformer,ATOMUSDT,19,0.0168335729212,0.0177457735403,0.0175438596491,0.336280130272,0.0527708060716,0.518563311065,0.00444280818027,0.00287022925654,989748,52092,0.000912200619114,12,52092,0.363731052842,0.363731052842,0.363758118103,0.391128835448,-0.0318498367015,0.612364812369,0.985415226906,1,-0.549242459429,0,0.269975866632,0.0937551862097
transformer,AVAXUSDT,19,0.0168335729212,0.016374365667,0.0157894736842,0.332828340765,0.0491976303141,0.516470859249,0.00453863376914,0.00295098084861,989748,52092,-0.000459207254221,12,52092,0.241506948257,0.241506948257,0.24140110074,0.279119260671,-0.196478528823,0.445180719477,0.98726291945,1,-0.655976888631,0,0.269975866632,-0.0284689183754
transformer,BCHUSDT,19,0.0168335729212,0.0181782887406,0.0175438596491,0.333574440061,0.054495448564,0.518659295093,0.0044246119222,0.00287543634936,989748,52092,0.00134471581941,12,52092,0.327384261966,0.327384261966,0.327397971741,0.337088023131,-0.0863698691834,0.537927179908,0.981052752822,1,-0.578047452738,0,0.269975866632,0.0574083953338
transformer,BNBUSDT,19,0.0168335729212,0.0173525666945,0.0175438596491,0.323581067507,0.0536266439449,0.519542348153,0.00453708680019,0.00293833757465,989748,52092,0.0005189937733,12,52092,0.272550817913,0.272550817913,0.272293417324,0.308661392092,-0.159184140418,0.49534245237,0.995896682792,1,-0.63463066315,0,0.269975866632,0.00257495128079
transformer,BTCUSDT,19,0.0168335729212,0.0162991220436,0.0175438596491,0.321609314922,0.0506798817302,0.518428933425,0.0045475383457,0.00294772740163,989748,52092,-0.000534450877622,12,52092,0.248750712424,0.248750712424,0.248704231735,0.2430227115,-0.164576935455,0.499665580241,1.00865775935,1,-0.663791998652,0,0.269975866632,-0.0212251542084
transformer,DOGEUSDT,19,0.0168335729212,0.0171083759571,0.0175438596491,0.334149442367,0.0511997740767,0.517949013284,0.00453532399939,0.00294211973126,989748,52092,0.000274803035873,12,52092,0.252711779664,0.252711779664,0.252672594311,0.306595887443,-0.237752152762,0.440576946968,0.986351071182,1,-0.64568955807,0,0.269975866632,-0.017264086968
transformer,DOTUSDT,19,0.0168335729212,0.0161252470243,0.0162351924361,0.327202938789,0.0492820971718,0.517718651616,0.00450547018714,0.00291925190381,989748,52092,-0.000708325896895,12,52092,0.272401922937,0.272401922937,0.272117214893,0.324545443652,-0.162393286028,0.436291824763,0.978130039161,1,-0.623436529196,0,0.269975866632,0.00242605630477
transformer,ETCUSDT,19,0.0168335729212,0.0170537799296,0.0175438596491,0.33214632299,0.0513441779997,0.518889656761,0.00454343064641,0.00295001758007,989748,52092,0.000220207008351,12,52092,0.285219434197,0.285219434197,0.285187815377,0.327235904089,-0.106560226043,0.468291785866,0.986375067189,1,-0.61761655427,0,0.269975866632,0.0152435675654
transformer,ETHUSDT,19,0.0168335729212,0.0168592178501,0.0175438596491,0.327907353016,0.0514145769987,0.518332949397,0.00454873973057,0.00294963471779,989748,52092,2.56449288886e-05,12,52092,0.286486588917,0.286486588917,0.286380669451,0.313656334108,-0.107775048163,0.480177560802,0.992762804269,1,-0.620514227587,0,0.269975866632,0.0165107222849
transformer,FILUSDT,19,0.0168335729212,0.0168121118051,0.0175438596491,0.327861870379,0.051278032989,0.518294555786,0.00440388872375,0.00287101970814,989748,52092,-2.14611160879e-05,12,52092,0.27214542661,0.27214542661,0.271871218012,0.322183513304,-0.0311651479009,0.499597502668,0.980783997543,1,-0.625348471472,0,0.269975866632,0.00216955997799
transformer,LINKUSDT,19,0.0168335729212,0.0166874169143,0.0175438596491,0.333129775511,0.050092841112,0.518524917454,0.00456756417017,0.00296961684173,989748,52092,-0.000146156006856,12,52092,0.273345185126,0.273345185126,0.273507998592,0.312431182521,-0.150180028814,0.475585307912,0.988870651924,1,-0.629465235565,0,0.269975866632,0.003369318494
transformer,LTCUSDT,19,0.0168335729212,0.0170301652637,0.0175438596491,0.332981428168,0.0511444898213,0.518044997312,0.00455298957637,0.00295197798949,989748,52092,0.000196592342456,12,52092,0.272248742962,0.272248742962,0.272276795397,0.311249721073,-0.0637330042487,0.4733423952,0.983908277663,1,-0.62725146563,0,0.269975866632,0.00227287633025
transformer,NEARUSDT,19,0.0168335729212,0.0169942444513,0.0140350877193,0.329458532108,0.0515823473825,0.51443599785,0.00428532593803,0.00281491145721,989748,52092,0.000160671530124,12,52092,0.342417789328,0.342417789328,0.342167376593,0.362500969483,-0.112998820556,0.596086017787,0.981652652999,1,-0.565473173784,0,0.269975866632,0.0724419226962
transformer,SOLUSDT,19,0.0168335729212,0.0164640633172,0.0175438596491,0.332177907144,0.0495639925568,0.517949013284,0.00454237875331,0.00294293362239,989748,52092,-0.000369509604014,12,52092,0.257899510965,0.257899510965,0.257833488485,0.303415709298,-0.158653256072,0.470374154957,0.984527374645,1,-0.640021583664,0,0.269975866632,-0.012076355667
transformer,TRXUSDT,19,0.0168335729212,0.0167129998659,0.0175438596491,0.325391437822,0.0513627524368,0.51840973662,0.00439669026832,0.00284433518209,989748,52092,-0.000120573055327,12,52092,0.212171492976,0.212171492976,0.212023911727,0.219325153405,-0.141597581247,0.424685346508,1.00424729325,1,-0.693068989655,0,0.269975866632,-0.0578043736565
transformer,XLMUSDT,19,0.0168335729212,0.0163179616206,0.0166739814209,0.336854347728,0.0484421879387,0.517680258005,0.00437160895159,0.00288002975352,989748,52092,-0.000515611300587,12,52092,0.303414774885,0.303414774885,0.303345722353,0.291125947953,-0.0634612433526,0.549865038934,0.986595830454,1,-0.602029316901,0,0.269975866632,0.0334389082532
transformer,XRPUSDT,19,0.0168335729212,0.0170172391276,0.0175438596491,0.331462948672,0.0513397928662,0.518179374952,0.00453862136589,0.00294667836442,989748,52092,0.000183666206411,12,52092,0.258357433736,0.258357433736,0.258226588633,0.281367513188,-0.182706241972,0.449169501908,0.981983797896,1,-0.637974141898,0,0.269975866632,-0.0116184328962
