model,symbol,timestamp_count,long_selection_count,short_selection_count,active_selection_count,long_selection_fraction,short_selection_fraction,active_selection_fraction,mean_absolute_weight,mean_gross_return_contribution,cumulative_gross_log_return_contribution,absolute_cumulative_contribution,absolute_contribution_share,portfolio_gross_cumulative_log_return,absolute_contribution_rank
lightgbm,ADAUSDT,52092,493,45199,45692,0.00946402518621,0.867676418644,0.87714044383,0.109642555479,2.57272324581e-05,1.34018299321,1.34018299321,0.156348527579,0.725615832708,1
lightgbm,APTUSDT,52092,786,47064,47850,0.0150886892421,0.903478461184,0.918567150426,0.114820893803,1.40789548819e-05,0.733400917709,0.733400917709,0.0855600721621,0.725615832708,5
lightgbm,ARBUSDT,52092,777,43508,44285,0.0149159179912,0.835214620287,0.850130538278,0.106266317285,1.66362708676e-05,0.866616622035,0.866616622035,0.101101292523,0.725615832708,3
lightgbm,ATOMUSDT,52092,466,29360,29826,0.00894571143362,0.563618213929,0.572563925363,0.0715704906704,7.18439851251e-06,0.374249687313,0.374249687313,0.0436607447305,0.725615832708,9
lightgbm,AVAXUSDT,52092,500,3258,3758,0.00959840282577,0.0625431928127,0.0721415956385,0.00901769945481,5.34424887691e-06,0.278392612496,0.278392612496,0.0324778595709,0.725615832708,13
lightgbm,BCHUSDT,52092,1393,3114,4507,0.0267411502726,0.0597788527989,0.0865200030715,0.0108150003839,1.82775866816e-06,0.0952116045417,0.0952116045417,0.0111075832584,0.725615832708,16
lightgbm,BNBUSDT,52092,2257,651,2908,0.0433271903555,0.0124971204792,0.0558243108347,0.00697803885433,-1.61332055304e-07,-0.00840410942492,0.00840410942492,0.000980440835962,0.725615832708,20
lightgbm,BTCUSDT,52092,13475,906,14381,0.258676956154,0.0173923059203,0.276069262075,0.0345086577593,-7.70851601975e-06,-0.401552016501,0.401552016501,0.0468458910795,0.725615832708,8
lightgbm,DOGEUSDT,52092,2794,1836,4630,0.0536358749904,0.0352453351762,0.0888812101666,0.0111101512708,5.83795595008e-06,0.304110801351,0.304110801351,0.0354781968233,0.725615832708,11
lightgbm,DOTUSDT,52092,745,4858,5603,0.0143016202104,0.0932580818552,0.107559702066,0.0134449627582,-7.04408915414e-07,-0.0366940692218,0.0366940692218,0.00428080622035,0.725615832708,19
lightgbm,ETCUSDT,52092,693,1174,1867,0.0133033863165,0.0225370498349,0.0358404361514,0.00448005451893,-1.32840360832e-06,-0.0691992007644,0.0691992007644,0.00807292228303,0.725615832708,18
lightgbm,ETHUSDT,52092,14243,1335,15578,0.273420102895,0.0256277355448,0.29904783844,0.037380979805,-3.37341832068e-06,-0.175728107161,0.175728107161,0.0205008054484,0.725615832708,15
lightgbm,FILUSDT,52092,1631,7836,9467,0.0313099900177,0.150426169085,0.181736159103,0.0227170198879,-5.12798828294e-06,-0.267127165635,0.267127165635,0.0311636091752,0.725615832708,14
lightgbm,LINKUSDT,52092,853,778,1631,0.0163748752208,0.0149351147969,0.0313099900177,0.00391374875221,-1.452891766e-06,-0.0756840378743,0.0756840378743,0.00882945683006,0.725615832708,17
lightgbm,LTCUSDT,52092,4366,553,4919,0.0838132534746,0.0106158335253,0.0944290869999,0.011803635875,-8.26452900474e-06,-0.430515844915,0.430515844915,0.0502248713745,0.725615832708,7
lightgbm,NEARUSDT,52092,3529,10518,14047,0.0677455271443,0.201912001843,0.269657528987,0.0337071911234,-1.7814827356e-05,-0.928009986629,0.928009986629,0.108263569769,0.725615832708,2
lightgbm,SOLUSDT,52092,42594,917,43511,0.817668739922,0.0176034707825,0.835272210704,0.104409026338,-1.28851542967e-05,-0.671213457625,0.671213457625,0.0783051540895,0.725615832708,6
lightgbm,TRXUSDT,52092,37055,433,37488,0.711337633418,0.00831221684712,0.719649850265,0.0899562312831,5.72788054972e-06,0.298376753596,0.298376753596,0.0348092509196,0.725615832708,12
lightgbm,XLMUSDT,52092,32992,4197,37189,0.633341012056,0.0805689933195,0.713910005375,0.0892387506719,6.87531531193e-06,0.358148925229,0.358148925229,0.0417823964321,0.725615832708,10
lightgbm,XRPUSDT,52092,46726,873,47599,0.896989940874,0.0167588113338,0.913748752208,0.114218594026,-1.64890403328e-05,-0.858947089019,0.858947089019,0.100206548895,0.725615832708,4
mlp,ADAUSDT,52092,8747,9277,18024,0.167914459034,0.178088766029,0.346003225063,0.0432504031329,-1.51133711396e-07,-0.00787285729404,0.00787285729404,0.00261119792191,0.408053177433,19
mlp,APTUSDT,52092,7383,13488,20871,0.141730016125,0.258926514628,0.400656530753,0.0500820663442,6.28622802171e-06,0.327462190107,0.327462190107,0.108609690024,0.408053177433,3
mlp,ARBUSDT,52092,7903,14494,22397,0.151712355064,0.278238501113,0.429950856178,0.0537438570222,-1.11237158207e-06,-0.0579456604533,0.0579456604533,0.0192188912498,0.408053177433,16
mlp,ATOMUSDT,52092,8948,15598,24546,0.17177301697,0.299431774553,0.471204791523,0.0589005989403,-1.52599802648e-06,-0.0794922891952,0.0794922891952,0.0263652817016,0.408053177433,13
mlp,AVAXUSDT,52092,7940,9111,17051,0.152422636873,0.174902096291,0.327324733164,0.0409155916456,-2.34171727091e-06,-0.121984736076,0.121984736076,0.0404587911922,0.408053177433,8
mlp,BCHUSDT,52092,10156,11499,21655,0.194962758197,0.220744068187,0.415706826384,0.051963353298,-7.90537474132e-06,-0.411806781025,0.411806781025,0.136584339164,0.408053177433,2
mlp,BNBUSDT,52092,13192,6955,20147,0.253244260155,0.133513783306,0.386758043462,0.0483447554327,-2.42262064582e-06,-0.126199154682,0.126199154682,0.0418565913422,0.408053177433,7
mlp,BTCUSDT,52092,18102,4043,22145,0.347500575904,0.0776126852492,0.425113261153,0.0531391576442,1.90122072465e-06,0.0990383899882,0.0990383899882,0.0328481551827,0.408053177433,11
mlp,DOGEUSDT,52092,10756,7779,18535,0.206480841588,0.149331951163,0.355812792751,0.0444765990939,-8.94111685595e-07,-0.046576065926,0.046576065926,0.0154479272282,0.408053177433,17
mlp,DOTUSDT,52092,9245,12667,21912,0.177474468248,0.243165937188,0.420640405437,0.0525800506796,1.00098263645e-05,0.52143187498,0.52143187498,0.172943796326,0.408053177433,1
mlp,ETCUSDT,52092,7757,12641,20398,0.148909621439,0.242666820241,0.39157644168,0.04894705521,4.01686499982e-06,0.20924653157,0.20924653157,0.0694009922949,0.408053177433,6
mlp,ETHUSDT,52092,16634,5059,21693,0.319319665208,0.0971166397911,0.416436304999,0.0520545381249,1.21755147068e-07,0.00634246912105,0.00634246912105,0.00210361264914,0.408053177433,20
mlp,FILUSDT,52092,8916,14563,23479,0.171158719189,0.279563080703,0.450721799892,0.0563402249866,6.12588117787e-06,0.319109402318,0.319109402318,0.105839313107,0.408053177433,4
mlp,LINKUSDT,52092,7651,8489,16140,0.14687476004,0.162961683176,0.309836443216,0.038729555402,1.15785157081e-06,0.0603148040267,0.0603148040267,0.0200046673085,0.408053177433,15
mlp,LTCUSDT,52092,9438,9953,19391,0.181179451739,0.19106580665,0.372245258389,0.0465306572986,1.72854719027e-06,0.0900434802356,0.0900434802356,0.0298648050753,0.408053177433,12
mlp,NEARUSDT,52092,8260,15450,23710,0.158565614682,0.296590647316,0.455156261998,0.0568945327498,1.27167730053e-06,0.0662442139394,0.0662442139394,0.0219712802247,0.408053177433,14
mlp,SOLUSDT,52092,13465,6594,20059,0.258484988098,0.126583736466,0.385068724564,0.0481335905705,-2.27256049817e-06,-0.118382221471,0.118382221471,0.039263941813,0.408053177433,9
mlp,TRXUSDT,52092,12638,11235,23873,0.242609229824,0.215676111495,0.458285341319,0.0572856676649,-4.13244701717e-06,-0.215267430018,0.215267430018,0.0713979492989,0.408053177433,5
mlp,XLMUSDT,52092,8375,12609,20984,0.160773247332,0.24205252246,0.402825769792,0.050353221224,-2.26454183293e-06,-0.117964513161,0.117964513161,0.0391254001083,0.408053177433,10
mlp,XRPUSDT,52092,12862,6864,19726,0.24690931429,0.131766873992,0.378676188282,0.0473345235353,2.36342057286e-07,0.0123115304481,0.0123115304481,0.00408337678698,0.408053177433,18
momentum_12,ADAUSDT,52092,7838,8572,16410,0.150464562697,0.164555018045,0.315019580742,0.0393774475927,-4.54098485895e-06,-0.236548983272,0.236548983272,0.0287888910727,-4.89448975682,14
momentum_12,APTUSDT,52092,13416,14568,27984,0.257544344621,0.279659064732,0.537203409353,0.0671504261691,-5.80871306102e-06,-0.302587480775,0.302587480775,0.036826021839,-4.89448975682,11
momentum_12,ARBUSDT,52092,12614,13320,25934,0.242148506489,0.255701451279,0.497849957767,0.0622312447209,-8.70388098569e-06,-0.453402568306,0.453402568306,0.0551807789257,-4.89448975682,7
momentum_12,ATOMUSDT,52092,14180,14038,28218,0.272210704139,0.269484757736,0.541695461875,0.0677119327344,-1.25964133296e-05,-0.656172363165,0.656172363165,0.0798586171318,-4.89448975682,3
momentum_12,AVAXUSDT,52092,7074,7302,14376,0.135798203179,0.140175074868,0.275973278047,0.0344966597558,4.14926900872e-06,0.216143721202,0.216143721202,0.0263054947844,-4.89448975682,16
momentum_12,BCHUSDT,52092,13400,13481,26881,0.257237195731,0.258792136988,0.516029332719,0.0645036665899,-4.45577108012e-06,-0.232110027105,0.232110027105,0.0282486535971,-4.89448975682,15
momentum_12,BNBUSDT,52092,9462,8766,18228,0.181640175075,0.168279198341,0.349919373416,0.043739921677,6.48302350358e-06,0.337713660349,0.337713660349,0.0411010085397,-4.89448975682,9
momentum_12,BTCUSDT,52092,8477,7543,16020,0.162731321508,0.14480150503,0.307532826538,0.0384416033172,2.74803690611e-06,0.143150738513,0.143150738513,0.0174219773047,-4.89448975682,18
momentum_12,DOGEUSDT,52092,8327,8418,16745,0.15985180066,0.161598709975,0.321450510635,0.0401813138294,1.99232576319e-06,0.103784233656,0.103784233656,0.0126309272458,-4.89448975682,19
momentum_12,DOTUSDT,52092,10522,11187,21709,0.201988789065,0.214754664824,0.416743453889,0.0520929317362,-4.06707694512e-06,-0.211862172225,0.211862172225,0.0257844143494,-4.89448975682,17
momentum_12,ETCUSDT,52092,7496,7652,15148,0.143899255164,0.146893956846,0.29079321201,0.0363491515012,-5.50348626129e-06,-0.286687606323,0.286687606323,0.0348909479811,-4.89448975682,13
momentum_12,ETHUSDT,52092,7747,7482,15229,0.148717653382,0.143630499885,0.292348153267,0.0365435191584,-9.78178410637e-06,-0.509552697669,0.509552697669,0.0620144585111,-4.89448975682,6
momentum_12,FILUSDT,52092,13417,13839,27256,0.257563541427,0.265664593412,0.523228134838,0.0654035168548,-5.8864655319e-06,-0.306637762488,0.306637762488,0.0373189561879,-4.89448975682,10
momentum_12,LINKUSDT,52092,5708,5659,11367,0.109575366659,0.108634723182,0.218210089841,0.0272762612301,-1.35579880128e-05,-0.706262711561,0.706262711561,0.0859547988351,-4.89448975682,2
momentum_12,LTCUSDT,52092,8291,7389,15680,0.159160715657,0.141845196959,0.301005912616,0.037625739077,-1.23603673293e-05,-0.64387625492,0.64387625492,0.0783621350249,-4.89448975682,4
momentum_12,NEARUSDT,52092,15555,15335,30890,0.29860631191,0.294383014666,0.592989326576,0.074123665822,-3.09223735109e-05,-1.61080828093,1.61080828093,0.196041358949,-4.89448975682,1
momentum_12,SOLUSDT,52092,8911,8282,17193,0.171062735161,0.158987944406,0.330050679567,0.0412563349459,-7.66094307878e-06,-0.39907384686,0.39907384686,0.0485687714581,-4.89448975682,8
momentum_12,TRXUSDT,52092,17326,15306,32632,0.332603854719,0.293826307302,0.626430162021,0.0783037702526,4.12652782232e-07,0.0214959087321,0.0214959087321,0.0026161320435,-4.89448975682,20
momentum_12,XLMUSDT,52092,10933,12267,23200,0.209878676188,0.235487214927,0.445365891116,0.0556707363895,5.53252244631e-06,0.288200159273,0.288200159273,0.0350750313008,-4.89448975682,12
momentum_12,XRPUSDT,52092,7674,7962,15636,0.14731628657,0.152844966598,0.300161253167,0.0375201566459,1.05698490566e-05,0.550604577056,0.550604577056,0.0670106249187,-4.89448975682,5
reversal_12,ADAUSDT,52092,8518,7876,16394,0.16351839054,0.151194041312,0.314712431851,0.0393390539814,4.70765214187e-06,0.245231015374,0.245231015374,0.0299821881567,4.88678728877,14
reversal_12,APTUSDT,52092,14556,13426,27982,0.279428703064,0.257736312678,0.537165015741,0.0671456269677,5.70687238974e-06,0.297282396526,0.297282396526,0.0363460418524,4.88678728877,11
reversal_12,ARBUSDT,52092,13258,12668,25926,0.254511249328,0.243185133994,0.497696383322,0.0622120479152,8.6913850821e-06,0.452751631697,0.452751631697,0.0553538653707,4.88678728877,7
reversal_12,ATOMUSDT,52092,14012,14217,28229,0.268985640789,0.272920985948,0.541906626737,0.0677383283422,1.26927004231e-05,0.661188150442,0.661188150442,0.0808375217271,4.88678728877,3
reversal_12,AVAXUSDT,52092,7301,7077,14378,0.140155878062,0.135855793596,0.276011671658,0.0345014589572,-4.07466615009e-06,-0.21225750909,0.21225750909,0.0259508144412,4.88678728877,16
reversal_12,BCHUSDT,52092,13482,13404,26886,0.258811333794,0.257313982953,0.516125316747,0.0645156645934,4.4569100166e-06,0.232169356585,0.232169356585,0.0283852567454,4.88678728877,15
reversal_12,BNBUSDT,52092,8764,9462,18226,0.16824080473,0.181640175075,0.349880979805,0.0437351224756,-6.50145024379e-06,-0.3386735461,0.3386735461,0.0414065650193,4.88678728877,9
reversal_12,BTCUSDT,52092,7543,8478,16021,0.14480150503,0.162750518314,0.307552023343,0.0384440029179,-2.74973667957e-06,-0.143239283112,0.143239283112,0.0175125774003,4.88678728877,18
reversal_12,DOGEUSDT,52092,8417,8337,16754,0.161579513169,0.160043768717,0.321623281886,0.0402029102357,-1.84515378445e-06,-0.0961177509394,0.0961177509394,0.0117514519501,4.88678728877,19
reversal_12,DOTUSDT,52092,11183,10543,21726,0.214677877601,0.202391921984,0.417069799585,0.0521337249482,3.91888889911e-06,0.204142760533,0.204142760533,0.0249586972013,4.88678728877,17
reversal_12,ETCUSDT,52092,7659,7487,15146,0.147028334485,0.143726483913,0.290754818398,0.0363443522998,5.52279611097e-06,0.287693495012,0.287693495012,0.0351736932041,4.88678728877,12
reversal_12,ETHUSDT,52092,7482,7746,15228,0.143630499885,0.148698456577,0.292328956462,0.0365411195577,9.78508893586e-06,0.509724852847,0.509724852847,0.0623194681262,4.88678728877,6
reversal_12,FILUSDT,52092,13871,13383,27254,0.266278891193,0.256910850035,0.523189741227,0.0653987176534,6.07478404543e-06,0.316447650495,0.316447650495,0.0386892048886,4.88678728877,10
reversal_12,LINKUSDT,52092,5663,5704,11367,0.108711510405,0.109498579436,0.218210089841,0.0272762612301,1.35093757031e-05,0.703730399124,0.703730399124,0.0860387794173,4.88678728877,2
reversal_12,LTCUSDT,52092,7404,8267,15671,0.142133149044,0.158699992321,0.300833141365,0.0376041426707,1.22741530103e-05,0.639385178611,0.639385178611,0.0781718686783,4.88678728877,4
reversal_12,NEARUSDT,52092,15396,15486,30882,0.295554019811,0.29728173232,0.592835752131,0.0741044690164,3.04908913383e-05,1.58833151159,1.58833151159,0.194190992371,4.88678728877,1
reversal_12,SOLUSDT,52092,8298,8901,17199,0.159295093296,0.170870767104,0.330165860401,0.0412707325501,7.58133595478e-06,0.394926952557,0.394926952557,0.0482841625135,4.88678728877,8
reversal_12,TRXUSDT,52092,15314,17317,32631,0.293979881748,0.332431083468,0.626410965215,0.0783013706519,-4.39940865178e-07,-0.0229173995489,0.0229173995489,0.00280190409148,4.88678728877,20
reversal_12,XLMUSDT,52092,12275,10926,23201,0.235640789373,0.209744298549,0.445385087921,0.0556731359902,-5.47533827766e-06,-0.28522132156,0.28522132156,0.0348714428158,4.88678728877,13
reversal_12,XRPUSDT,52092,7972,7663,15635,0.153036934654,0.147105121708,0.300142056362,0.0375177570452,-1.05158422075e-05,-0.547791252274,0.547791252274,0.0669735040291,4.88678728877,5
ridge,ADAUSDT,52092,10956,6249,17205,0.210320202718,0.119960838516,0.330281041235,0.0412851301543,-3.28270208996e-06,-0.17100251727,0.17100251727,0.0396576234064,2.27724496283,10
ridge,APTUSDT,52092,17023,6555,23578,0.326787222606,0.125835061046,0.452622283652,0.0565777854565,-1.25420790956e-06,-0.0653341984247,0.0653341984247,0.0151518181022,2.27724496283,16
ridge,ARBUSDT,52092,19107,5594,24701,0.366793365584,0.107386930815,0.474180296399,0.0592725370498,-6.65577696767e-06,-0.3467127338,0.3467127338,0.0804070211757,2.27724496283,5
ridge,ATOMUSDT,52092,13496,12096,25592,0.259080089073,0.232204561161,0.491284650234,0.0614105812793,4.56420609277e-06,0.237758623784,0.237758623784,0.055139199786,2.27724496283,9
ridge,AVAXUSDT,52092,7460,8725,16185,0.14320817016,0.16749212931,0.31070029947,0.0388375374338,6.79615175061e-06,0.354025136993,0.354025136993,0.0821028589719,2.27724496283,4
ridge,BCHUSDT,52092,8064,13777,21841,0.154803040774,0.264474391461,0.419277432235,0.0524096790294,2.66805283174e-06,0.138984208111,0.138984208111,0.0322321768866,2.27724496283,11
ridge,BNBUSDT,52092,2892,18447,21339,0.0555171619443,0.354123473854,0.409640635798,0.0512050794748,1.31643659827e-06,0.0685758152771,0.0685758152771,0.0159035896106,2.27724496283,15
ridge,BTCUSDT,52092,3176,14046,17222,0.0609690547493,0.269638332182,0.330607386931,0.0413259233664,5.17468489093e-06,0.269559685338,0.269559685338,0.0625142638679,2.27724496283,8
ridge,DOGEUSDT,52092,7987,7590,15577,0.153324886739,0.145703754895,0.299028641634,0.0373785802043,1.95733416897e-06,0.10196145153,0.10196145153,0.023646136392,2.27724496283,13
ridge,DOTUSDT,52092,16627,6607,23234,0.319185287568,0.12683329494,0.446018582508,0.0557523228135,9.78125166328e-06,0.509524961644,0.509524961644,0.118165213984,2.27724496283,2
ridge,ETCUSDT,52092,7271,11887,19158,0.139579973892,0.22819242878,0.367772402672,0.045971550334,1.32470920598e-06,0.0690067519578,0.0690067519578,0.0160035292189,2.27724496283,14
ridge,ETHUSDT,52092,5874,7459,13333,0.112762036397,0.143188973355,0.255951009752,0.031993876219,5.53751046986e-06,0.288459995396,0.288459995396,0.0668974822584,2.27724496283,7
ridge,FILUSDT,52092,23251,5632,28883,0.446344928204,0.108116409429,0.554461337633,0.0693076672042,-7.64352642088e-06,-0.398166578317,0.398166578317,0.0923398115301,2.27724496283,3
ridge,LINKUSDT,52092,6151,8925,15076,0.118079551563,0.17133149044,0.289411042003,0.0361763802503,1.23695915047e-06,0.0644356760665,0.0644356760665,0.0149434395246,2.27724496283,17
ridge,LTCUSDT,52092,5152,14865,20017,0.0989019427167,0.28536051601,0.384262458727,0.0480328073409,5.73889272337e-06,0.298950399746,0.298950399746,0.0693303382873,2.27724496283,6
ridge,NEARUSDT,52092,23309,6076,29385,0.447458342932,0.116639791139,0.56409813407,0.0705122667588,1.47222366343e-05,0.766910750756,0.766910750756,0.177856198993,2.27724496283,1
ridge,SOLUSDT,52092,7768,6080,13848,0.149120786301,0.116716578361,0.265837364663,0.0332296705828,2.66628786401e-07,0.0138892267412,0.0138892267412,0.00322108546881,2.27724496283,19
ridge,TRXUSDT,52092,4744,28407,33151,0.0910696460109,0.545323658143,0.636393304154,0.0795491630193,3.39709847119e-09,0.000176961653561,0.000176961653561,4.10396216754e-05,2.27724496283,20
ridge,XLMUSDT,52092,12191,9701,21892,0.234028257698,0.186228211626,0.420256469324,0.0525320586654,2.1574958931e-06,0.112388276064,0.112388276064,0.0260642474659,2.27724496283,12
ridge,XRPUSDT,52092,5869,9650,15519,0.112666052369,0.185249174537,0.297915226906,0.0372394033633,-6.93905598119e-07,-0.0361469304172,0.0361469304172,0.00838292544852,2.27724496283,18
tcn,ADAUSDT,52092,7275,7836,15111,0.139656761115,0.150426169085,0.2900829302,0.0362603662751,-3.61277965013e-06,-0.188196917535,0.188196917535,0.0359235006452,-0.319237178826,10
tcn,APTUSDT,52092,9102,13918,23020,0.17472932504,0.267181141058,0.441910466098,0.0552388082623,6.45570365147e-06,0.336290514613,0.336290514613,0.0641919786833,-0.319237178826,7
tcn,ARBUSDT,52092,9211,13196,22407,0.176821776856,0.253321047378,0.430142824234,0.0537678530293,8.78638486792e-06,0.45770036054,0.45770036054,0.0873669952332,-0.319237178826,6
tcn,ATOMUSDT,52092,10495,16120,26615,0.201470475313,0.309452507103,0.510922982416,0.063865372802,8.98076633981e-06,0.467826080173,0.467826080173,0.0892998180474,-0.319237178826,5
tcn,AVAXUSDT,52092,6624,8906,15530,0.127159640636,0.170966751133,0.298126391768,0.0372657989711,4.08603039636e-06,0.212849495407,0.212849495407,0.0406292466728,-0.319237178826,9
tcn,BCHUSDT,52092,8797,12123,20920,0.168874299317,0.232722874914,0.40159717423,0.0501996467788,-2.8886622193e-06,-0.150476192328,0.150476192328,0.028723273808,-0.319237178826,11
tcn,BNBUSDT,52092,9930,7876,17806,0.19062428012,0.151194041312,0.341818321431,0.0427272901789,-1.7966451608e-06,-0.0935908397165,0.0935908397165,0.0178648547223,-0.319237178826,14
tcn,BTCUSDT,52092,23254,5525,28779,0.446402518621,0.106062351225,0.552464869846,0.0690581087307,-1.33466509459e-05,-0.695253741074,0.695253741074,0.132711781591,-0.319237178826,2
tcn,DOGEUSDT,52092,9485,5887,15372,0.182081701605,0.113011594871,0.295093296475,0.0368866620594,5.20972051932e-07,0.0271384761292,0.0271384761292,0.00518026053513,-0.319237178826,19
tcn,DOTUSDT,52092,7535,12275,19810,0.144647930584,0.235640789373,0.380288719957,0.0475360899946,4.65609569778e-06,0.242545337089,0.242545337089,0.0462976635724,-0.319237178826,8
tcn,ETCUSDT,52092,8306,13142,21448,0.159448667742,0.252284419873,0.411733087614,0.0514666359518,-6.09633397223e-07,-0.0317570229282,0.0317570229282,0.00606186035666,-0.319237178826,18
tcn,ETHUSDT,52092,21324,5111,26435,0.409352683713,0.098114873685,0.507467557398,0.0634334446748,-1.59040143925e-05,-0.828471917733,0.828471917733,0.158140801991,-0.319237178826,1
tcn,FILUSDT,52092,9043,13886,22929,0.173596713507,0.266566843277,0.440163556784,0.055020444598,1.05794359863e-06,0.0551103979397,0.0551103979397,0.0105196112767,-0.319237178826,15
tcn,LINKUSDT,52092,6387,7729,14116,0.122609997696,0.148372110881,0.270982108577,0.0338727635721,2.76747349404e-06,0.144163229252,0.144163229252,0.0275182395486,-0.319237178826,12
tcn,LTCUSDT,52092,7220,11081,18301,0.138600936804,0.212719803425,0.351320740229,0.0439150925286,3.85227284482e-07,0.0200672597033,0.0200672597033,0.00383048897049,-0.319237178826,20
tcn,NEARUSDT,52092,9360,15232,24592,0.179682100898,0.292405743684,0.472087844583,0.0590109805728,-1.14354184588e-05,-0.595693818355,0.595693818355,0.113707533303,-0.319237178826,3
tcn,SOLUSDT,52092,14856,4619,19475,0.285187744759,0.0886700453045,0.373857790064,0.046732223758,-6.84002270682e-07,-0.0356310462844,0.0356310462844,0.00680134367211,-0.319237178826,17
tcn,TRXUSDT,52092,10053,14906,24959,0.192985487215,0.286147585042,0.479133072257,0.0598916340321,-2.16099579442e-06,-0.112570592923,0.112570592923,0.0214877577192,-0.319237178826,13
tcn,XLMUSDT,52092,8850,13374,22224,0.169891730016,0.256738078784,0.4266298088,0.0533287261,9.52358405831e-06,0.496102540766,0.496102540766,0.0946972999172,-0.319237178826,4
tcn,XRPUSDT,52092,11261,5626,16887,0.216175228442,0.108001228596,0.324176457038,0.0405220571297,-9.09713229679e-07,-0.0473887815604,0.0473887815604,0.00904568973425,-0.319237178826,16
transformer,ADAUSDT,52092,4597,8933,13530,0.0882477155801,0.171485064885,0.259732780465,0.0324665975582,5.42703715144e-06,0.282705219293,0.282705219293,0.0432483368534,1.41891891166,10
transformer,APTUSDT,52092,4536,19882,24418,0.0870767104354,0.381670889964,0.468747600399,0.0585934500499,2.19982203001e-05,1.14593129187,1.14593129187,0.175304943594,1.41891891166,1
transformer,ARBUSDT,52092,4023,21109,25132,0.0772287491361,0.405225370498,0.482454119634,0.0603067649543,2.18287400031e-05,1.13710272424,1.13710272424,0.173954346432,1.41891891166,2
transformer,ATOMUSDT,52092,4345,21377,25722,0.0834101205559,0.410370114413,0.493780234969,0.0617225293711,7.34852706871e-07,0.0382799472063,0.0382799472063,0.00585607883594,1.41891891166,18
transformer,AVAXUSDT,52092,6052,6940,12992,0.116179067803,0.133225831222,0.249404899025,0.0311756123781,-2.01353151332e-06,-0.104888883592,0.104888883592,0.0160459356962,1.41891891166,15
transformer,BCHUSDT,52092,12812,8171,20983,0.245949474008,0.156857098979,0.402806572986,0.0503508216233,-6.31437411427e-06,-0.32892837636,0.32892837636,0.0503195705303,1.41891891166,7
transformer,BNBUSDT,52092,23154,3590,26744,0.444482838056,0.068916532289,0.513399370345,0.0641749212931,-9.82661225028e-06,-0.511887885341,0.511887885341,0.078308776017,1.41891891166,4
transformer,BTCUSDT,52092,31302,1152,32454,0.600898410504,0.0221147201106,0.623013130615,0.0778766413269,-6.00099248765e-06,-0.312603700667,0.312603700667,0.0478222163067,1.41891891166,8
transformer,DOGEUSDT,52092,9014,5032,14046,0.173040006143,0.0965983260385,0.269638332182,0.0337047915227,4.08714007789e-08,0.00212907300937,0.00212907300937,0.00032570628489,1.41891891166,20
transformer,DOTUSDT,52092,3847,17958,21805,0.0738501113415,0.34473623589,0.418586347232,0.052323293404,1.00897701197e-05,0.525596305075,0.525596305075,0.0804058945486,1.41891891166,3
transformer,ETCUSDT,52092,4360,10925,15285,0.0836980726407,0.209725101743,0.293423174384,0.036677896798,-4.88272418409e-06,-0.254350868197,0.254350868197,0.0389106789549,1.41891891166,11
transformer,ETHUSDT,52092,21156,1437,22593,0.406127620364,0.0275858097213,0.433713430085,0.0542141787607,-9.64723445256e-06,-0.502543737103,0.502543737103,0.0768793051652,1.41891891166,5
transformer,FILUSDT,52092,4426,21886,26312,0.0849650618137,0.42014128849,0.505106350303,0.0631382937879,7.77940212056e-06,0.405244615264,0.405244615264,0.0619944537028,1.41891891166,6
transformer,LINKUSDT,52092,5719,6412,12131,0.109786531521,0.123089917838,0.232876449359,0.0291095561699,-1.83102152064e-06,-0.0953815730532,0.0953815730532,0.0145915042224,1.41891891166,16
transformer,LTCUSDT,52092,8835,7068,15903,0.169603777931,0.135683022345,0.305286800276,0.0381608500346,1.03648255545e-06,0.0539924492783,0.0539924492783,0.00825978253876,1.41891891166,17
transformer,NEARUSDT,52092,4989,21568,26557,0.0957728633955,0.414036704292,0.509809567688,0.063726195961,4.21091472296e-06,0.219354969748,0.219354969748,0.0335569949712,1.41891891166,12
transformer,SOLUSDT,52092,12740,2635,15375,0.244567304001,0.0505835828918,0.295150886892,0.0368938608616,-2.95047371093e-06,-0.15369607655,0.15369607655,0.0235124760282,1.41891891166,14
transformer,TRXUSDT,52092,23946,5799,29745,0.459686708132,0.111322275973,0.571008984105,0.0713761230131,3.21579082453e-06,0.167516975631,0.167516975631,0.0256268016873,1.41891891166,13
transformer,XLMUSDT,52092,4798,13249,18047,0.0921062735161,0.254338478077,0.346444751593,0.0433055939492,-1.66530805644e-07,-0.0086749227276,0.0086749227276,0.00132709251438,1.41891891166,19
transformer,XRPUSDT,52092,13717,3245,16962,0.263322583122,0.0622936343392,0.325616217461,0.0407020271827,-5.48987628381e-06,-0.285978635376,0.285978635376,0.0437491051158,1.41891891166,9
